gender,age,internet,family_support,school_support,parental_education,study_time_hours,attendance_pct,absences,failures,math_score,reading_score,writing_score
Male,17,Yes,Yes,Yes,High School,24.0,56.4,3,1,76,71,79
Female,17,Yes,Yes,No,No Formal Education,14.0,85.8,20,0,76,87,86
Male,17,Yes,No,Yes,Bachelor,23.0,79.0,9,2,84,81,83
Male,19,Yes,No,Yes,Master,22.0,86.4,13,0,80,96,75
Male,19,No,Yes,No,High School,27.0,60.1,16,0,90,87,83
Female,15,Yes,No,Yes,Bachelor,15.0,91.3,5,1,86,89,72
Female,15,Yes,Yes,No,Bachelor,1.0,85.8,22,1,77,67,57
Male,16,Yes,Yes,Yes,Bachelor,29.0,99.8,24,0,100,100,100
Male,15,No,No,No,PhD,27.0,74.6,29,0,85,89,81
Female,18,No,Yes,No,High School,23.0,79.9,2,0,88,93,85
Female,19,Yes,Yes,No,Bachelor,1.0,98.7,27,0,84,75,77
Female,17,Yes,No,No,High School,14.0,89.5,22,0,81,86,78
Male,15,Yes,Yes,No,No Formal Education,16.0,57.0,6,2,74,69,55
Female,19,Yes,Yes,No,No Formal Education,29.0,63.8,10,3,80,77,80
Male,18,Yes,No,No,High School,11.0,84.5,23,0,75,76,75
Female,16,Yes,No,No,High School,7.0,59.5,14,3,56,53,65
Female,19,Yes,No,No,Bachelor,27.0,67.3,5,0,83,85,85
Male,15,Yes,No,No,PhD,5.0,82.7,5,0,76,74,68
Male,18,No,No,Yes,High School,15.0,66.7,10,2,69,82,69
Male,16,Yes,No,Yes,High School,12.0,60.1,10,2,74,69,59
Male,19,Yes,Yes,Yes,PhD,12.0,87.6,10,2,76,77,74
Female,18,Yes,Yes,No,High School,14.0,79.4,1,0,89,80,80
Male,16,Yes,Yes,No,Master,29.0,57.0,19,0,84,77,87
Male,17,Yes,No,No,No Formal Education,18.0,82.3,19,1,86,83,79
Female,16,Yes,Yes,No,No Formal Education,2.0,81.9,10,0,61,76,68
Female,19,Yes,No,No,High School,1.0,76.9,28,1,60,70,55
Female,18,Yes,No,No,Bachelor,6.0,79.5,29,0,74,78,71
Female,17,No,Yes,No,High School,25.0,94.2,2,0,100,97,88
Male,19,Yes,Yes,Yes,No Formal Education,7.0,55.5,4,0,62,62,67
Male,17,Yes,No,Yes,High School,8.0,79.2,2,0,78,72,72
Male,16,Yes,No,Yes,Master,10.0,57.7,17,1,71,61,69
Male,15,No,Yes,No,No Formal Education,4.0,69.0,19,0,60,68,63
Female,16,No,Yes,Yes,High School,24.0,81.0,19,0,90,94,81
Male,16,Yes,No,No,High School,13.0,99.0,8,0,80,90,81
Male,16,No,Yes,No,Bachelor,13.0,95.2,5,1,82,86,80
Female,19,Yes,No,No,Master,29.0,79.4,23,0,95,98,87
Male,18,Yes,Yes,No,High School,26.0,88.0,14,1,87,97,92
Female,18,No,Yes,No,Bachelor,1.0,85.3,14,0,69,57,68
Female,15,Yes,Yes,No,High School,10.0,85.0,18,0,83,76,85
Male,15,Yes,Yes,No,High School,6.0,79.7,8,2,58,65,57
Female,17,Yes,Yes,No,No Formal Education,0.0,70.5,20,2,54,58,56
Male,16,Yes,Yes,No,Master,14.0,58.6,9,2,67,58,68
Female,16,Yes,No,No,Master,25.0,56.0,15,0,83,82,86
Male,18,No,Yes,No,High School,28.0,95.1,9,0,100,98,90
Female,17,Yes,No,No,Bachelor,11.0,89.3,23,0,81,78,85
Female,19,Yes,Yes,No,High School,12.0,91.1,29,0,95,79,80
Female,17,Yes,Yes,No,High School,12.0,87.2,17,0,91,91,76
Male,17,Yes,No,No,Master,13.0,58.4,11,0,68,78,57
Female,17,Yes,Yes,No,Bachelor,1.0,67.5,19,0,58,54,60
Female,15,Yes,No,No,Master,6.0,83.4,16,1,76,77,70
Female,18,Yes,No,Yes,Bachelor,10.0,67.1,8,0,70,78,63
Female,19,Yes,Yes,No,High School,27.0,85.9,4,0,100,100,87
Male,19,Yes,Yes,Yes,Master,4.0,95.4,8,0,85,83,70
Male,15,Yes,Yes,No,High School,25.0,66.6,27,0,82,85,77
Male,18,Yes,Yes,No,High School,0.0,76.1,20,0,68,66,66
Female,19,Yes,No,No,Master,19.0,83.7,1,0,92,82,85
Male,16,Yes,Yes,Yes,High School,0.0,98.4,6,0,73,83,61
Male,17,Yes,Yes,No,Master,6.0,71.5,7,0,75,69,63
Female,15,Yes,Yes,No,Bachelor,11.0,70.6,18,0,73,80,58
Female,17,No,Yes,No,No Formal Education,10.0,74.5,18,0,60,77,70
Male,17,Yes,No,No,Master,20.0,75.2,26,1,80,80,73
Female,16,Yes,Yes,No,PhD,3.0,57.2,18,0,62,57,56
Male,17,Yes,Yes,Yes,PhD,5.0,69.4,10,0,79,65,67
Female,15,Yes,No,No,Bachelor,0.0,89.0,22,0,69,64,67
Female,15,Yes,Yes,No,Master,7.0,78.3,24,1,69,75,70
Female,16,Yes,Yes,No,High School,26.0,87.5,11,0,100,100,94
Male,18,Yes,Yes,No,Bachelor,10.0,90.4,27,0,87,82,74
Female,16,Yes,Yes,No,High School,13.0,80.3,22,0,80,83,79
Female,19,Yes,Yes,Yes,High School,0.0,83.8,16,1,67,72,68
Male,17,No,Yes,No,Bachelor,1.0,94.1,29,0,74,67,66
Male,18,Yes,Yes,No,No Formal Education,21.0,76.1,16,0,88,87,84
Male,19,Yes,Yes,Yes,Master,29.0,59.2,6,0,91,89,81
Female,19,Yes,No,No,Bachelor,26.0,65.1,25,1,76,83,92
Female,16,Yes,Yes,No,No Formal Education,2.0,60.0,12,0,58,65,66
Male,16,Yes,No,No,High School,23.0,62.8,17,0,82,82,80
Male,15,No,Yes,No,Bachelor,9.0,63.2,12,0,65,68,69
Female,17,Yes,Yes,Yes,PhD,0.0,86.8,7,0,64,65,73
Female,18,No,No,Yes,High School,22.0,73.8,15,0,92,85,83
Female,16,Yes,Yes,Yes,High School,10.0,60.5,26,2,58,59,51
Female,15,Yes,Yes,Yes,Bachelor,14.0,59.1,14,0,66,79,70
Female,19,Yes,Yes,No,Bachelor,14.0,60.9,13,1,69,77,65
Female,17,Yes,No,No,Bachelor,29.0,68.4,28,1,80,74,79
Male,16,No,Yes,No,High School,18.0,61.4,11,0,77,71,72
Female,16,Yes,Yes,No,Bachelor,7.0,85.5,7,2,71,74,82
Female,15,Yes,Yes,No,No Formal Education,23.0,86.4,24,0,93,86,93
Female,19,Yes,No,No,Bachelor,11.0,65.3,1,0,68,79,71
Female,16,No,No,No,Master,5.0,96.8,9,1,74,77,83
Female,15,Yes,Yes,No,No Formal Education,1.0,96.2,26,0,72,87,77
Male,16,Yes,Yes,No,Bachelor,28.0,67.2,16,0,96,86,87
Male,18,Yes,No,No,High School,2.0,74.9,18,2,55,62,53
Female,15,Yes,Yes,Yes,Bachelor,9.0,72.1,23,0,75,79,72
Male,17,Yes,No,No,Master,8.0,73.9,2,3,59,68,57
Female,15,Yes,Yes,Yes,Master,15.0,57.3,18,0,74,78,66
Male,19,No,Yes,No,PhD,21.0,85.3,11,0,84,81,84
Female,18,No,Yes,No,Bachelor,10.0,90.5,11,0,74,85,73
Female,15,No,Yes,No,High School,29.0,58.5,6,3,85,75,72
Male,16,No,No,No,PhD,19.0,96.1,29,1,87,84,88
Male,15,No,Yes,Yes,High School,27.0,90.1,26,0,96,96,90
Male,16,Yes,Yes,No,Bachelor,7.0,78.9,29,0,74,76,74
Female,17,Yes,No,Yes,Bachelor,29.0,77.5,8,0,94,98,100
Female,17,Yes,Yes,Yes,High School,17.0,69.0,12,1,78,76,76
Male,16,Yes,Yes,No,High School,10.0,75.7,3,0,68,67,70
Male,15,Yes,No,No,High School,16.0,99.0,23,0,95,95,85
Male,19,Yes,Yes,No,Master,22.0,93.0,7,0,89,97,85
Male,19,Yes,Yes,Yes,High School,19.0,71.9,27,2,88,83,79
Male,18,No,Yes,No,No Formal Education,28.0,80.9,3,0,88,87,92
Male,15,Yes,No,No,Master,15.0,55.3,10,1,70,71,63
Male,17,Yes,Yes,No,PhD,0.0,85.0,16,2,62,63,67
Male,15,Yes,Yes,No,Bachelor,2.0,87.0,29,0,72,74,64
Female,18,Yes,Yes,Yes,Master,2.0,98.0,8,0,83,82,61
Female,16,Yes,Yes,Yes,No Formal Education,10.0,86.1,23,2,78,74,74
Male,18,No,Yes,Yes,No Formal Education,20.0,90.3,22,1,92,87,82
Male,18,Yes,No,No,No Formal Education,3.0,82.4,4,2,57,63,68
Male,19,Yes,Yes,No,Master,22.0,76.6,21,0,93,84,74
Female,18,Yes,No,No,No Formal Education,11.0,55.7,24,1,70,68,68
Female,15,Yes,No,Yes,No Formal Education,26.0,91.4,5,2,100,84,94
Female,15,Yes,Yes,No,Bachelor,26.0,82.9,4,0,85,95,100
Female,17,No,Yes,No,High School,15.0,87.7,14,0,84,86,84
Male,17,Yes,Yes,Yes,Bachelor,22.0,73.8,0,0,85,87,87
Female,17,Yes,No,Yes,Master,11.0,96.2,22,1,83,88,80
Female,17,Yes,Yes,No,Bachelor,19.0,64.3,11,1,76,72,69
Male,15,Yes,Yes,No,High School,14.0,59.1,15,0,77,77,71
Female,18,Yes,No,No,No Formal Education,10.0,72.2,16,0,69,72,63
Female,17,Yes,No,No,Master,20.0,73.5,13,0,88,85,93
Female,17,Yes,Yes,Yes,Master,21.0,77.1,26,1,77,87,89
Female,19,Yes,No,Yes,High School,16.0,56.8,3,0,72,83,76
Female,15,Yes,Yes,No,High School,19.0,61.5,1,0,81,74,71
Male,18,Yes,No,Yes,High School,29.0,71.5,16,3,80,97,70
Female,16,Yes,Yes,Yes,High School,18.0,99.4,18,0,100,93,100
Male,15,Yes,Yes,No,Master,20.0,68.1,27,0,87,78,78
Female,17,No,No,No,Bachelor,17.0,97.2,24,0,88,98,84
Female,15,Yes,No,No,High School,12.0,89.5,4,0,85,81,75
Female,15,Yes,No,No,High School,14.0,94.9,21,0,87,88,83
Male,18,Yes,No,No,PhD,24.0,83.7,19,2,78,90,88
Male,17,Yes,Yes,Yes,High School,7.0,81.4,16,2,70,71,64
Male,16,Yes,Yes,No,Master,23.0,77.3,7,0,85,90,83
Male,18,No,No,No,PhD,25.0,99.9,25,3,93,86,87
Female,18,Yes,Yes,No,Bachelor,24.0,85.9,29,0,85,100,92
Female,19,Yes,No,No,Bachelor,15.0,77.1,8,0,76,90,72
Male,18,Yes,Yes,Yes,Bachelor,1.0,61.7,27,1,61,68,51
Female,15,Yes,No,No,Bachelor,2.0,57.6,15,0,56,60,52
Male,17,Yes,No,No,Bachelor,22.0,67.5,8,0,77,81,79
Female,17,Yes,Yes,No,Bachelor,13.0,62.8,11,1,61,63,69
Female,15,Yes,Yes,Yes,Master,0.0,85.8,3,0,64,70,59
Female,19,Yes,Yes,No,Bachelor,3.0,58.2,18,2,49,63,63
Male,17,Yes,Yes,No,Master,23.0,62.8,28,0,81,82,83
Female,15,Yes,Yes,Yes,High School,14.0,91.0,15,2,81,81,82
Female,19,Yes,Yes,No,PhD,22.0,93.1,27,0,96,86,80
Female,18,Yes,No,Yes,High School,4.0,72.3,18,0,61,66,68
Female,17,Yes,Yes,No,No Formal Education,18.0,60.0,25,0,75,77,75
Male,19,Yes,Yes,No,Bachelor,24.0,84.1,25,0,86,91,85
Female,19,Yes,Yes,No,Bachelor,14.0,94.4,23,0,83,84,85
Male,16,Yes,Yes,No,High School,5.0,66.2,6,0,57,61,58
Female,16,Yes,Yes,Yes,High School,17.0,61.1,6,0,75,79,77
Female,16,Yes,Yes,No,High School,23.0,67.9,24,0,87,76,79
Female,17,Yes,No,No,Master,21.0,93.3,2,0,82,85,86
Female,18,Yes,No,Yes,High School,1.0,76.4,16,0,60,62,67
Female,17,Yes,Yes,Yes,No Formal Education,12.0,72.6,4,0,73,79,70
Female,15,Yes,No,No,Bachelor,0.0,92.6,19,0,70,71,65
Male,19,Yes,Yes,No,Bachelor,18.0,93.6,3,0,91,95,80
Male,19,Yes,Yes,No,Master,24.0,84.3,23,0,94,89,88
Male,18,Yes,No,No,High School,2.0,95.4,23,0,78,76,66
Male,16,Yes,Yes,No,High School,13.0,72.2,6,0,77,66,70
Female,17,Yes,Yes,Yes,Bachelor,6.0,72.2,19,0,68,66,68
Male,19,Yes,Yes,Yes,Master,2.0,59.0,18,0,64,66,70
Female,15,Yes,No,Yes,Bachelor,11.0,73.6,25,0,68,72,63
Male,15,Yes,No,No,PhD,18.0,86.5,0,0,91,79,77
Female,16,Yes,No,No,No Formal Education,28.0,62.7,12,0,88,87,77
Male,17,Yes,No,No,High School,12.0,95.8,14,0,86,76,82
Male,19,Yes,Yes,No,No Formal Education,27.0,77.4,18,0,87,100,86
Male,15,Yes,Yes,Yes,Master,0.0,68.2,11,0,52,69,53
Female,15,Yes,No,No,Master,29.0,62.9,14,1,86,80,77
Male,19,Yes,Yes,No,High School,6.0,97.8,28,1,75,77,78
Male,18,Yes,Yes,Yes,Master,3.0,83.5,20,1,73,63,58
Male,17,Yes,Yes,No,PhD,19.0,80.8,20,3,75,78,59
Male,16,Yes,No,No,Bachelor,8.0,94.4,29,2,87,76,65
Male,19,Yes,Yes,No,High School,3.0,85.7,19,0,84,68,58
Male,18,Yes,No,No,Bachelor,15.0,70.3,8,0,71,77,79
Female,15,Yes,No,No,High School,0.0,75.5,18,1,61,66,65
Female,19,Yes,No,No,Master,24.0,83.7,1,2,80,90,90
Male,15,Yes,No,Yes,Bachelor,7.0,73.1,0,0,70,74,63
Male,18,Yes,No,No,Bachelor,10.0,79.9,3,3,70,61,59
Female,18,Yes,Yes,No,High School,12.0,82.6,3,0,83,74,81
Female,15,No,No,No,Bachelor,19.0,69.4,6,0,74,78,77
Female,17,Yes,Yes,No,Master,13.0,62.0,7,2,58,72,69
Female,18,Yes,Yes,No,High School,22.0,87.0,5,0,85,88,85
Male,17,Yes,Yes,No,Bachelor,13.0,80.5,21,0,87,71,70
Female,19,Yes,Yes,No,High School,0.0,88.2,16,0,71,75,62
Male,18,Yes,No,No,Master,16.0,67.8,4,3,62,72,64
Male,15,No,No,Yes,High School,15.0,96.0,27,0,79,99,78
Female,16,Yes,No,No,High School,2.0,83.5,27,2,67,56,60
Female,19,Yes,No,No,Master,13.0,63.5,1,0,75,71,80
Female,18,Yes,Yes,No,High School,11.0,72.5,25,0,74,76,68
Male,19,Yes,Yes,No,No Formal Education,4.0,73.0,10,1,66,64,58
Male,16,Yes,No,No,Bachelor,10.0,67.7,19,1,65,67,59
Female,15,Yes,No,No,Bachelor,3.0,66.3,19,0,61,59,60
Female,17,Yes,No,No,No Formal Education,18.0,68.1,2,1,75,76,77
Male,15,No,Yes,No,High School,17.0,86.8,5,0,82,77,81
Female,17,No,Yes,Yes,Bachelor,12.0,56.3,29,0,71,77,61
Male,17,Yes,Yes,Yes,PhD,21.0,74.3,28,0,81,79,74
Male,16,Yes,Yes,No,High School,2.0,58.3,7,1,62,57,52
Female,19,Yes,No,No,High School,12.0,80.8,10,0,80,76,77
Female,19,Yes,No,No,PhD,26.0,77.7,20,3,80,85,80
Male,15,Yes,No,No,Bachelor,24.0,77.7,26,0,88,90,81
Male,15,No,No,Yes,High School,26.0,70.8,27,0,99,88,89
Female,19,Yes,Yes,No,PhD,24.0,79.7,29,0,89,85,85
Female,17,No,Yes,No,Bachelor,29.0,81.8,20,0,100,85,95
Female,15,Yes,Yes,Yes,Master,28.0,96.9,23,0,100,97,100
Female,18,Yes,Yes,No,Bachelor,10.0,63.5,10,0,72,70,65
Male,17,Yes,Yes,Yes,Bachelor,19.0,99.7,4,0,100,97,88
Male,18,Yes,Yes,Yes,No Formal Education,6.0,85.9,13,0,88,87,70
Male,15,No,Yes,Yes,High School,0.0,63.0,25,0,63,61,63
Female,15,Yes,Yes,No,No Formal Education,15.0,63.2,11,0,69,86,69
Female,16,Yes,No,No,High School,15.0,58.5,24,0,71,76,81
Female,15,Yes,No,No,Master,14.0,82.9,19,0,82,81,87
Female,16,Yes,Yes,No,High School,3.0,69.8,18,1,54,58,58
Male,19,Yes,Yes,No,High School,3.0,88.0,16,1,72,75,71
Female,15,No,No,No,High School,5.0,66.2,6,0,68,58,57
Male,15,Yes,Yes,Yes,PhD,6.0,85.4,10,0,74,71,68
Female,16,Yes,Yes,No,Bachelor,19.0,74.4,27,0,82,81,86
Male,18,Yes,No,Yes,PhD,6.0,79.4,2,3,76,78,56
Female,16,Yes,No,No,High School,26.0,62.0,6,1,81,91,83
Female,17,Yes,No,No,Master,9.0,84.7,9,0,73,82,82
Female,19,Yes,No,Yes,Bachelor,15.0,59.2,16,0,90,75,86
Male,15,Yes,No,No,No Formal Education,6.0,82.3,25,0,65,79,64
Male,17,Yes,Yes,No,High School,12.0,84.8,2,0,76,77,77
Male,16,No,No,No,High School,18.0,91.0,12,2,81,90,74
Male,15,Yes,No,Yes,Master,23.0,58.6,16,3,79,76,76
Female,18,Yes,Yes,Yes,High School,19.0,55.3,8,0,75,80,79
Male,16,Yes,Yes,No,High School,28.0,69.5,2,0,95,84,94
Male,19,Yes,Yes,No,Bachelor,29.0,71.2,14,0,94,96,87
Male,19,Yes,Yes,No,Bachelor,7.0,73.5,25,0,67,67,58
Male,18,Yes,Yes,Yes,High School,18.0,98.4,24,0,100,90,92
Male,18,Yes,Yes,No,High School,17.0,90.1,16,0,92,86,83
Female,16,Yes,Yes,Yes,Master,12.0,83.2,3,0,84,80,76
Female,19,No,Yes,No,No Formal Education,8.0,86.5,10,0,73,72,72
Female,15,Yes,Yes,No,No Formal Education,20.0,78.9,17,0,89,86,77
Male,18,Yes,Yes,No,Bachelor,2.0,75.2,12,3,66,59,64
Female,17,Yes,No,No,High School,10.0,82.8,9,0,78,85,75
Male,15,Yes,Yes,No,No Formal Education,8.0,88.7,10,0,83,71,73
Female,16,Yes,Yes,No,High School,28.0,62.5,17,0,91,88,80
Female,16,Yes,Yes,No,Bachelor,21.0,71.9,22,0,82,86,92
Male,17,Yes,No,No,High School,13.0,82.7,6,2,78,73,66
Female,19,Yes,Yes,No,High School,12.0,59.7,11,0,66,69,72
Male,16,Yes,Yes,Yes,Master,6.0,70.5,23,1,60,65,59
Female,16,Yes,No,Yes,High School,19.0,70.5,29,1,79,73,79
Male,18,No,Yes,No,High School,8.0,73.3,25,0,69,71,66
Female,18,Yes,No,Yes,No Formal Education,29.0,73.9,8,2,86,89,83
Female,17,Yes,No,No,High School,5.0,98.2,16,0,75,82,69
Male,19,Yes,No,No,Bachelor,16.0,56.4,25,0,75,72,64
Male,17,Yes,Yes,No,Bachelor,5.0,79.9,0,0,67,67,70
Female,18,Yes,No,Yes,Bachelor,1.0,62.0,22,0,57,65,61
Female,19,No,No,No,PhD,19.0,95.2,27,2,92,75,80
Male,18,Yes,Yes,Yes,No Formal Education,26.0,65.2,8,0,84,90,93
Female,16,Yes,Yes,Yes,High School,26.0,67.3,2,0,92,91,82
Female,16,No,Yes,No,High School,12.0,58.1,14,2,52,56,72
Male,18,Yes,Yes,No,Master,2.0,84.9,15,2,66,57,58
Male,19,Yes,Yes,No,High School,5.0,96.1,9,0,70,78,72
Male,18,Yes,No,Yes,No Formal Education,15.0,77.9,22,0,82,80,68
Male,16,Yes,Yes,No,High School,28.0,91.6,27,0,100,98,100
Female,18,Yes,Yes,Yes,High School,16.0,86.5,3,0,78,90,82
Female,16,Yes,Yes,No,High School,1.0,76.9,23,0,66,69,66
Female,15,Yes,Yes,No,Master,14.0,67.8,26,0,78,82,76
Female,19,Yes,Yes,Yes,No Formal Education,23.0,72.4,13,0,90,92,78
Male,15,Yes,Yes,Yes,High School,28.0,77.1,1,0,99,100,93
Female,19,Yes,No,No,High School,13.0,81.5,9,0,75,80,81
Male,15,Yes,Yes,No,No Formal Education,4.0,93.8,20,0,83,80,72
Male,15,Yes,Yes,No,Bachelor,25.0,94.5,22,0,96,96,94
Female,15,Yes,No,No,Master,25.0,64.1,17,2,90,63,80
Female,18,Yes,No,Yes,PhD,27.0,73.1,18,0,80,93,90
Male,16,Yes,No,No,High School,24.0,80.1,4,0,84,81,96
Male,16,Yes,Yes,Yes,PhD,10.0,80.6,7,0,75,75,61
Male,18,Yes,Yes,Yes,Master,2.0,66.1,21,0,62,62,65
Female,15,Yes,No,No,High School,26.0,57.8,17,0,92,84,80
Male,19,Yes,No,No,No Formal Education,19.0,68.1,4,0,79,80,70
Male,19,Yes,No,No,High School,18.0,95.9,22,0,97,87,85
Female,19,Yes,No,Yes,High School,23.0,80.0,22,0,93,88,92
Female,17,No,Yes,Yes,Master,3.0,98.4,19,0,75,82,79
Male,17,No,Yes,No,Master,13.0,63.5,19,0,72,72,68
Male,15,Yes,No,Yes,Master,16.0,56.2,3,0,75,73,65
Female,19,Yes,No,Yes,Bachelor,5.0,87.3,28,0,85,75,70
Male,15,Yes,No,No,High School,29.0,64.9,23,0,94,81,85
Male,15,Yes,No,Yes,Master,5.0,97.2,13,2,80,80,72
Male,17,Yes,No,No,Master,23.0,72.4,27,1,91,82,81
Female,17,Yes,No,No,No Formal Education,23.0,59.9,22,1,79,83,77
Male,16,Yes,Yes,No,Bachelor,27.0,80.9,22,0,97,86,85
Male,15,Yes,No,No,High School,12.0,64.6,17,0,68,73,76
Male,19,Yes,No,No,High School,29.0,80.5,21,1,91,91,96
Male,16,Yes,No,No,Master,14.0,70.3,0,0,78,78,66
Female,18,Yes,Yes,No,Bachelor,9.0,62.2,12,0,64,61,55
Male,15,Yes,No,No,PhD,25.0,71.3,23,0,79,76,79
Male,19,Yes,No,No,Bachelor,27.0,86.8,12,1,91,93,99
Female,19,Yes,Yes,Yes,Bachelor,0.0,61.6,8,0,60,63,56
Female,16,Yes,Yes,No,Bachelor,14.0,55.0,29,0,70,76,59
Female,17,Yes,Yes,Yes,Master,0.0,64.9,0,0,55,67,60
Female,17,Yes,Yes,No,High School,18.0,77.4,1,2,76,73,77
Male,15,Yes,No,No,No Formal Education,11.0,91.9,20,0,82,69,69
Female,15,Yes,No,Yes,Master,28.0,73.9,1,2,89,87,96
Male,19,No,Yes,No,High School,10.0,63.1,22,3,58,63,59
Female,19,Yes,Yes,No,PhD,29.0,93.2,18,0,100,100,95
Male,17,Yes,Yes,No,Bachelor,5.0,92.7,20,1,74,71,68
Female,17,Yes,Yes,No,High School,9.0,97.7,3,0,79,76,86
Female,19,Yes,No,No,No Formal Education,7.0,96.0,29,1,73,74,77
Female,18,Yes,No,Yes,Bachelor,27.0,78.6,1,2,89,97,92
Male,19,No,Yes,No,Master,16.0,90.5,11,3,75,67,66
Female,15,Yes,Yes,Yes,Bachelor,23.0,91.5,19,0,95,96,96
Female,18,Yes,No,No,Bachelor,16.0,83.6,5,0,74,83,82
Male,18,Yes,No,No,Master,27.0,85.6,18,3,90,87,83
Male,18,No,Yes,No,Bachelor,1.0,67.8,6,2,55,64,51
Female,15,No,Yes,Yes,High School,9.0,59.8,1,0,78,80,70
Male,16,Yes,No,No,High School,7.0,66.4,7,3,58,51,53
Male,18,Yes,No,No,Bachelor,26.0,88.0,10,1,100,90,93
Female,16,No,No,No,Bachelor,9.0,78.6,27,2,64,74,68
Female,19,No,No,No,No Formal Education,8.0,60.9,28,0,67,67,63
Female,16,Yes,Yes,Yes,PhD,1.0,67.7,15,2,67,55,61
Male,19,Yes,Yes,No,Bachelor,27.0,97.0,9,0,100,100,94
Female,15,No,Yes,No,Bachelor,25.0,89.7,1,0,81,88,96
Female,18,Yes,Yes,No,No Formal Education,0.0,95.3,21,3,69,73,61
Female,15,Yes,No,No,Master,14.0,57.9,27,0,67,77,76
Male,18,Yes,Yes,No,High School,29.0,78.9,8,0,100,91,84
Male,19,Yes,No,Yes,Master,17.0,88.3,20,0,85,87,88
Female,19,Yes,Yes,Yes,High School,21.0,99.7,17,0,98,92,90
Male,17,Yes,No,No,High School,15.0,78.5,22,1,81,85,77
Male,16,Yes,No,No,High School,25.0,88.4,28,2,85,86,90
Female,15,No,No,No,Bachelor,15.0,82.5,4,3,74,68,69
Female,17,Yes,Yes,No,Bachelor,26.0,67.4,4,1,97,83,89
Female,18,Yes,No,No,Bachelor,28.0,92.3,5,0,99,100,99
Female,18,Yes,Yes,No,Bachelor,12.0,72.4,9,0,74,78,71
Male,17,Yes,Yes,No,Master,12.0,66.4,23,3,68,58,58
Female,16,Yes,No,No,High School,10.0,57.1,24,0,66,64,68
Female,16,Yes,No,No,Bachelor,4.0,95.6,25,2,86,72,68
Female,15,Yes,Yes,No,Bachelor,2.0,73.9,29,3,49,54,57
Female,18,Yes,No,No,Master,3.0,95.5,18,0,72,74,70
Female,16,Yes,Yes,No,High School,22.0,60.8,23,0,79,87,71
Male,15,Yes,Yes,No,High School,0.0,75.5,19,0,61,61,64
Male,19,Yes,No,No,High School,15.0,74.1,16,0,78,70,78
Female,19,Yes,Yes,No,Bachelor,0.0,69.5,27,0,49,62,60
Male,17,Yes,Yes,No,Bachelor,16.0,65.0,17,0,76,81,76
Female,18,Yes,Yes,No,High School,9.0,90.4,29,0,82,71,69
Female,15,Yes,No,No,PhD,28.0,95.5,17,0,100,100,85
Male,15,Yes,No,No,High School,2.0,76.2,27,1,60,71,59
Female,15,No,No,No,PhD,27.0,77.9,7,0,91,98,84
Female,15,Yes,Yes,No,No Formal Education,22.0,81.9,22,0,92,97,93
Male,17,Yes,Yes,Yes,High School,21.0,67.0,14,0,87,86,78
Female,17,Yes,Yes,No,High School,9.0,61.6,28,0,66,63,70
Female,15,Yes,Yes,No,High School,0.0,56.5,29,0,53,59,55
Male,18,Yes,Yes,Yes,High School,17.0,98.0,9,0,98,89,94
Male,16,Yes,Yes,No,PhD,17.0,73.4,22,0,89,81,81
Female,19,Yes,No,No,Bachelor,24.0,63.6,4,1,84,87,76
Male,18,Yes,Yes,No,Master,23.0,57.9,0,0,72,69,78
Female,15,Yes,Yes,No,No Formal Education,14.0,56.0,21,0,59,73,70
Male,18,Yes,No,No,Bachelor,26.0,88.9,25,1,98,86,89
Male,15,Yes,Yes,No,High School,17.0,55.1,4,0,65,72,69
Female,16,Yes,Yes,Yes,Bachelor,24.0,65.9,10,0,77,83,87
Male,19,No,Yes,No,Master,23.0,78.3,7,0,95,85,93
Male,17,Yes,Yes,No,Bachelor,8.0,90.9,4,0,77,70,73
Female,19,Yes,No,Yes,No Formal Education,19.0,97.1,24,3,84,78,80
Male,17,Yes,No,No,Bachelor,22.0,73.4,26,0,88,78,82
Male,15,Yes,No,Yes,High School,11.0,79.0,27,0,81,77,69
Male,15,Yes,No,No,Bachelor,21.0,60.3,27,0,80,69,80
Male,15,Yes,Yes,Yes,Bachelor,29.0,70.5,0,0,99,98,81
Male,15,Yes,Yes,Yes,Bachelor,29.0,93.7,24,0,95,100,100
Female,17,Yes,No,No,Bachelor,19.0,97.3,28,2,86,91,73
Female,16,Yes,No,No,High School,17.0,71.9,10,0,77,81,90
Female,15,Yes,No,No,Master,8.0,70.5,16,0,67,62,74
Female,17,Yes,No,No,No Formal Education,23.0,65.7,6,0,84,85,85
Male,15,No,No,No,High School,27.0,83.9,21,0,91,94,87
Female,19,Yes,Yes,No,Master,1.0,56.7,16,0,46,62,55
Male,16,Yes,Yes,No,PhD,22.0,75.4,16,1,88,75,77
Male,19,Yes,No,No,High School,3.0,57.8,6,1,54,59,53
Male,15,Yes,Yes,No,PhD,9.0,61.9,20,1,60,66,56
Male,18,Yes,Yes,No,Master,22.0,76.1,16,0,87,80,80
Female,18,Yes,Yes,No,High School,25.0,74.7,17,0,90,87,87
Female,19,Yes,No,Yes,High School,9.0,65.1,8,0,61,69,70
Male,16,Yes,No,Yes,Bachelor,8.0,61.1,26,0,65,67,63
Female,17,Yes,Yes,Yes,Bachelor,19.0,98.2,27,0,94,82,99
Female,16,Yes,Yes,Yes,No Formal Education,6.0,86.8,24,0,71,76,72
Female,16,No,No,No,Master,1.0,66.9,5,0,67,63,58
Female,19,Yes,Yes,No,High School,14.0,88.6,4,0,72,84,86
Male,18,Yes,Yes,No,Bachelor,28.0,94.4,0,1,98,100,88
Male,16,Yes,No,Yes,No Formal Education,9.0,67.6,12,2,58,73,67
Male,15,No,Yes,No,Bachelor,6.0,74.0,21,0,68,66,70
Male,15,Yes,No,No,Bachelor,6.0,57.5,17,0,66,64,66
Female,16,Yes,Yes,No,High School,10.0,91.2,20,0,73,86,87
Female,17,Yes,No,No,No Formal Education,23.0,86.4,19,0,99,88,96
Male,19,Yes,Yes,No,High School,17.0,95.5,2,0,86,82,84
Female,18,Yes,No,Yes,Bachelor,25.0,85.7,4,0,100,83,91
Male,18,No,Yes,Yes,No Formal Education,17.0,83.7,6,1,83,69,77
Male,17,Yes,Yes,Yes,High School,7.0,72.6,14,2,66,63,69
Female,19,Yes,Yes,Yes,Master,8.0,84.7,5,0,76,74,74
Female,18,Yes,Yes,No,Bachelor,4.0,59.7,0,1,53,60,57
Male,18,Yes,No,Yes,Bachelor,10.0,86.4,12,0,78,91,80
Male,16,Yes,No,No,Master,13.0,73.4,26,0,86,80,61
Female,18,Yes,No,Yes,High School,19.0,72.1,9,1,83,90,78
Female,17,Yes,Yes,Yes,Bachelor,22.0,72.9,18,0,91,75,89
Female,18,Yes,No,No,Bachelor,26.0,97.0,21,2,89,100,85
Male,19,Yes,Yes,No,No Formal Education,27.0,60.2,5,0,90,100,84
Female,19,Yes,No,Yes,PhD,0.0,90.6,10,0,75,75,67
Male,15,Yes,Yes,Yes,Master,8.0,84.9,26,2,72,71,67
Female,18,Yes,Yes,Yes,PhD,6.0,72.0,4,0,66,79,62
Male,17,Yes,Yes,No,Master,20.0,87.1,28,0,94,77,85
Female,15,Yes,Yes,Yes,Bachelor,13.0,87.1,7,0,90,83,78
Male,18,Yes,Yes,No,Bachelor,20.0,59.1,27,1,75,76,70
Female,17,No,Yes,Yes,High School,17.0,84.4,9,0,81,79,90
Female,15,Yes,Yes,Yes,Bachelor,0.0,90.5,22,0,70,71,74
Male,17,Yes,Yes,No,PhD,14.0,64.4,22,0,79,67,70
Female,16,Yes,Yes,No,High School,26.0,88.8,11,1,91,86,90
Female,15,Yes,No,No,PhD,5.0,78.7,4,0,67,63,72
Male,18,Yes,Yes,Yes,No Formal Education,8.0,86.6,26,0,78,81,76
Female,17,Yes,No,No,High School,2.0,97.3,16,0,79,80,84
Male,16,Yes,No,No,High School,13.0,89.7,16,0,88,83,83
Male,15,Yes,Yes,No,Bachelor,9.0,60.8,19,1,64,62,62
Male,18,Yes,No,No,High School,17.0,98.7,25,2,92,79,85
Male,18,Yes,Yes,Yes,High School,24.0,72.6,29,0,96,79,84
Male,19,Yes,Yes,No,High School,0.0,82.5,21,0,76,62,52
Male,17,No,No,No,High School,19.0,61.7,10,0,64,67,66
Male,18,Yes,Yes,Yes,Bachelor,21.0,93.3,15,0,89,89,78
Male,18,Yes,Yes,No,Bachelor,10.0,76.4,6,0,73,80,70
Female,19,Yes,Yes,No,High School,25.0,82.0,29,2,87,81,66
Male,19,No,Yes,Yes,High School,3.0,73.6,29,0,75,71,68
Female,17,No,No,Yes,No Formal Education,8.0,76.6,18,2,64,67,68
Male,16,Yes,Yes,No,Bachelor,3.0,59.7,18,1,57,59,47
Female,18,Yes,No,No,Bachelor,1.0,79.5,15,0,67,68,64
Male,18,Yes,Yes,No,High School,11.0,61.7,29,0,69,73,67
Female,15,Yes,No,No,Bachelor,17.0,66.7,23,3,64,68,70
Male,15,No,Yes,No,High School,8.0,82.8,26,0,74,69,71
Male,18,Yes,Yes,No,High School,5.0,73.3,23,2,54,60,63
Male,17,Yes,Yes,Yes,High School,4.0,80.5,4,0,78,70,61
Female,18,Yes,Yes,No,High School,14.0,64.4,8,0,71,70,69
Male,15,Yes,No,Yes,High School,12.0,79.6,17,0,79,76,70
Female,19,No,No,Yes,Bachelor,11.0,57.7,10,0,68,71,59
Male,18,Yes,Yes,No,High School,19.0,98.3,10,0,97,94,83
Female,18,Yes,Yes,No,No Formal Education,10.0,78.9,28,0,81,77,78
Female,19,Yes,Yes,No,Master,27.0,58.9,22,0,78,77,86
Female,19,No,Yes,No,Bachelor,4.0,61.3,4,0,67,62,64
Male,15,Yes,No,No,High School,20.0,69.1,9,1,87,75,79
Female,19,Yes,Yes,No,High School,3.0,70.2,1,0,74,64,69
Male,17,Yes,Yes,No,High School,14.0,59.7,6,1,66,76,64
Female,16,Yes,No,Yes,Master,16.0,88.1,7,0,87,86,99
Female,17,Yes,Yes,Yes,PhD,21.0,56.1,16,0,76,74,72
Female,18,No,Yes,Yes,Bachelor,8.0,56.6,9,0,59,66,64
Female,18,Yes,Yes,No,High School,6.0,76.9,27,0,70,70,68
Male,19,Yes,No,No,Master,4.0,79.3,18,1,73,55,73
Female,19,Yes,Yes,Yes,Master,17.0,74.6,29,2,77,82,78
Male,17,Yes,Yes,No,Master,7.0,61.4,9,0,74,61,65
Male,15,Yes,No,No,Bachelor,13.0,75.4,3,0,75,70,72
Female,16,Yes,Yes,No,Master,3.0,74.9,17,0,62,68,64
Female,16,No,No,No,Master,29.0,76.6,4,0,97,82,98
Male,17,Yes,Yes,No,Bachelor,4.0,95.3,9,0,76,70,76
Male,15,No,Yes,No,Bachelor,24.0,66.2,11,1,95,72,87
Male,15,Yes,Yes,No,PhD,6.0,55.1,6,0,64,56,43
Male,17,Yes,Yes,No,High School,22.0,61.5,17,0,78,82,73
Male,17,Yes,No,Yes,No Formal Education,9.0,94.8,23,2,83,80,73
Male,18,Yes,No,No,Master,25.0,97.5,13,2,100,95,92
Male,15,Yes,Yes,No,High School,22.0,97.8,25,0,99,91,87
Female,18,Yes,No,No,Master,24.0,61.8,24,2,79,62,73
Female,15,Yes,No,No,No Formal Education,15.0,73.4,4,3,72,80,60
Male,18,Yes,No,No,Master,6.0,56.4,23,0,60,51,59
Male,16,Yes,Yes,No,High School,5.0,96.8,9,2,78,75,60
Male,15,No,Yes,No,PhD,8.0,75.2,12,0,68,66,65
Female,18,Yes,Yes,No,Bachelor,11.0,90.6,4,0,85,77,76
Female,15,No,No,No,Master,22.0,77.9,25,0,82,80,88
Male,15,Yes,Yes,No,Master,8.0,94.1,14,0,86,86,68
Female,18,Yes,No,No,Master,7.0,93.4,23,0,87,82,75
Male,16,Yes,Yes,No,Bachelor,13.0,67.1,10,0,74,73,66
Female,15,No,No,Yes,Bachelor,23.0,83.1,16,0,89,98,89
Male,17,Yes,Yes,No,No Formal Education,16.0,62.9,5,1,74,70,69
Female,17,Yes,No,No,High School,10.0,55.8,9,0,69,61,61
Female,18,Yes,Yes,No,PhD,25.0,88.8,27,0,95,100,96
Female,15,No,Yes,Yes,High School,27.0,66.3,1,3,77,83,68
Female,15,Yes,Yes,No,Master,10.0,88.2,18,0,82,84,78
Male,17,Yes,Yes,No,High School,25.0,83.9,13,0,97,84,83
Male,18,No,Yes,Yes,PhD,12.0,65.9,19,0,75,68,61
Male,15,Yes,No,No,Master,24.0,79.4,12,3,81,82,68
Female,17,Yes,Yes,No,PhD,10.0,79.9,28,0,72,68,73
Female,17,Yes,No,No,Master,6.0,89.2,6,0,69,75,67
Male,17,Yes,Yes,No,High School,27.0,81.8,26,0,96,89,91
Male,17,Yes,Yes,Yes,High School,8.0,81.2,15,0,74,77,79
Male,18,Yes,No,No,High School,27.0,77.0,20,2,84,86,77
Female,16,No,Yes,Yes,Bachelor,14.0,62.2,3,0,81,77,71
Female,19,Yes,Yes,No,No Formal Education,14.0,89.8,1,3,79,82,68
Male,16,Yes,No,No,High School,20.0,64.3,23,0,82,76,75
Female,17,Yes,Yes,Yes,Master,4.0,70.8,21,0,71,74,75
Female,17,Yes,Yes,No,High School,27.0,65.0,3,0,94,83,88
Male,17,Yes,Yes,No,Master,11.0,67.2,24,3,52,67,69
Female,17,Yes,Yes,Yes,High School,4.0,76.8,18,0,81,75,65
Female,19,No,Yes,No,High School,23.0,93.7,20,0,100,83,90
Female,18,Yes,No,No,No Formal Education,6.0,74.5,4,0,68,67,68
Female,17,Yes,Yes,No,PhD,18.0,90.7,5,0,87,83,77
Male,15,Yes,Yes,No,Bachelor,25.0,93.3,3,1,100,86,82
Female,18,Yes,Yes,Yes,Bachelor,1.0,56.2,27,0,59,59,58
Male,16,Yes,Yes,No,High School,24.0,74.0,28,3,81,84,83
Male,18,No,Yes,No,Bachelor,23.0,98.4,2,0,100,100,81
Male,19,No,No,No,Bachelor,2.0,78.7,7,0,66,62,61
Female,18,Yes,No,No,High School,16.0,88.3,19,0,96,76,80
Male,18,Yes,No,Yes,High School,5.0,71.0,5,1,65,68,65
Female,18,Yes,No,Yes,Bachelor,4.0,83.9,28,0,73,70,72
Female,17,Yes,Yes,No,Bachelor,5.0,80.9,15,0,69,71,69
Female,18,Yes,No,No,No Formal Education,11.0,68.9,9,0,75,69,74
Female,19,No,Yes,Yes,Bachelor,4.0,93.1,14,3,71,73,78
Female,16,Yes,No,No,Bachelor,16.0,72.8,21,1,74,78,66
Male,15,Yes,No,Yes,Bachelor,5.0,84.5,14,1,70,78,72
Female,18,Yes,No,Yes,Bachelor,2.0,59.4,18,0,62,58,66
Female,15,Yes,Yes,Yes,High School,25.0,75.3,11,0,85,96,86
Male,17,No,No,No,No Formal Education,9.0,78.9,28,1,76,68,63
Male,19,Yes,Yes,No,High School,22.0,56.4,28,0,81,79,69
Female,18,Yes,No,No,Bachelor,13.0,65.1,24,0,74,64,72
Male,16,Yes,Yes,No,Bachelor,3.0,72.9,14,0,70,55,66
Female,19,No,Yes,Yes,Bachelor,25.0,70.9,15,0,89,91,77
Male,16,Yes,No,No,Bachelor,19.0,79.0,1,3,71,77,76
Female,18,Yes,Yes,No,Bachelor,5.0,64.7,8,0,65,66,66
Female,18,Yes,Yes,No,PhD,11.0,72.2,24,1,66,69,75
Female,19,Yes,Yes,No,Master,29.0,84.0,0,0,100,100,99
Female,17,Yes,No,Yes,High School,7.0,93.1,9,0,79,81,83
Female,15,Yes,Yes,No,Bachelor,10.0,84.1,4,0,75,77,82
Female,19,Yes,Yes,No,Bachelor,25.0,76.6,28,0,86,96,100
Male,17,Yes,Yes,No,High School,12.0,66.0,13,0,76,74,73
Female,18,Yes,Yes,No,Bachelor,11.0,99.9,16,0,84,89,85
Female,17,Yes,No,Yes,Master,28.0,94.3,24,2,100,100,99
Male,17,Yes,Yes,No,Bachelor,12.0,96.5,6,1,79,85,77
Female,15,No,No,Yes,Master,7.0,80.0,12,0,76,76,65
Female,17,No,Yes,No,Bachelor,25.0,84.5,0,2,85,92,92
Female,18,No,Yes,No,High School,16.0,77.6,3,1,87,82,74
Female,18,Yes,Yes,Yes,High School,23.0,55.2,4,1,85,77,74
Male,18,Yes,Yes,No,Master,27.0,56.7,10,2,75,76,74
Male,15,Yes,Yes,No,Bachelor,29.0,71.1,10,0,97,95,92
Male,17,Yes,No,No,High School,14.0,81.1,24,0,87,80,80
Female,16,Yes,Yes,No,No Formal Education,18.0,66.4,9,0,70,77,78
Male,19,Yes,Yes,No,Bachelor,19.0,70.9,8,3,77,65,76
Male,16,No,Yes,Yes,High School,25.0,94.4,10,2,100,92,83
Male,19,Yes,No,No,Master,6.0,74.4,20,0,76,65,69
Female,19,Yes,Yes,Yes,Master,19.0,57.2,10,0,81,66,83
Female,16,Yes,Yes,No,High School,14.0,91.4,25,0,89,82,89
Male,16,Yes,No,No,Bachelor,12.0,99.4,27,2,87,67,66
Female,17,Yes,No,No,Master,27.0,91.6,16,0,100,100,100
Male,17,No,No,No,No Formal Education,5.0,68.4,24,0,63,60,64
Male,15,Yes,Yes,Yes,High School,21.0,98.4,3,2,85,89,84
Female,16,No,Yes,Yes,Master,16.0,89.5,24,0,90,79,88
Female,18,Yes,Yes,No,Bachelor,21.0,70.6,7,1,79,82,85
Female,19,Yes,Yes,No,High School,18.0,58.2,29,1,69,79,70
Male,15,Yes,Yes,Yes,Bachelor,21.0,82.9,24,0,88,82,84
Female,19,Yes,No,No,Bachelor,7.0,84.7,28,0,81,80,69
Female,15,Yes,Yes,No,High School,9.0,55.0,0,2,62,61,62
Male,18,Yes,No,No,PhD,7.0,72.3,19,0,71,68,63
Male,16,Yes,Yes,No,High School,6.0,60.3,1,0,66,63,71
Female,15,Yes,Yes,No,Bachelor,11.0,71.9,11,0,70,78,70
Male,18,No,Yes,No,Bachelor,20.0,64.9,17,0,75,77,86
Female,17,Yes,No,No,High School,18.0,87.3,13,0,95,83,72
Male,18,No,Yes,No,No Formal Education,15.0,95.8,15,0,85,87,71
Female,17,Yes,Yes,No,No Formal Education,16.0,93.8,12,0,98,93,97
Male,17,Yes,Yes,No,High School,3.0,74.4,26,0,81,70,67
Female,19,Yes,Yes,No,High School,12.0,99.5,4,0,78,94,75
Male,18,No,Yes,No,High School,19.0,60.9,8,0,81,80,72
Male,15,Yes,No,No,Bachelor,27.0,84.0,23,0,97,98,93
Female,15,Yes,Yes,No,No Formal Education,9.0,62.7,15,1,67,67,54
Female,19,Yes,No,Yes,PhD,27.0,56.6,9,0,91,82,81
Female,16,No,Yes,No,No Formal Education,3.0,96.2,13,1,73,69,68
Male,15,Yes,No,Yes,Bachelor,15.0,79.3,6,0,92,73,79
Male,19,Yes,No,Yes,Master,9.0,83.7,29,2,75,70,75
Female,19,Yes,Yes,No,PhD,17.0,87.3,25,0,89,90,74
Male,19,Yes,Yes,No,Bachelor,14.0,63.5,24,0,72,61,73
Female,18,No,Yes,No,Bachelor,27.0,80.1,6,0,92,90,90
Female,17,Yes,Yes,No,Master,5.0,69.8,29,0,68,62,62
Male,16,Yes,No,Yes,High School,2.0,91.6,8,1,73,88,77
Female,16,Yes,No,Yes,Master,6.0,98.7,5,1,73,91,84
Female,17,Yes,No,No,High School,15.0,70.7,1,0,79,79,81
Female,16,No,No,No,High School,9.0,76.2,8,0,74,76,71
Male,19,Yes,No,Yes,Master,19.0,62.1,10,3,76,65,75
Male,15,Yes,Yes,No,High School,7.0,55.7,11,2,52,67,54
Female,17,Yes,No,No,No Formal Education,0.0,80.1,5,2,59,69,54
Female,19,Yes,Yes,No,Bachelor,0.0,77.5,0,2,56,62,58
Female,18,Yes,Yes,No,No Formal Education,22.0,88.7,23,0,94,85,80
Male,19,No,No,Yes,High School,28.0,91.2,15,0,100,97,92
Male,16,Yes,Yes,No,Bachelor,17.0,74.5,3,0,82,77,76
Male,15,Yes,Yes,No,High School,2.0,67.0,14,2,65,46,51
Male,17,Yes,Yes,Yes,No Formal Education,5.0,65.0,21,0,73,59,70
Male,18,No,No,Yes,Master,25.0,66.2,5,2,74,71,72
Male,17,Yes,No,Yes,High School,4.0,78.9,13,3,63,78,58
Male,15,Yes,Yes,Yes,Master,13.0,62.1,0,0,76,67,71
Male,19,Yes,Yes,Yes,Bachelor,3.0,84.7,14,0,65,76,73
Male,18,Yes,Yes,Yes,No Formal Education,24.0,82.6,27,0,88,88,77
Male,17,Yes,No,Yes,No Formal Education,8.0,78.7,23,1,73,71,71
Female,19,Yes,Yes,No,High School,12.0,83.3,4,0,95,75,79
Male,16,Yes,Yes,No,Bachelor,25.0,75.8,20,0,97,93,85
Male,15,Yes,No,No,Bachelor,20.0,72.0,3,0,86,76,74
Female,19,Yes,Yes,Yes,Bachelor,2.0,93.7,6,0,70,82,70
Female,16,Yes,Yes,Yes,Master,3.0,90.0,3,0,70,75,75
Male,18,Yes,No,No,Bachelor,10.0,96.5,10,0,87,86,70
Female,19,Yes,No,Yes,Bachelor,13.0,95.9,9,0,91,92,80
Female,19,Yes,No,No,Bachelor,20.0,60.4,24,0,83,80,61
Female,16,Yes,No,No,No Formal Education,20.0,85.8,19,0,82,88,89
Female,17,Yes,No,Yes,Bachelor,27.0,62.8,24,2,82,85,75
Male,18,Yes,Yes,Yes,PhD,16.0,83.9,7,0,88,82,86
Female,16,Yes,No,No,Bachelor,29.0,87.0,14,0,100,95,100
Female,15,Yes,Yes,No,Master,22.0,71.4,9,1,90,71,77
Male,15,Yes,No,No,Master,1.0,72.9,19,2,63,56,58
Female,15,Yes,Yes,Yes,No Formal Education,9.0,98.4,9,0,88,85,79
Female,17,Yes,Yes,No,Bachelor,21.0,80.6,22,2,80,79,79
Female,17,Yes,No,Yes,High School,2.0,55.0,0,2,58,67,45
Male,16,Yes,No,No,No Formal Education,11.0,91.9,28,0,85,81,81
Male,19,Yes,No,No,High School,21.0,82.4,3,0,83,90,91
Female,19,No,No,No,Bachelor,2.0,55.7,3,0,57,62,47
Male,17,Yes,No,No,High School,28.0,89.9,22,0,90,100,85
Male,16,Yes,Yes,No,No Formal Education,5.0,79.7,28,2,56,73,52
Male,16,Yes,No,No,High School,8.0,69.8,3,0,69,68,64
Female,17,Yes,Yes,No,No Formal Education,18.0,65.4,17,0,79,73,74
Male,18,Yes,Yes,No,No Formal Education,3.0,67.5,17,2,55,60,48
Female,15,Yes,Yes,No,Bachelor,14.0,86.3,20,0,77,76,80
Female,19,Yes,Yes,No,High School,12.0,90.0,22,0,87,79,87
Female,17,Yes,No,Yes,No Formal Education,5.0,69.6,1,0,68,66,61
Male,17,Yes,Yes,Yes,Master,28.0,99.8,12,0,100,97,93
Female,19,Yes,No,Yes,Bachelor,29.0,68.9,24,0,94,91,100
Male,15,Yes,Yes,Yes,No Formal Education,1.0,64.8,3,0,62,64,53
Male,18,Yes,Yes,No,High School,25.0,65.9,28,0,89,93,74
Female,17,No,No,Yes,Bachelor,29.0,74.4,0,0,89,97,95
Male,19,Yes,Yes,Yes,High School,17.0,75.0,0,3,78,79,73
Female,18,Yes,Yes,No,Master,29.0,61.2,24,2,78,81,80
Male,17,Yes,Yes,No,High School,14.0,63.4,7,0,72,63,78
Female,18,Yes,No,Yes,No Formal Education,9.0,94.4,24,3,72,76,72
Female,16,Yes,Yes,Yes,No Formal Education,21.0,57.4,1,0,79,82,85
Male,17,Yes,Yes,No,Bachelor,9.0,87.1,21,0,73,80,75
Male,16,Yes,Yes,No,High School,18.0,99.4,8,0,85,100,82
Male,16,Yes,Yes,No,Bachelor,19.0,79.8,21,0,82,89,79
Female,16,Yes,Yes,Yes,Bachelor,11.0,81.4,11,0,79,83,85
Female,17,Yes,No,No,PhD,8.0,75.0,25,1,63,71,61
Male,19,Yes,No,No,High School,20.0,96.5,28,0,100,83,100
Female,18,Yes,Yes,No,High School,27.0,70.2,8,0,87,100,81
Male,18,Yes,No,No,PhD,4.0,99.6,23,0,91,85,77
Female,19,Yes,Yes,No,High School,11.0,55.6,12,0,58,71,72
Female,18,Yes,No,No,Bachelor,12.0,79.3,17,0,82,83,75
Female,16,Yes,Yes,No,No Formal Education,20.0,79.7,5,0,79,92,86
Female,18,Yes,Yes,Yes,Master,7.0,66.0,8,2,73,75,65
Male,19,Yes,No,No,High School,15.0,55.1,27,2,67,56,69
Female,18,Yes,No,Yes,Master,19.0,87.5,8,0,92,93,94
Female,18,Yes,No,No,High School,24.0,98.8,23,0,100,95,94
Female,18,Yes,Yes,Yes,Bachelor,18.0,77.5,15,0,94,87,85
Male,19,Yes,Yes,No,No Formal Education,9.0,91.6,13,0,84,78,78
Male,15,Yes,Yes,No,Master,0.0,72.8,1,0,68,60,61
Female,17,Yes,No,Yes,High School,9.0,73.5,26,2,67,60,58
Male,17,Yes,Yes,No,Bachelor,18.0,63.7,14,0,79,70,75
Female,19,No,No,Yes,No Formal Education,8.0,96.4,20,0,74,79,76
Male,19,Yes,No,No,Master,8.0,69.7,27,0,68,74,65
Male,18,Yes,Yes,Yes,Master,4.0,88.1,27,1,76,72,69
Female,15,Yes,Yes,Yes,PhD,20.0,61.1,16,0,68,91,74
Male,19,Yes,No,Yes,High School,4.0,98.5,17,0,80,75,76
Male,16,Yes,No,No,No Formal Education,5.0,85.2,17,0,65,73,77
Female,16,Yes,Yes,Yes,Bachelor,25.0,99.3,8,2,100,97,99
Male,17,Yes,No,No,Bachelor,2.0,70.4,23,3,56,56,51
Male,17,Yes,No,No,High School,21.0,90.2,19,0,90,88,88
Male,17,Yes,Yes,No,Master,10.0,70.6,8,0,74,68,67
Male,17,Yes,Yes,No,PhD,3.0,91.8,11,0,76,60,69
Male,18,Yes,Yes,Yes,Bachelor,27.0,67.9,11,0,97,88,89
Female,18,Yes,Yes,Yes,High School,24.0,80.2,22,0,85,82,94
Female,19,Yes,Yes,No,High School,14.0,91.1,22,0,83,91,76
Female,15,No,Yes,Yes,Bachelor,8.0,56.7,8,0,69,66,63
Male,18,No,Yes,No,High School,3.0,74.7,15,1,76,52,60
Male,16,Yes,No,No,Master,16.0,65.2,17,0,73,83,70
Male,17,Yes,Yes,No,High School,28.0,60.2,6,0,87,84,80
Female,19,Yes,Yes,No,Bachelor,21.0,89.8,12,2,76,83,80
Male,16,Yes,Yes,Yes,Bachelor,5.0,71.6,12,0,72,79,65
Male,18,Yes,Yes,No,PhD,1.0,81.1,19,0,68,68,54
Male,19,Yes,Yes,No,Bachelor,28.0,67.3,22,0,82,95,80
Female,16,Yes,Yes,No,Master,27.0,60.0,10,0,83,82,80
Female,18,Yes,Yes,No,Bachelor,14.0,95.0,4,1,80,86,84
Male,16,Yes,Yes,No,High School,18.0,73.5,24,0,91,71,77
Male,17,Yes,Yes,No,High School,0.0,93.3,20,0,67,61,70
Male,19,Yes,Yes,Yes,High School,26.0,72.1,17,1,89,90,85
Male,16,No,No,No,High School,18.0,83.0,13,1,88,79,77
Female,15,Yes,Yes,Yes,Bachelor,28.0,83.9,1,0,100,100,100
Female,17,Yes,Yes,Yes,PhD,15.0,95.2,29,0,89,84,84
Female,15,Yes,Yes,No,High School,20.0,61.7,7,0,76,84,65
Female,17,Yes,Yes,No,High School,8.0,94.4,18,0,83,78,76
Male,18,Yes,No,No,Bachelor,28.0,96.2,13,0,100,100,96
Male,16,No,No,Yes,No Formal Education,17.0,99.0,16,1,85,90,85
Male,16,Yes,Yes,Yes,High School,28.0,75.8,9,2,84,90,95
Female,16,Yes,Yes,No,No Formal Education,0.0,60.6,11,0,52,68,59
Male,15,Yes,Yes,No,High School,20.0,63.2,13,0,79,81,78
Female,15,Yes,Yes,No,Bachelor,20.0,55.6,26,0,81,67,79
Female,18,Yes,No,Yes,PhD,5.0,86.7,7,0,72,79,76
Male,16,No,No,Yes,High School,5.0,86.4,7,0,82,80,75
Female,19,Yes,Yes,Yes,No Formal Education,4.0,59.9,23,0,65,65,65
Female,19,Yes,Yes,No,High School,6.0,75.3,10,0,67,58,73
Female,17,Yes,Yes,Yes,Master,29.0,85.4,22,0,99,97,94
Male,15,No,Yes,No,Bachelor,25.0,60.6,24,0,73,84,79
Male,18,Yes,Yes,Yes,Master,27.0,59.3,25,0,89,81,86
Female,18,Yes,Yes,No,No Formal Education,23.0,72.6,6,0,78,86,76
Male,18,Yes,Yes,No,Bachelor,19.0,76.0,26,0,90,80,73
Male,17,Yes,Yes,Yes,High School,13.0,77.6,4,0,75,76,80
Male,18,Yes,No,No,Bachelor,8.0,97.1,21,0,78,77,79
Male,15,Yes,No,Yes,High School,14.0,91.0,5,0,89,91,88
Female,18,No,Yes,No,Bachelor,29.0,80.4,28,0,90,91,86
Female,18,Yes,Yes,No,PhD,1.0,71.1,0,0,61,59,58
Female,15,Yes,No,No,No Formal Education,8.0,87.2,5,0,90,68,72
Male,17,Yes,No,Yes,Master,10.0,79.5,13,1,80,70,67
Female,19,Yes,Yes,No,Master,5.0,61.7,17,0,68,62,60
Female,16,Yes,Yes,No,No Formal Education,14.0,66.1,26,0,70,69,68
Female,15,Yes,Yes,Yes,Master,21.0,83.8,15,0,90,97,89
Female,15,Yes,No,No,Bachelor,29.0,63.6,16,0,82,90,74
Male,15,Yes,No,No,No Formal Education,20.0,79.7,16,0,96,79,80
Female,17,Yes,No,No,Bachelor,17.0,65.6,0,0,73,80,81
Male,19,Yes,No,Yes,High School,13.0,88.0,9,2,86,77,71
Male,19,Yes,Yes,No,No Formal Education,0.0,95.2,1,0,73,81,61
Female,18,Yes,No,Yes,No Formal Education,28.0,99.6,5,1,100,100,91
Male,16,Yes,Yes,No,High School,9.0,77.6,8,2,70,67,65
Female,17,Yes,Yes,Yes,High School,23.0,56.0,18,0,78,88,86
Male,15,Yes,Yes,No,Bachelor,0.0,79.2,27,0,68,67,59
Female,16,Yes,No,No,Bachelor,8.0,97.1,2,1,70,83,72
Female,18,Yes,Yes,No,No Formal Education,24.0,76.5,17,0,84,89,82
Male,17,Yes,No,No,High School,11.0,77.8,21,0,75,86,63
Male,17,Yes,No,No,Bachelor,11.0,72.8,0,2,64,72,66
Male,15,Yes,Yes,Yes,Bachelor,20.0,58.0,8,2,82,70,68
Female,19,No,Yes,No,Bachelor,1.0,96.9,4,0,77,77,69
Male,15,Yes,Yes,No,High School,7.0,56.7,0,0,59,53,58
Female,17,Yes,Yes,Yes,Bachelor,16.0,59.4,6,0,81,79,69
Female,16,Yes,Yes,Yes,Bachelor,10.0,95.1,15,0,95,80,84
Female,18,Yes,No,No,High School,18.0,55.8,2,0,62,72,77
Male,18,Yes,Yes,No,Master,4.0,69.7,5,1,62,52,64
Female,19,Yes,Yes,No,No Formal Education,21.0,72.5,19,0,87,87,84
Female,18,Yes,No,Yes,Bachelor,1.0,61.5,26,0,58,61,52
Male,16,Yes,Yes,No,Bachelor,14.0,68.4,20,0,71,69,77
Male,19,Yes,No,No,No Formal Education,22.0,77.1,10,1,84,85,79
Male,19,No,No,No,Master,24.0,67.7,6,1,85,81,74
Female,15,Yes,No,No,High School,10.0,87.0,18,0,79,80,86
Female,15,Yes,Yes,Yes,No Formal Education,4.0,74.9,3,0,71,63,67
Female,15,Yes,Yes,No,Bachelor,16.0,76.1,17,0,85,85,82
Female,15,Yes,No,No,Bachelor,8.0,59.8,19,0,55,65,66
Male,19,Yes,No,Yes,PhD,3.0,69.8,9,0,64,63,55
Female,15,Yes,No,Yes,PhD,17.0,95.2,1,2,73,83,83
Male,18,Yes,No,No,Bachelor,5.0,65.8,22,0,65,58,69
Male,15,Yes,No,No,Master,15.0,74.4,22,0,80,78,76
Male,19,Yes,No,No,Master,1.0,74.0,16,2,63,61,48
Male,16,No,No,No,High School,11.0,56.4,27,0,74,67,64
Male,17,No,No,Yes,PhD,29.0,66.4,25,0,97,79,89
Female,19,Yes,No,Yes,Master,19.0,74.1,18,3,80,83,74
Female,17,Yes,Yes,No,High School,19.0,81.9,1,1,77,87,76
Female,16,Yes,Yes,Yes,High School,17.0,68.5,15,0,81,86,85
Female,15,Yes,Yes,No,Master,4.0,61.3,1,0,77,68,53
Female,17,Yes,No,No,Bachelor,29.0,97.7,27,0,100,100,100
Male,17,Yes,No,Yes,High School,5.0,80.4,4,0,74,78,72
Female,19,Yes,Yes,No,No Formal Education,12.0,61.1,4,1,71,75,66
Female,19,No,Yes,Yes,Master,22.0,88.3,10,0,85,93,100
Male,19,Yes,Yes,No,High School,19.0,60.6,18,0,87,76,76
Male,19,Yes,Yes,Yes,Master,20.0,87.7,27,1,90,87,88
Male,16,Yes,No,No,Bachelor,9.0,60.6,20,0,71,70,76
Female,16,Yes,Yes,No,Bachelor,18.0,83.2,24,0,85,88,82
Female,19,Yes,Yes,No,No Formal Education,17.0,95.3,13,0,91,88,84
Female,18,No,No,No,Master,1.0,89.6,6,0,65,65,69
Male,17,Yes,No,Yes,High School,4.0,90.3,4,0,66,76,68
Male,17,Yes,Yes,No,Bachelor,20.0,55.7,21,0,82,73,72
Male,16,Yes,No,No,Master,25.0,97.5,22,0,100,90,95
Female,19,Yes,No,No,No Formal Education,21.0,58.1,20,0,71,75,85
Male,15,Yes,Yes,No,PhD,13.0,92.4,25,0,81,81,82
Female,18,Yes,Yes,Yes,High School,22.0,88.8,27,0,95,98,93
Female,18,Yes,No,No,High School,0.0,59.8,11,0,56,57,52
Female,18,Yes,Yes,Yes,Bachelor,20.0,59.9,15,0,87,84,74
Male,16,Yes,No,No,PhD,7.0,66.2,28,2,59,60,64
Male,17,Yes,Yes,No,Master,5.0,84.3,24,2,73,63,63
Female,15,Yes,No,Yes,Bachelor,23.0,90.7,20,0,97,95,94
Female,17,Yes,Yes,Yes,High School,4.0,84.3,5,0,72,78,74
Male,17,Yes,No,No,Bachelor,18.0,64.4,5,0,71,72,70
Female,17,Yes,No,No,Bachelor,29.0,93.1,19,0,100,96,100
Female,15,No,Yes,No,High School,4.0,90.7,6,1,64,72,69
Female,18,Yes,Yes,No,Bachelor,7.0,59.2,16,0,64,64,57
Female,15,No,Yes,No,PhD,12.0,62.9,5,0,76,72,59
Male,16,Yes,Yes,No,PhD,4.0,72.7,14,2,61,54,66
Female,19,Yes,Yes,No,High School,16.0,98.5,27,0,91,90,82
Male,16,Yes,No,No,PhD,28.0,60.3,4,0,86,89,79
Male,19,No,Yes,No,High School,23.0,89.9,14,0,88,99,97
Female,18,Yes,No,No,High School,29.0,90.5,17,0,100,100,99
Female,17,Yes,Yes,No,No Formal Education,18.0,90.9,22,0,86,93,94
Male,16,Yes,Yes,Yes,Master,6.0,98.8,18,1,77,80,76
Female,15,Yes,Yes,No,High School,7.0,92.2,11,0,78,79,79
Female,17,Yes,No,No,High School,4.0,65.2,20,1,63,66,68
Female,15,No,No,Yes,Master,13.0,64.1,26,0,77,70,76
Male,15,No,Yes,No,PhD,12.0,78.2,14,0,76,82,68
Male,18,Yes,Yes,No,High School,0.0,55.7,3,0,54,56,56
Male,19,Yes,Yes,No,Bachelor,19.0,60.9,17,0,84,70,69
Female,16,Yes,No,No,Master,21.0,96.7,18,0,93,97,100
Female,19,No,Yes,Yes,High School,23.0,90.7,25,2,98,100,82
Male,19,Yes,No,No,High School,17.0,58.1,16,3,70,64,59
Female,19,Yes,No,No,Master,6.0,60.2,27,2,54,67,55
Female,17,Yes,Yes,Yes,Bachelor,27.0,68.7,24,1,87,85,79
Female,19,Yes,Yes,No,High School,9.0,86.9,22,1,78,76,73
Female,16,Yes,Yes,Yes,Master,4.0,73.4,12,0,64,62,69
Female,17,Yes,No,No,No Formal Education,21.0,96.5,13,0,94,95,86
Female,18,Yes,Yes,No,PhD,6.0,79.8,3,0,63,70,66
Male,18,Yes,No,No,Bachelor,18.0,83.7,29,0,94,82,76
Male,19,Yes,No,No,PhD,0.0,88.2,23,0,78,73,71
Female,18,No,Yes,Yes,Master,7.0,81.7,13,0,66,73,69
Female,19,Yes,No,Yes,High School,18.0,86.3,6,0,83,80,84
Female,18,Yes,Yes,Yes,High School,12.0,84.0,28,2,78,76,76
Male,15,Yes,No,No,High School,15.0,69.6,29,1,77,71,63
Female,15,Yes,No,No,High School,28.0,76.5,24,1,89,82,88
Female,16,No,Yes,Yes,High School,13.0,89.5,15,0,79,80,86
Female,18,Yes,Yes,No,Master,2.0,73.4,1,0,65,61,69
Male,16,Yes,Yes,No,High School,15.0,78.6,18,2,81,73,73
Female,18,Yes,No,No,No Formal Education,3.0,76.2,5,0,72,68,71
Male,15,Yes,No,No,PhD,22.0,96.5,5,0,100,100,88
Male,17,Yes,Yes,No,Bachelor,13.0,63.0,4,0,75,63,65
Female,18,Yes,Yes,No,High School,26.0,99.1,25,0,97,93,95
Male,17,No,Yes,No,Master,9.0,70.8,2,0,77,69,68
Female,16,Yes,No,No,Bachelor,1.0,62.9,24,1,57,70,48
Male,19,Yes,Yes,No,No Formal Education,17.0,88.1,2,0,87,87,80
Male,17,Yes,Yes,No,High School,13.0,80.4,20,0,74,80,70
Female,15,No,No,Yes,Master,20.0,84.2,5,0,88,83,70
Male,17,Yes,No,No,High School,2.0,87.1,19,0,76,69,76
Female,17,Yes,Yes,Yes,Bachelor,15.0,87.3,2,0,89,97,87
Male,16,Yes,No,No,High School,23.0,84.6,10,1,92,88,73
Male,19,Yes,No,No,PhD,22.0,72.3,0,0,92,82,86
Male,18,Yes,No,Yes,Bachelor,3.0,56.7,4,0,63,68,63
Male,17,Yes,No,Yes,High School,18.0,57.0,0,1,79,63,74
Male,16,Yes,Yes,No,No Formal Education,25.0,94.3,22,1,91,84,88
Female,15,Yes,No,No,High School,14.0,87.7,12,1,80,77,89
Female,19,Yes,Yes,No,High School,18.0,99.5,25,1,87,87,87
Male,15,No,Yes,No,High School,0.0,95.4,15,0,71,72,64
Female,18,Yes,No,No,High School,10.0,55.8,27,0,68,62,60
Female,19,Yes,Yes,No,Master,9.0,70.3,26,0,70,79,73
Female,16,Yes,No,Yes,Master,9.0,76.7,8,0,76,84,77
Female,17,Yes,Yes,No,PhD,11.0,58.6,1,1,71,61,58
Male,17,No,Yes,Yes,High School,29.0,81.9,17,0,100,88,100
Male,16,Yes,No,No,Master,6.0,97.3,3,0,77,85,77
Male,16,Yes,Yes,No,High School,26.0,88.6,24,0,99,94,83
Male,17,Yes,Yes,Yes,High School,13.0,81.0,14,0,85,77,84
Female,16,Yes,Yes,No,Bachelor,25.0,81.0,20,2,88,88,85
Female,17,Yes,Yes,No,Bachelor,2.0,92.7,25,0,65,80,72
Female,17,Yes,Yes,Yes,High School,23.0,64.5,24,0,87,100,99
Female,18,No,No,No,No Formal Education,5.0,56.3,2,0,53,57,57
Female,15,Yes,Yes,No,High School,22.0,74.4,9,0,90,96,74
Male,17,Yes,Yes,Yes,Bachelor,2.0,64.3,19,1,60,51,49
Female,18,No,No,No,Bachelor,20.0,92.5,3,0,91,87,92
Female,17,Yes,Yes,No,Bachelor,15.0,77.0,21,0,73,77,90
Male,15,Yes,No,Yes,Bachelor,22.0,84.0,13,0,100,92,74
Female,15,Yes,Yes,No,Master,18.0,74.2,13,0,74,82,78
Female,15,Yes,Yes,No,Bachelor,23.0,85.2,28,1,93,88,74
Male,17,Yes,No,No,High School,24.0,83.0,3,0,91,87,85
Male,15,No,No,Yes,No Formal Education,23.0,60.0,3,3,90,70,72
Male,19,Yes,No,No,High School,28.0,59.3,4,3,83,76,64
Male,16,Yes,Yes,No,No Formal Education,21.0,78.1,10,3,79,78,85
Female,19,No,Yes,No,Bachelor,16.0,92.9,1,2,84,90,71
Male,18,Yes,Yes,No,Bachelor,8.0,85.1,9,2,82,72,69
Female,19,Yes,Yes,No,Bachelor,9.0,66.6,9,0,72,78,68
Female,15,No,No,Yes,Master,26.0,70.4,6,2,89,85,76
Male,15,Yes,Yes,No,Bachelor,19.0,77.1,16,0,91,81,69
Female,15,Yes,No,No,High School,29.0,86.4,2,0,98,100,100
Male,18,Yes,No,Yes,Master,19.0,77.1,16,0,98,78,80
Female,17,Yes,No,Yes,PhD,22.0,56.3,24,2,67,79,71
Female,15,Yes,Yes,Yes,No Formal Education,27.0,95.1,20,0,96,98,100
Male,17,Yes,No,No,Bachelor,29.0,76.7,0,0,93,100,100
Female,15,Yes,Yes,No,Master,26.0,86.3,11,1,97,98,84
Male,19,Yes,No,No,PhD,21.0,63.0,10,2,80,65,68
Female,15,Yes,No,No,Bachelor,25.0,90.9,7,0,99,92,98
Male,16,No,No,No,Bachelor,20.0,64.8,19,2,81,78,75
Male,19,No,Yes,No,Bachelor,23.0,80.8,22,0,80,77,78
Female,19,Yes,No,Yes,Bachelor,29.0,78.0,14,0,100,95,90
Male,15,Yes,No,No,Bachelor,25.0,99.0,17,0,100,100,95
Female,19,Yes,Yes,No,Bachelor,26.0,64.1,15,1,83,74,83
Male,15,Yes,No,Yes,High School,4.0,58.9,2,0,68,60,61
Female,17,No,Yes,No,Master,16.0,97.1,12,1,89,86,78
Male,16,Yes,No,No,Bachelor,27.0,82.6,6,0,97,87,87
Male,19,Yes,Yes,No,No Formal Education,29.0,92.7,26,1,97,94,95
Female,17,Yes,No,No,Bachelor,23.0,78.9,9,0,84,85,98
Male,19,Yes,Yes,Yes,Bachelor,8.0,66.3,24,0,77,69,74
Female,15,No,No,No,PhD,28.0,88.2,5,1,99,100,86
Female,19,Yes,No,No,Master,11.0,58.5,23,0,61,67,72
Female,19,No,Yes,Yes,Master,19.0,89.9,15,0,83,84,93
Male,19,Yes,Yes,No,Bachelor,8.0,59.2,27,2,47,67,48
Female,19,Yes,Yes,No,High School,26.0,87.6,1,3,96,98,80
Male,16,Yes,Yes,No,Master,4.0,71.9,14,0,75,47,64
Male,19,Yes,Yes,No,High School,18.0,91.0,1,2,92,83,74
Female,16,Yes,Yes,Yes,High School,24.0,77.1,23,0,85,89,78
Male,17,No,Yes,No,High School,13.0,76.6,22,1,74,76,69
Male,19,Yes,No,No,High School,2.0,82.5,17,0,77,69,61
Female,16,Yes,Yes,No,Bachelor,2.0,96.8,4,0,76,70,83
Male,19,Yes,Yes,No,Master,18.0,79.1,4,0,83,74,76
Male,19,Yes,Yes,Yes,Bachelor,19.0,86.0,14,0,93,92,91
Female,16,Yes,Yes,Yes,High School,8.0,59.3,8,0,69,74,69
Male,18,Yes,Yes,No,Bachelor,15.0,63.6,24,3,67,63,60
Male,16,Yes,Yes,Yes,High School,15.0,55.6,15,1,75,71,74
Female,19,Yes,Yes,Yes,PhD,25.0,66.8,1,0,85,91,96
Male,15,Yes,Yes,No,Bachelor,23.0,85.6,29,0,93,85,79
Female,18,No,No,No,No Formal Education,26.0,58.9,0,0,78,86,76
Female,18,Yes,No,No,High School,9.0,80.2,27,0,77,70,74
Female,15,Yes,Yes,Yes,High School,24.0,92.0,0,0,94,100,93
Female,15,Yes,Yes,No,Master,26.0,76.5,20,0,94,90,89
Male,17,Yes,Yes,No,No Formal Education,24.0,89.1,24,0,98,86,97
Female,19,No,No,No,High School,1.0,68.0,17,0,60,64,43
Male,18,Yes,Yes,Yes,Bachelor,3.0,65.4,26,0,70,57,66
Female,16,Yes,No,Yes,Bachelor,14.0,59.5,16,1,71,78,78
Male,19,Yes,Yes,No,Bachelor,22.0,75.9,13,0,88,85,84
Female,18,Yes,Yes,No,High School,16.0,67.8,26,0,77,73,79
Female,17,Yes,No,No,Bachelor,11.0,73.6,20,0,82,76,71
Male,16,Yes,No,Yes,Master,0.0,88.8,17,0,77,72,63
Male,16,Yes,Yes,No,High School,19.0,94.6,26,2,84,92,74
Female,15,No,Yes,No,Bachelor,8.0,57.9,23,0,63,62,61
Female,17,Yes,Yes,No,Bachelor,20.0,58.6,12,0,72,72,71
Female,17,Yes,No,No,Bachelor,0.0,79.2,20,0,68,60,72
Male,18,Yes,No,No,PhD,24.0,59.5,24,0,85,76,82
Male,19,Yes,No,No,High School,10.0,75.0,27,1,75,74,78
Female,16,Yes,Yes,No,Bachelor,6.0,57.5,11,1,56,63,56
Female,17,Yes,Yes,No,High School,22.0,85.9,4,0,81,87,91
Male,19,Yes,Yes,Yes,No Formal Education,6.0,69.7,15,0,70,75,62
Female,19,Yes,No,No,Bachelor,7.0,56.5,28,2,44,61,51
Female,17,Yes,Yes,No,High School,20.0,87.8,25,1,82,89,81
Female,17,Yes,Yes,No,Master,20.0,69.3,5,1,73,72,63
Female,16,Yes,No,No,High School,27.0,75.9,11,0,85,100,95
Female,19,Yes,No,No,Bachelor,17.0,61.1,12,1,69,71,80
Female,18,Yes,Yes,No,Master,6.0,63.2,26,3,57,51,55
Female,16,Yes,Yes,No,Master,11.0,99.9,8,2,77,76,70
Male,16,Yes,Yes,Yes,Bachelor,1.0,57.8,5,0,61,58,63
Male,17,Yes,No,Yes,High School,26.0,80.5,22,0,91,86,79
Female,19,No,Yes,No,Master,27.0,99.1,25,0,97,100,96
Female,15,Yes,Yes,Yes,No Formal Education,13.0,82.2,11,0,83,77,92
Male,16,Yes,Yes,No,Bachelor,23.0,62.7,0,0,82,69,86
Female,18,No,No,No,Master,28.0,58.1,24,1,82,81,71
Male,18,No,Yes,Yes,No Formal Education,13.0,90.1,13,1,86,82,68
Male,17,No,Yes,Yes,Bachelor,24.0,59.3,8,0,86,81,75
Male,15,Yes,No,No,High School,23.0,84.5,18,0,93,86,84
Female,16,Yes,Yes,No,High School,3.0,77.0,6,3,55,57,59
Male,16,Yes,Yes,Yes,High School,29.0,60.8,15,2,82,92,82
Female,16,Yes,Yes,No,No Formal Education,11.0,93.6,11,0,88,89,89
Female,15,Yes,No,Yes,Master,18.0,64.5,16,3,73,73,73
Female,18,Yes,No,No,Master,1.0,65.5,12,0,60,59,74
Male,15,Yes,Yes,No,High School,0.0,71.3,16,3,46,54,49
Female,17,Yes,No,Yes,Bachelor,6.0,90.6,28,0,80,86,79
Female,18,Yes,Yes,No,Master,25.0,59.1,22,0,76,79,83
Female,19,No,No,No,PhD,17.0,98.4,4,1,99,87,80
Male,15,Yes,Yes,No,No Formal Education,28.0,81.0,0,3,87,91,80
Male,17,No,No,No,PhD,24.0,63.5,22,0,72,81,72
Female,15,Yes,Yes,No,Master,10.0,69.1,8,2,60,62,62
Male,18,Yes,Yes,No,Master,5.0,60.4,7,2,61,56,59
Female,15,Yes,No,No,High School,22.0,55.8,22,0,78,79,68
Female,15,Yes,No,No,High School,8.0,91.7,5,2,76,70,70
Female,17,Yes,No,No,Bachelor,13.0,58.2,25,0,65,73,65
Female,19,Yes,Yes,No,No Formal Education,28.0,99.4,3,0,100,100,100
Female,15,Yes,No,No,Bachelor,22.0,75.5,19,1,89,88,82
Female,17,Yes,Yes,No,Bachelor,26.0,87.9,16,0,98,98,98
Female,18,Yes,No,Yes,PhD,14.0,89.3,25,3,81,92,73
Male,19,Yes,No,No,High School,5.0,76.6,11,0,66,73,64
Male,15,No,Yes,Yes,No Formal Education,27.0,74.8,11,0,94,93,90
Male,19,No,Yes,No,High School,9.0,87.9,4,0,78,68,66
Male,19,Yes,No,No,Bachelor,24.0,86.5,11,0,94,95,95
Male,16,Yes,Yes,No,Bachelor,8.0,62.4,25,0,70,62,61
Female,19,No,No,Yes,Bachelor,19.0,68.5,25,2,66,74,68
Male,19,Yes,Yes,No,Bachelor,19.0,82.6,23,0,98,80,84
Female,15,Yes,Yes,No,Bachelor,10.0,93.5,13,0,81,78,73
Female,19,Yes,Yes,No,High School,12.0,58.9,2,0,72,66,70
Female,18,Yes,No,No,PhD,22.0,70.0,25,1,86,85,87
Male,19,Yes,Yes,No,Bachelor,27.0,94.5,21,0,100,100,100
Male,16,No,Yes,Yes,No Formal Education,27.0,59.6,8,0,87,91,74
Female,16,Yes,Yes,No,PhD,15.0,80.6,22,1,84,81,84
Male,19,No,Yes,Yes,Bachelor,18.0,63.1,29,0,70,76,78
Female,18,Yes,Yes,No,Bachelor,2.0,82.7,26,0,66,75,76
Male,16,Yes,Yes,No,High School,12.0,82.0,27,0,74,71,72
Female,19,Yes,No,No,Master,6.0,55.2,3,0,62,65,51
Male,18,Yes,Yes,No,No Formal Education,15.0,73.3,29,0,67,86,84
Female,17,Yes,No,Yes,PhD,20.0,63.9,6,0,75,80,78
Female,17,No,No,Yes,Bachelor,18.0,94.1,20,0,92,96,80
Male,15,Yes,Yes,No,PhD,12.0,57.2,4,0,70,75,55
Female,16,Yes,No,No,High School,20.0,69.7,1,0,83,83,73
Male,16,No,Yes,No,Bachelor,22.0,81.1,25,0,91,80,89
Female,19,Yes,Yes,No,Bachelor,14.0,66.8,25,0,86,78,77
Male,16,Yes,Yes,No,PhD,16.0,71.8,25,0,84,87,70
Female,17,Yes,Yes,Yes,Bachelor,20.0,57.6,19,1,80,75,74
Male,16,Yes,Yes,No,Master,11.0,99.0,11,0,87,89,85
Female,18,Yes,Yes,No,Bachelor,0.0,57.1,22,0,64,67,57
Female,15,Yes,Yes,No,Bachelor,21.0,83.0,13,0,85,87,88
Male,17,Yes,Yes,No,Bachelor,9.0,59.3,25,0,78,66,59
Female,17,Yes,No,Yes,PhD,20.0,78.7,20,0,88,96,88
Female,18,Yes,Yes,Yes,Bachelor,3.0,56.5,8,0,65,64,58
Male,19,Yes,No,No,Master,12.0,89.0,21,0,91,81,84
Male,16,Yes,No,No,No Formal Education,24.0,58.2,6,3,76,76,70
Male,18,Yes,No,No,Bachelor,9.0,79.5,6,0,77,79,70
Female,16,Yes,No,Yes,High School,15.0,97.7,16,0,91,89,84
Female,18,Yes,Yes,Yes,High School,15.0,72.3,3,0,72,89,72
Male,18,Yes,No,No,High School,7.0,67.7,13,0,60,60,54
Female,17,Yes,Yes,No,High School,5.0,75.3,0,0,62,79,64
Female,15,Yes,Yes,Yes,Master,28.0,71.9,6,0,100,98,89
Female,17,No,Yes,No,Bachelor,9.0,89.8,12,1,70,71,71
Male,18,Yes,Yes,No,High School,26.0,80.4,2,0,100,91,88
Male,19,Yes,No,Yes,Bachelor,21.0,71.0,4,1,81,81,91
Male,16,Yes,No,No,Bachelor,26.0,70.9,26,0,89,78,75
Female,18,Yes,No,No,Master,17.0,61.0,16,1,66,84,66
Female,16,Yes,No,No,High School,26.0,84.3,14,0,88,90,89
Female,17,Yes,Yes,Yes,Bachelor,8.0,60.3,29,2,71,68,60
Female,16,Yes,No,No,Bachelor,24.0,78.2,16,0,94,100,86
Female,19,No,Yes,No,PhD,16.0,68.2,14,0,81,77,67
Female,18,Yes,Yes,No,No Formal Education,14.0,61.8,1,0,80,75,75
Male,16,No,No,Yes,No Formal Education,6.0,85.2,8,0,65,76,75
Female,17,Yes,Yes,Yes,High School,9.0,76.3,26,1,81,78,76
Female,18,Yes,Yes,No,Bachelor,12.0,63.4,5,0,70,70,67
Female,16,Yes,No,No,Bachelor,0.0,76.3,25,0,64,54,75
Female,18,Yes,No,No,Master,26.0,91.0,14,0,100,89,98
Male,16,Yes,Yes,No,High School,12.0,73.2,7,0,77,77,75
Female,15,Yes,Yes,Yes,PhD,29.0,90.9,9,1,89,100,99
Male,17,Yes,No,Yes,High School,3.0,60.1,8,0,59,67,62
Female,17,Yes,Yes,No,Master,17.0,61.7,12,0,75,78,63
Female,18,Yes,No,Yes,No Formal Education,11.0,95.3,26,0,79,91,93
Male,16,Yes,No,No,No Formal Education,4.0,75.1,17,0,76,68,61
Female,15,Yes,No,Yes,Bachelor,12.0,75.5,17,1,76,74,68
Male,17,Yes,No,No,High School,22.0,76.4,27,1,85,77,75
Female,17,Yes,Yes,Yes,No Formal Education,8.0,72.0,0,2,67,75,60
Female,17,Yes,No,No,Master,3.0,93.9,7,0,71,74,80
Female,19,Yes,Yes,No,High School,29.0,58.1,23,2,78,79,76
Female,17,Yes,No,Yes,Master,18.0,81.8,26,1,88,95,79
Female,16,Yes,Yes,No,Master,10.0,69.4,3,2,71,75,71
Male,18,Yes,No,No,PhD,9.0,94.1,9,0,73,80,83
Female,15,Yes,No,No,High School,27.0,81.7,14,0,97,89,100
Male,17,Yes,Yes,No,Bachelor,28.0,77.4,12,0,95,96,90
Male,18,No,Yes,No,Bachelor,17.0,80.6,24,2,74,83,66
Male,19,Yes,No,No,Master,21.0,67.8,14,0,81,79,79
Male,15,Yes,Yes,No,No Formal Education,22.0,93.4,6,1,95,92,87
Male,17,Yes,Yes,No,High School,15.0,57.3,0,0,87,76,66
Male,15,Yes,Yes,Yes,High School,1.0,58.0,19,0,61,64,59
Female,19,Yes,Yes,No,Bachelor,8.0,69.6,18,1,60,68,68
Male,16,Yes,No,No,PhD,22.0,75.8,1,0,85,83,92
Female,18,Yes,Yes,No,High School,4.0,94.0,13,0,80,72,81
Female,19,Yes,Yes,No,Bachelor,6.0,59.2,9,3,42,57,50
Male,17,Yes,Yes,Yes,Bachelor,26.0,73.4,22,0,99,93,75
Male,19,Yes,No,Yes,No Formal Education,25.0,63.5,2,2,84,71,80
Male,18,No,Yes,Yes,Bachelor,24.0,70.6,10,0,90,74,81
Female,16,Yes,No,Yes,High School,5.0,89.0,29,0,73,75,69
Male,18,Yes,Yes,No,Bachelor,18.0,76.3,25,2,68,72,78
Female,19,Yes,Yes,No,High School,23.0,81.2,12,2,76,89,86
Female,18,Yes,Yes,Yes,Master,20.0,75.2,11,1,75,87,80
Female,15,Yes,No,No,High School,13.0,87.5,29,1,84,83,78
Male,15,Yes,Yes,Yes,Master,6.0,92.3,3,2,81,73,69
Female,17,No,Yes,No,No Formal Education,15.0,78.3,11,0,76,80,75
Female,16,Yes,Yes,No,High School,9.0,68.4,12,0,67,69,70
Male,18,Yes,No,No,Bachelor,12.0,67.1,9,0,77,76,78
Female,16,Yes,No,No,High School,27.0,97.2,7,2,87,99,87
Female,17,Yes,Yes,No,Bachelor,15.0,90.7,16,0,84,96,87
Female,18,Yes,No,No,Bachelor,4.0,99.6,8,0,70,84,79
Male,19,Yes,Yes,No,Master,29.0,90.6,23,0,100,90,93
Male,19,Yes,No,No,PhD,13.0,64.9,20,2,68,66,64
Male,18,Yes,Yes,No,High School,11.0,56.5,1,0,72,71,67
Male,17,Yes,Yes,No,Bachelor,9.0,93.1,13,0,81,77,71
Male,19,Yes,No,Yes,Master,22.0,73.9,26,0,88,85,82
Male,15,Yes,Yes,No,High School,7.0,56.2,22,2,59,55,42
Female,19,Yes,No,No,PhD,10.0,82.4,6,0,73,83,73
Female,17,Yes,No,Yes,High School,6.0,72.7,17,1,68,67,58
Female,18,Yes,No,No,Bachelor,8.0,93.9,14,0,78,78,66
Male,17,Yes,Yes,No,High School,9.0,64.4,29,0,66,78,59
Male,17,Yes,Yes,Yes,Bachelor,8.0,82.5,15,2,81,76,64
Female,18,Yes,Yes,Yes,Master,8.0,99.9,10,2,83,79,75
Female,16,Yes,No,No,High School,26.0,70.0,26,0,84,80,85
Male,17,Yes,No,No,Master,2.0,59.0,3,0,50,53,58
Female,18,Yes,Yes,Yes,No Formal Education,29.0,57.4,16,0,93,92,92
Male,16,Yes,Yes,No,Bachelor,0.0,79.4,2,1,66,54,64
Female,19,Yes,Yes,No,High School,12.0,56.0,6,0,78,55,69
Female,15,Yes,Yes,Yes,No Formal Education,25.0,87.5,28,0,92,98,98
Male,18,Yes,No,No,Bachelor,27.0,91.7,17,1,94,91,94
Male,15,No,Yes,No,PhD,24.0,98.0,27,0,91,94,90
Female,18,Yes,Yes,No,High School,4.0,75.0,20,0,69,72,62
Female,19,Yes,Yes,Yes,High School,24.0,58.0,24,0,83,79,80
Male,19,Yes,Yes,No,Bachelor,6.0,95.4,9,0,79,77,68
Female,18,Yes,Yes,Yes,High School,10.0,70.1,4,0,73,83,69
Male,15,Yes,Yes,Yes,Bachelor,24.0,63.5,21,2,92,73,75
Female,17,Yes,Yes,No,PhD,6.0,66.9,27,0,69,71,79
Female,17,Yes,No,No,Bachelor,7.0,71.8,23,0,69,71,74
Male,18,Yes,Yes,No,Master,15.0,61.7,28,0,75,76,71
Female,17,Yes,Yes,No,Bachelor,0.0,62.4,5,0,59,44,62
Male,17,Yes,No,Yes,Bachelor,9.0,84.1,14,0,83,82,79
Female,19,Yes,No,No,High School,12.0,97.4,22,1,92,85,73
Female,16,Yes,Yes,No,No Formal Education,18.0,59.3,27,0,80,92,71
Male,19,Yes,No,No,Master,27.0,86.1,17,1,95,87,86
Female,16,Yes,Yes,No,Bachelor,15.0,81.5,21,0,74,85,78
Female,19,Yes,No,No,Bachelor,4.0,77.4,9,1,68,63,64
Male,19,Yes,Yes,No,High School,26.0,91.2,16,0,100,100,84
Female,17,Yes,Yes,Yes,Master,18.0,85.5,22,1,87,84,85
Female,19,Yes,Yes,No,High School,6.0,62.8,10,1,61,60,63
Female,16,Yes,Yes,No,Master,6.0,83.4,23,1,75,74,73
Female,19,No,No,No,No Formal Education,7.0,80.7,11,0,70,73,76
Female,19,Yes,No,Yes,Master,7.0,76.0,18,0,74,87,74
Male,17,Yes,Yes,Yes,High School,7.0,55.7,25,0,79,72,64
Male,17,Yes,Yes,No,High School,17.0,60.1,22,1,73,73,64
Male,15,Yes,Yes,Yes,High School,21.0,82.7,4,1,88,82,83
Male,18,Yes,No,Yes,High School,23.0,80.3,24,0,100,82,76
Male,15,Yes,Yes,No,High School,0.0,81.8,21,1,61,60,68
Female,15,Yes,Yes,No,High School,28.0,84.2,25,0,92,100,93
Female,17,Yes,Yes,Yes,Bachelor,18.0,81.3,13,0,92,88,88
Male,18,No,Yes,No,No Formal Education,3.0,88.0,19,0,71,65,60
Male,15,No,Yes,No,Bachelor,15.0,73.2,8,0,82,77,68
Male,15,Yes,No,Yes,Bachelor,25.0,86.3,18,0,96,99,83
Male,17,Yes,No,No,Bachelor,13.0,73.0,9,0,67,69,56
Male,15,Yes,Yes,Yes,Bachelor,20.0,86.6,24,0,95,80,89
Female,15,Yes,Yes,No,Bachelor,4.0,64.6,11,0,63,74,66
Female,19,Yes,No,Yes,Bachelor,27.0,62.2,6,0,89,100,81
Female,15,Yes,Yes,No,High School,22.0,79.9,6,1,78,87,85
Male,16,Yes,No,No,Bachelor,22.0,91.9,7,1,97,95,91
Male,18,No,No,Yes,High School,1.0,89.3,22,0,67,69,61
Female,18,No,Yes,No,No Formal Education,7.0,72.5,26,0,78,72,64
Male,17,Yes,Yes,Yes,High School,28.0,76.4,27,0,97,88,83
Female,19,Yes,Yes,No,PhD,5.0,77.9,9,1,74,71,74
Female,18,Yes,Yes,No,PhD,17.0,73.8,17,0,83,87,72
Female,18,Yes,No,Yes,High School,2.0,62.0,27,0,59,66,64
Female,17,No,No,No,High School,19.0,89.0,18,0,93,78,82
Male,18,Yes,Yes,No,High School,25.0,81.5,6,0,100,94,91
Male,17,Yes,No,Yes,Bachelor,15.0,72.1,1,0,80,75,75
Female,16,Yes,No,No,Bachelor,22.0,90.5,19,0,88,83,86
Male,15,Yes,Yes,No,PhD,15.0,99.6,26,0,100,78,88
Male,16,Yes,Yes,No,No Formal Education,29.0,64.8,7,0,91,87,79
Female,19,Yes,No,No,High School,13.0,57.6,25,1,71,77,71
Female,16,No,Yes,No,No Formal Education,0.0,92.8,27,1,73,65,70
Female,18,Yes,Yes,No,Master,2.0,89.8,22,0,75,77,70
Female,18,No,No,No,PhD,23.0,64.4,18,2,76,78,73
Female,19,Yes,Yes,Yes,Master,0.0,93.1,28,0,71,82,62
Male,19,Yes,Yes,Yes,Master,26.0,82.5,1,0,98,96,94
Female,18,Yes,Yes,No,No Formal Education,12.0,92.1,29,2,82,79,79
Male,19,Yes,Yes,No,Bachelor,6.0,56.0,11,0,59,57,62
Male,16,No,Yes,No,Master,6.0,95.3,18,3,74,72,60
Female,15,Yes,Yes,Yes,Master,20.0,58.4,17,0,80,80,79
Male,19,Yes,No,Yes,High School,0.0,85.5,22,0,72,67,59
Male,16,Yes,Yes,No,High School,4.0,56.8,24,0,64,64,55
Male,16,Yes,Yes,No,Master,4.0,68.8,17,0,67,61,54
Female,15,Yes,Yes,Yes,Bachelor,2.0,74.5,14,0,70,71,62
Male,19,Yes,No,Yes,No Formal Education,10.0,85.8,16,0,87,70,71
Female,19,No,No,No,High School,8.0,88.2,29,0,80,86,72
Female,15,Yes,Yes,Yes,PhD,14.0,57.3,18,0,73,75,71
Male,17,Yes,Yes,No,PhD,0.0,77.7,7,1,63,56,60
Female,16,No,No,Yes,Master,22.0,71.9,28,0,87,80,82
Male,17,Yes,No,Yes,PhD,10.0,80.1,28,1,86,64,70
Male,16,Yes,Yes,No,PhD,4.0,64.4,20,0,67,70,58
Male,19,No,Yes,No,Master,1.0,61.1,6,0,58,48,64
Female,16,Yes,No,No,High School,2.0,73.1,13,0,66,75,54
Male,15,Yes,No,No,Bachelor,4.0,92.5,25,2,75,75,66
Male,19,Yes,No,No,Master,21.0,69.4,16,0,80,85,82
Female,18,No,No,No,High School,13.0,94.8,6,2,77,87,71
Female,15,Yes,Yes,No,Bachelor,1.0,78.4,18,1,73,59,59
Male,17,Yes,No,No,High School,26.0,58.3,0,0,84,78,78
Male,17,Yes,No,No,Bachelor,1.0,79.9,10,0,64,68,59
Male,15,Yes,Yes,No,Bachelor,26.0,70.8,17,0,95,89,88
Female,17,Yes,Yes,Yes,PhD,14.0,90.0,22,0,89,90,84
Male,15,Yes,Yes,Yes,Bachelor,23.0,61.1,13,1,85,72,73
Male,17,Yes,Yes,Yes,Master,11.0,74.5,19,0,80,65,77
Female,15,Yes,No,No,High School,2.0,70.7,10,0,69,59,48
Male,16,Yes,Yes,Yes,High School,25.0,76.0,5,0,98,89,86
Male,17,No,No,No,Master,15.0,59.2,5,1,71,67,59
Female,15,Yes,Yes,No,High School,1.0,63.4,17,0,60,52,48
Male,17,Yes,No,No,Master,0.0,79.7,0,1,52,65,59
Male,17,Yes,Yes,Yes,High School,17.0,73.0,8,0,80,82,78
Female,17,No,No,No,Bachelor,8.0,91.8,10,1,64,73,71
Male,15,Yes,Yes,Yes,Master,14.0,93.6,18,2,85,93,62
Male,19,Yes,Yes,No,High School,8.0,92.1,7,0,88,67,80
Male,18,Yes,Yes,Yes,No Formal Education,6.0,60.0,5,0,62,64,66
Female,15,Yes,Yes,Yes,No Formal Education,22.0,96.9,26,2,87,92,98
Female,17,Yes,Yes,No,No Formal Education,8.0,92.4,3,0,89,88,80
Male,19,Yes,No,No,Master,19.0,97.2,23,0,87,98,81
Female,18,Yes,No,Yes,No Formal Education,22.0,96.6,17,0,96,91,93
Female,18,Yes,Yes,No,No Formal Education,21.0,78.0,17,0,93,99,81
Male,17,Yes,Yes,Yes,No Formal Education,6.0,57.1,26,0,58,68,59
Female,18,Yes,Yes,Yes,Bachelor,9.0,74.7,12,0,79,72,72
Female,16,Yes,Yes,No,No Formal Education,25.0,85.8,19,0,100,97,92
Male,16,No,Yes,No,Bachelor,22.0,73.8,14,0,94,80,77
Female,15,Yes,No,No,Bachelor,20.0,64.9,9,0,82,69,72
Male,18,Yes,Yes,No,Bachelor,8.0,95.4,6,0,89,89,77
Female,15,No,Yes,Yes,High School,14.0,87.0,24,1,81,94,76
Female,18,Yes,Yes,No,High School,2.0,82.2,28,0,69,66,70
Male,15,No,No,No,High School,4.0,56.6,8,1,59,54,56
Male,18,Yes,Yes,No,Bachelor,15.0,85.1,13,1,78,78,71
Female,18,No,Yes,Yes,Master,20.0,80.1,16,1,87,88,83
Male,17,Yes,Yes,Yes,High School,19.0,94.6,22,2,99,88,82
Male,19,Yes,No,Yes,Bachelor,6.0,78.0,25,0,79,74,77
Male,17,Yes,Yes,No,High School,0.0,66.6,7,1,55,65,54
Female,19,Yes,No,No,High School,11.0,96.2,9,0,68,82,87
Male,15,Yes,Yes,No,Master,5.0,57.2,28,0,64,73,54
Male,15,Yes,Yes,No,No Formal Education,9.0,66.5,5,0,79,70,60
Male,18,No,No,Yes,High School,18.0,65.3,16,0,80,80,81
Male,19,No,Yes,No,No Formal Education,29.0,58.2,6,3,80,74,70
Male,16,Yes,No,Yes,Bachelor,17.0,97.2,19,0,95,90,86
Male,18,Yes,Yes,Yes,No Formal Education,19.0,74.3,7,0,81,72,90
Female,16,Yes,No,Yes,No Formal Education,14.0,85.9,19,0,77,87,91
Female,17,Yes,No,No,High School,8.0,63.4,26,0,74,63,66
Female,16,Yes,Yes,No,Bachelor,27.0,66.9,5,0,88,88,81
Female,19,No,Yes,Yes,Master,22.0,74.6,2,2,68,79,92
Male,18,Yes,No,No,No Formal Education,29.0,80.8,12,0,94,99,87
Female,17,No,Yes,Yes,High School,17.0,90.6,14,0,84,76,82
Male,15,Yes,Yes,No,Bachelor,1.0,81.3,14,0,72,67,60
Female,17,Yes,Yes,Yes,No Formal Education,3.0,76.5,5,0,77,66,60
Male,15,Yes,Yes,Yes,Bachelor,12.0,59.3,17,0,75,75,63
Female,19,Yes,Yes,No,High School,17.0,68.6,21,2,58,65,75
Male,17,Yes,Yes,No,No Formal Education,22.0,82.4,15,0,92,88,92
Female,18,Yes,No,No,Bachelor,12.0,87.4,4,0,81,81,70
Male,17,Yes,Yes,No,Master,16.0,71.9,24,0,90,69,69
Female,15,Yes,No,No,Bachelor,1.0,85.0,5,0,71,75,71
Male,17,No,No,No,Master,26.0,86.9,18,0,96,84,84
Female,16,Yes,No,Yes,Master,19.0,59.7,0,0,79,79,82
Male,16,Yes,Yes,No,Bachelor,0.0,95.4,28,0,78,73,69
Male,18,Yes,Yes,Yes,PhD,16.0,57.9,18,2,81,69,75
Male,18,No,Yes,No,Master,13.0,90.2,8,0,87,81,84
Male,17,Yes,Yes,No,High School,2.0,58.2,15,0,66,55,52
Female,18,Yes,Yes,Yes,Master,16.0,74.1,10,0,77,89,83
Female,18,Yes,No,No,High School,11.0,72.6,2,0,69,73,72
Female,16,Yes,No,Yes,PhD,4.0,83.5,18,1,66,64,65
Female,18,Yes,Yes,No,PhD,12.0,96.5,0,2,79,76,79
Male,15,Yes,Yes,No,Bachelor,12.0,56.2,4,0,66,69,70
Male,19,Yes,No,No,High School,12.0,99.2,21,0,86,84,83
Female,19,Yes,Yes,No,No Formal Education,18.0,57.3,26,0,82,81,64
Male,18,Yes,Yes,No,Master,18.0,86.1,0,0,100,91,86
Male,19,Yes,Yes,No,Master,0.0,73.4,11,0,69,62,65
Female,15,Yes,Yes,No,High School,19.0,61.3,19,0,86,82,69
Female,19,Yes,Yes,Yes,High School,26.0,91.0,6,0,93,95,98
Female,15,No,Yes,No,High School,6.0,70.5,19,1,76,62,64
Male,15,Yes,No,Yes,Master,20.0,96.5,13,0,95,79,83
Female,15,Yes,Yes,No,Bachelor,3.0,72.4,7,1,62,75,59
Female,17,Yes,No,No,Bachelor,28.0,62.7,20,2,85,70,82
Female,18,Yes,No,No,High School,20.0,98.7,27,0,96,95,90
Female,17,Yes,Yes,No,Bachelor,14.0,84.3,9,0,86,76,79
Male,18,Yes,Yes,No,Bachelor,29.0,58.9,7,2,78,71,84
Male,18,No,Yes,Yes,High School,25.0,99.9,12,0,93,100,100
Female,17,Yes,Yes,No,Bachelor,17.0,97.0,14,0,93,92,88
Male,17,No,Yes,No,Master,11.0,63.0,13,0,77,61,62
Female,16,Yes,No,No,Bachelor,6.0,64.2,24,0,72,72,64
Male,16,Yes,Yes,Yes,High School,24.0,66.6,11,1,90,92,84
Female,17,Yes,Yes,No,High School,15.0,97.3,19,2,88,96,83
Male,16,No,Yes,Yes,High School,23.0,94.7,8,3,86,87,86
Male,17,Yes,Yes,Yes,High School,15.0,99.0,19,1,89,91,91
Male,16,Yes,No,No,No Formal Education,29.0,84.0,13,1,97,90,81
Female,17,Yes,No,No,High School,28.0,77.2,18,0,97,98,90
Female,17,Yes,Yes,Yes,Bachelor,25.0,92.6,16,1,100,97,83
Female,17,Yes,Yes,Yes,High School,26.0,94.4,3,2,100,90,96
Male,15,Yes,Yes,No,High School,19.0,79.6,3,0,83,80,84
Male,19,Yes,No,No,Bachelor,17.0,57.5,6,0,78,66,73
Female,17,Yes,No,No,Bachelor,13.0,71.3,21,3,65,65,72
Male,17,No,Yes,No,PhD,8.0,96.4,15,0,82,68,65
Female,17,Yes,Yes,Yes,Bachelor,4.0,55.2,16,0,53,73,61
Female,16,Yes,Yes,Yes,Master,5.0,61.1,20,2,64,61,63
Female,15,Yes,No,No,Bachelor,16.0,59.9,20,0,65,73,76
Female,18,No,Yes,Yes,Bachelor,13.0,56.5,18,0,65,72,67
Female,16,No,No,No,Bachelor,16.0,69.1,10,0,79,86,66
Female,19,Yes,Yes,Yes,High School,0.0,82.8,14,0,62,73,70
Female,16,Yes,Yes,No,PhD,2.0,68.0,17,0,66,68,57
Male,18,Yes,No,Yes,Bachelor,12.0,68.3,17,0,72,78,76
Female,16,No,No,Yes,No Formal Education,3.0,83.2,14,0,72,69,70
Female,15,Yes,Yes,Yes,Bachelor,18.0,88.4,27,0,89,92,87
Male,19,No,Yes,Yes,No Formal Education,13.0,61.6,21,0,74,72,65
Female,19,Yes,Yes,No,PhD,2.0,97.0,22,0,70,77,78
Female,18,Yes,No,No,No Formal Education,15.0,97.6,19,0,91,87,92
Female,16,Yes,No,Yes,Master,10.0,87.0,7,0,84,86,82
Female,15,No,Yes,No,High School,14.0,69.6,22,2,67,78,68
Male,17,No,Yes,No,Bachelor,24.0,59.3,2,0,81,76,77
Female,16,Yes,Yes,No,High School,29.0,85.6,13,1,100,100,90
Female,15,Yes,No,Yes,High School,24.0,81.9,14,2,92,91,90
Male,17,Yes,Yes,No,Master,1.0,94.7,28,0,76,69,75
Female,15,Yes,Yes,No,PhD,21.0,58.9,4,0,76,83,74
Female,17,Yes,Yes,No,No Formal Education,10.0,75.0,1,1,71,74,59
Female,15,Yes,Yes,No,Bachelor,21.0,80.5,10,0,90,86,83
Female,17,Yes,No,Yes,Bachelor,21.0,87.9,17,3,90,90,83
Male,16,Yes,Yes,No,Bachelor,21.0,90.9,20,2,93,86,74
Female,19,No,Yes,Yes,Master,17.0,92.0,29,1,82,96,91
Female,18,Yes,No,No,Master,7.0,74.6,2,2,61,69,67
Male,17,Yes,Yes,No,No Formal Education,29.0,71.7,20,3,87,85,71
Male,17,No,No,No,Master,14.0,86.8,20,0,75,82,66
Female,16,Yes,No,No,Bachelor,25.0,89.3,10,0,88,90,93
Male,16,Yes,No,Yes,PhD,29.0,86.7,18,2,100,85,94
Male,17,Yes,Yes,No,High School,18.0,96.4,25,3,84,79,74
Female,16,Yes,Yes,No,Bachelor,25.0,69.3,16,2,85,86,79
Female,15,Yes,Yes,No,High School,25.0,69.7,16,0,95,83,84
Male,15,No,No,No,PhD,11.0,57.5,20,1,61,74,57
Male,17,Yes,Yes,Yes,Bachelor,9.0,87.5,8,0,71,84,77
Male,19,Yes,Yes,No,Bachelor,20.0,75.5,16,0,84,80,81
Female,17,Yes,No,No,High School,10.0,72.6,29,0,72,70,70
Male,17,Yes,Yes,Yes,No Formal Education,7.0,81.2,25,0,70,73,75
Female,15,Yes,No,Yes,Bachelor,15.0,56.7,3,0,76,76,64
Male,18,No,No,No,Master,23.0,69.5,13,0,87,87,74
Male,15,Yes,No,No,High School,13.0,92.3,15,0,93,75,89
Female,18,Yes,No,Yes,Bachelor,26.0,83.1,6,2,81,91,87
Male,15,Yes,No,Yes,Master,11.0,99.1,16,0,88,87,70
Male,19,Yes,No,No,Master,3.0,61.7,21,1,57,61,57
Female,17,Yes,Yes,No,Master,4.0,81.5,17,0,79,68,79
Female,15,Yes,Yes,Yes,High School,25.0,90.3,7,0,100,91,99
Male,18,Yes,Yes,No,Master,15.0,62.5,17,0,84,72,61
Female,18,Yes,Yes,Yes,High School,7.0,90.4,29,0,76,86,68
Male,16,No,Yes,No,PhD,13.0,79.5,7,0,78,79,72
Male,18,Yes,Yes,No,No Formal Education,16.0,78.3,18,0,82,73,74
Female,15,No,Yes,No,Bachelor,19.0,95.1,21,0,94,85,95
Male,18,Yes,Yes,No,High School,22.0,77.6,16,0,87,89,72
Female,19,Yes,No,No,Bachelor,17.0,75.7,5,0,85,80,77
Female,17,Yes,Yes,No,High School,4.0,94.5,10,0,80,70,68
Female,19,No,No,No,Master,3.0,81.7,29,1,65,68,70
Male,19,Yes,No,No,Bachelor,29.0,96.5,6,0,100,100,89
Male,18,Yes,Yes,Yes,Bachelor,16.0,85.5,21,0,86,94,85
Female,18,Yes,No,No,No Formal Education,3.0,77.2,4,0,69,67,67
Female,16,Yes,Yes,No,Master,15.0,91.7,9,0,93,93,84
Female,17,Yes,Yes,No,High School,15.0,55.7,15,0,73,67,62
Female,15,Yes,Yes,No,Bachelor,25.0,80.3,23,0,85,94,88
Female,15,Yes,Yes,No,Bachelor,17.0,89.7,11,2,79,78,72
Male,18,Yes,No,No,High School,6.0,90.2,19,0,80,83,67
Female,18,Yes,Yes,No,High School,1.0,97.8,5,0,71,88,66
Female,19,Yes,Yes,No,High School,0.0,90.7,29,0,70,73,68
Male,17,Yes,Yes,Yes,PhD,23.0,67.6,4,1,87,80,82
Female,15,Yes,No,No,Master,3.0,85.4,8,2,65,67,61
Female,19,Yes,Yes,Yes,Bachelor,29.0,76.9,29,0,90,100,93
Female,18,Yes,Yes,No,High School,24.0,94.0,22,0,99,98,89
Male,18,Yes,Yes,No,Master,9.0,76.6,15,0,78,77,72
Male,16,Yes,No,No,High School,27.0,55.4,26,0,97,81,75
Female,15,Yes,No,No,High School,16.0,79.8,22,0,72,77,83
Female,18,Yes,Yes,No,Bachelor,28.0,66.6,27,0,98,97,94
Male,15,No,Yes,No,Master,26.0,73.7,22,0,88,82,88
Male,18,Yes,Yes,No,Bachelor,25.0,71.0,0,0,95,91,83
Female,19,Yes,Yes,Yes,No Formal Education,15.0,82.0,11,0,82,82,84
Female,17,Yes,No,Yes,High School,0.0,81.4,10,2,64,59,65
Male,15,Yes,Yes,No,High School,11.0,76.3,9,0,80,72,77
Female,19,Yes,Yes,No,Bachelor,21.0,57.0,5,0,75,88,78
Female,17,Yes,No,No,High School,22.0,86.4,6,0,92,89,87
Female,17,Yes,Yes,No,High School,16.0,99.5,18,3,82,85,73
Female,15,Yes,Yes,No,High School,8.0,64.2,17,0,72,60,68
Male,19,Yes,Yes,No,No Formal Education,2.0,70.0,14,2,66,68,51
Male,19,No,No,No,High School,1.0,84.4,9,0,66,69,72
Female,16,Yes,No,Yes,No Formal Education,4.0,88.4,7,0,71,83,71
Male,19,Yes,No,No,High School,29.0,62.2,10,3,90,74,74
Female,15,Yes,No,Yes,High School,22.0,66.6,10,0,77,96,76
Male,16,Yes,No,No,Master,10.0,92.3,18,1,87,78,67
Male,18,Yes,No,No,No Formal Education,21.0,93.6,4,3,75,84,75
Male,18,Yes,No,Yes,Master,11.0,80.1,6,1,72,76,71
Male,18,No,Yes,No,PhD,8.0,86.1,26,0,79,74,73
Female,18,No,Yes,No,High School,21.0,70.3,23,0,83,82,77
Female,16,Yes,Yes,No,No Formal Education,14.0,91.0,12,0,74,85,85
Female,19,Yes,No,No,Master,6.0,84.3,15,1,65,73,71
Male,15,Yes,No,Yes,Bachelor,10.0,58.3,2,0,73,73,67
Male,18,Yes,Yes,No,Master,8.0,86.9,14,3,71,76,68
Female,18,Yes,No,No,Bachelor,15.0,89.8,12,0,81,82,79
Female,17,Yes,No,No,Master,8.0,65.4,3,0,56,71,67
Female,17,Yes,No,No,Master,11.0,69.7,29,1,65,71,69
Female,19,No,Yes,No,No Formal Education,24.0,77.4,19,0,90,87,87
Male,18,Yes,Yes,No,High School,4.0,78.9,27,0,65,70,62
Male,16,Yes,Yes,No,High School,2.0,70.5,9,0,59,57,57
Female,19,Yes,No,No,High School,16.0,81.9,16,2,81,79,70
Male,16,Yes,Yes,No,Bachelor,28.0,73.9,2,0,92,90,89
Male,17,Yes,No,No,Master,27.0,55.3,11,0,83,81,87
Male,18,Yes,Yes,Yes,Bachelor,28.0,77.7,23,0,91,81,95
Female,17,No,No,No,Master,6.0,56.2,12,1,63,59,58
Male,16,Yes,No,No,Master,10.0,77.7,23,0,76,75,76
Female,15,No,Yes,No,High School,4.0,78.0,1,0,65,74,69
Male,17,Yes,No,No,High School,12.0,85.8,20,0,96,83,81
Female,17,Yes,No,No,Bachelor,28.0,96.7,7,0,91,100,93
Male,18,Yes,No,No,Bachelor,24.0,72.3,2,0,85,92,83
Female,18,Yes,Yes,No,High School,10.0,63.8,17,0,74,51,72
Male,17,Yes,Yes,No,Bachelor,27.0,99.4,22,0,100,100,91
Male,15,Yes,Yes,No,Master,7.0,91.1,7,0,84,87,63
Male,18,Yes,Yes,Yes,Master,5.0,80.3,22,0,81,81,59
Female,18,Yes,No,Yes,No Formal Education,15.0,82.5,28,1,87,89,81
Female,19,Yes,Yes,No,Bachelor,1.0,94.4,12,0,70,79,65
Female,17,Yes,Yes,Yes,Bachelor,12.0,82.2,25,0,88,79,90
Female,16,Yes,Yes,No,High School,17.0,61.7,17,1,70,80,77
Female,18,Yes,Yes,Yes,No Formal Education,18.0,95.3,18,0,92,93,91
Male,19,Yes,Yes,No,Bachelor,21.0,61.0,28,0,84,75,72
Female,16,Yes,Yes,No,Master,29.0,86.6,11,0,98,100,100
Female,19,Yes,No,Yes,Bachelor,14.0,97.6,0,0,89,87,90
Male,19,Yes,No,Yes,Bachelor,25.0,55.2,28,0,81,78,71
Male,18,Yes,No,No,Bachelor,24.0,57.8,2,1,82,74,58
Male,16,Yes,Yes,No,Master,5.0,81.5,10,0,72,64,68
Female,15,Yes,Yes,Yes,Master,26.0,87.7,14,0,100,100,100
Male,15,Yes,No,No,High School,4.0,61.7,19,1,61,61,51
Female,16,No,No,Yes,High School,3.0,83.7,17,0,72,81,64
Male,16,Yes,Yes,No,Master,20.0,68.2,20,2,76,68,73
Female,15,Yes,Yes,Yes,PhD,19.0,88.6,20,0,83,96,81
Male,16,Yes,No,No,High School,8.0,58.9,12,0,69,59,43
Female,15,Yes,No,No,PhD,4.0,81.1,23,0,72,69,64
Male,17,Yes,Yes,No,Master,7.0,74.6,5,2,67,65,63
Female,16,No,Yes,Yes,High School,4.0,71.8,0,1,55,63,71
Female,17,No,Yes,No,No Formal Education,18.0,80.5,24,0,86,90,86
Male,18,No,Yes,Yes,No Formal Education,2.0,57.8,24,0,66,65,52
Male,15,Yes,No,Yes,High School,17.0,71.0,0,0,97,79,86
Male,16,Yes,Yes,No,High School,2.0,77.0,29,0,64,70,64
Male,17,Yes,No,No,No Formal Education,0.0,86.4,21,1,78,62,58
Male,18,Yes,Yes,No,Master,29.0,71.1,20,0,94,88,92
Female,18,Yes,Yes,No,Master,26.0,94.4,12,0,95,100,99
Female,19,No,Yes,Yes,Master,11.0,84.9,17,2,70,85,85
Male,19,Yes,Yes,No,No Formal Education,24.0,74.1,25,0,91,79,85
Female,15,Yes,No,Yes,High School,0.0,67.3,4,0,66,72,64
Male,19,Yes,No,No,High School,14.0,80.5,1,1,78,68,67
Male,18,No,Yes,Yes,High School,7.0,68.2,16,0,69,69,63
Female,15,Yes,Yes,No,Bachelor,13.0,72.5,2,0,79,77,80
Female,15,Yes,No,No,High School,9.0,74.9,0,0,62,77,78
Male,19,No,No,No,Master,15.0,96.1,29,0,88,80,72
Male,17,Yes,No,No,Master,24.0,91.9,4,0,92,100,81
Male,16,Yes,No,No,High School,16.0,58.6,24,0,72,73,60
Female,17,Yes,No,No,Bachelor,2.0,66.9,26,2,61,58,52
Female,17,Yes,Yes,No,Bachelor,20.0,69.2,24,2,79,87,70
Female,19,Yes,No,No,High School,13.0,81.9,12,0,76,87,79
Male,15,Yes,Yes,No,PhD,27.0,79.8,10,1,88,84,85
Male,18,Yes,Yes,Yes,No Formal Education,6.0,82.8,3,0,67,69,73
Male,19,No,Yes,Yes,Bachelor,20.0,82.4,19,0,90,78,85
Female,18,Yes,Yes,Yes,High School,3.0,85.4,29,0,86,83,70
Male,15,Yes,Yes,No,High School,9.0,89.6,27,1,72,79,74
Male,16,No,Yes,No,High School,28.0,92.7,20,0,100,99,98
Female,15,Yes,Yes,No,High School,9.0,72.5,5,2,63,61,62
Male,16,Yes,Yes,No,High School,16.0,66.9,25,0,69,73,67
Male,18,Yes,Yes,Yes,No Formal Education,7.0,81.7,17,2,73,65,66
Female,19,Yes,Yes,No,PhD,25.0,91.4,16,0,96,90,95
Female,15,Yes,Yes,No,High School,22.0,76.9,11,0,92,92,88
Male,15,No,Yes,Yes,High School,3.0,98.2,23,1,78,67,69
Female,19,Yes,Yes,No,High School,22.0,55.1,20,0,83,79,85
Male,16,Yes,Yes,No,High School,15.0,84.0,12,0,87,81,80
Male,18,Yes,Yes,Yes,No Formal Education,13.0,68.1,0,1,77,63,64
Male,18,Yes,Yes,No,Bachelor,27.0,79.3,0,0,100,96,92
Female,15,Yes,No,No,Bachelor,25.0,99.1,12,0,100,96,98
Male,19,Yes,No,Yes,Master,27.0,77.6,5,0,99,95,90
Male,16,Yes,Yes,No,Bachelor,14.0,69.8,16,0,80,75,65
Female,18,No,Yes,No,Bachelor,9.0,78.7,0,0,77,77,75
Female,19,Yes,Yes,Yes,Master,25.0,67.5,27,0,89,91,85
Male,17,Yes,No,No,Master,19.0,89.7,26,0,99,89,83
Female,17,Yes,No,Yes,Master,1.0,97.0,27,0,66,77,66
Female,16,Yes,No,No,No Formal Education,28.0,79.9,6,1,93,83,95
Female,19,Yes,No,No,No Formal Education,27.0,66.2,14,0,89,83,85
Female,16,Yes,Yes,No,No Formal Education,14.0,68.8,12,1,75,72,77
Male,16,Yes,Yes,No,High School,14.0,59.7,0,0,68,74,72
Female,15,Yes,No,No,High School,16.0,56.7,18,0,75,75,78
Male,18,Yes,Yes,Yes,High School,0.0,98.6,9,0,78,73,70
Female,18,No,No,No,PhD,21.0,95.1,14,0,89,84,95
Male,18,Yes,Yes,No,No Formal Education,29.0,81.3,25,0,99,94,90
Male,17,Yes,No,No,Master,23.0,85.1,14,1,97,84,86
Male,15,Yes,Yes,No,High School,29.0,91.9,3,0,100,99,100
Female,15,Yes,No,Yes,High School,26.0,55.2,27,0,80,78,84
Female,16,Yes,No,No,Bachelor,7.0,69.5,21,0,66,72,66
Female,17,Yes,Yes,No,Bachelor,5.0,65.0,25,0,65,62,64
Male,15,Yes,Yes,No,Bachelor,2.0,99.4,28,0,80,77,64
Female,15,Yes,No,No,No Formal Education,7.0,93.5,9,0,75,79,77
Male,19,Yes,No,Yes,High School,11.0,83.8,17,1,77,77,66
Male,19,No,Yes,No,High School,26.0,60.3,7,0,82,84,80
Male,19,Yes,Yes,No,High School,7.0,67.4,10,0,67,71,68
Female,19,Yes,No,No,PhD,27.0,85.5,15,0,82,98,91
Female,19,Yes,Yes,No,Bachelor,6.0,63.2,27,0,58,60,59
Female,19,Yes,Yes,No,Bachelor,22.0,63.1,7,2,68,72,73
Female,19,Yes,Yes,Yes,Master,28.0,96.3,16,0,100,100,100
Female,18,Yes,Yes,No,Master,3.0,70.1,26,3,54,65,60
Male,19,Yes,Yes,Yes,High School,25.0,59.1,0,0,84,81,80
Female,16,No,Yes,No,Bachelor,17.0,58.6,27,2,59,64,82
Male,18,No,Yes,Yes,No Formal Education,1.0,55.9,4,0,51,59,40
Male,18,Yes,No,Yes,Bachelor,17.0,59.4,24,3,77,75,69
Female,15,Yes,Yes,Yes,Master,28.0,70.9,22,0,92,91,88
Female,15,Yes,No,Yes,PhD,21.0,85.9,22,0,88,96,92
Male,16,Yes,Yes,Yes,Bachelor,25.0,90.5,6,0,97,96,95
Male,18,Yes,No,Yes,Master,21.0,96.4,12,0,100,89,88
Male,18,Yes,Yes,Yes,No Formal Education,6.0,93.9,3,0,86,89,78
Female,18,Yes,Yes,No,High School,26.0,73.9,28,0,90,89,89
Male,19,Yes,Yes,Yes,Bachelor,25.0,98.1,1,0,100,95,100
Female,17,Yes,Yes,No,No Formal Education,5.0,86.3,25,0,68,66,66
Male,19,Yes,Yes,Yes,Master,19.0,80.1,24,1,92,86,88
Female,18,Yes,No,Yes,High School,4.0,81.6,16,0,73,78,66
Female,17,Yes,No,No,No Formal Education,8.0,89.1,26,0,86,85,78
Male,16,Yes,Yes,Yes,Bachelor,21.0,90.3,12,2,98,93,77
Female,18,Yes,No,No,Master,21.0,82.2,3,0,80,99,94
Male,18,No,No,No,Bachelor,12.0,69.0,8,1,70,70,59
Male,16,No,No,No,Bachelor,12.0,83.0,27,0,82,80,72
Female,15,Yes,Yes,Yes,No Formal Education,5.0,70.4,22,0,72,62,74
Male,18,Yes,No,No,PhD,18.0,76.0,5,0,85,81,83
Male,15,Yes,No,Yes,High School,8.0,87.5,2,1,79,73,65
Female,15,Yes,Yes,No,Master,21.0,98.8,22,1,94,93,80
Male,15,Yes,Yes,No,High School,22.0,90.5,12,0,94,89,82
Female,15,Yes,Yes,Yes,PhD,22.0,93.5,9,0,100,98,95
Male,16,Yes,Yes,No,High School,14.0,78.5,27,0,74,81,76
Male,17,Yes,Yes,No,No Formal Education,26.0,83.8,0,0,100,81,91
Female,16,Yes,Yes,Yes,Bachelor,20.0,99.8,1,1,87,92,93
Male,19,Yes,No,No,High School,29.0,95.7,16,0,100,100,94
Male,17,Yes,Yes,Yes,High School,4.0,75.2,25,0,66,68,72
Male,17,Yes,Yes,No,Master,21.0,65.3,4,0,78,79,76
Female,19,Yes,Yes,No,Bachelor,24.0,73.3,3,0,84,96,84
Female,16,Yes,Yes,No,Bachelor,20.0,74.9,4,1,85,82,84
Male,17,Yes,No,No,Bachelor,9.0,69.5,22,0,83,78,64
Male,16,Yes,Yes,No,No Formal Education,2.0,94.6,18,3,81,67,64
Male,18,Yes,No,Yes,High School,9.0,66.3,12,0,67,63,70
Female,17,No,No,Yes,High School,19.0,66.6,29,0,80,73,83
Female,19,Yes,Yes,No,Master,2.0,92.9,24,0,74,70,73
Female,15,Yes,Yes,No,Bachelor,19.0,87.9,29,0,86,83,90
Female,15,Yes,Yes,No,High School,7.0,96.0,5,0,78,74,90
Male,15,Yes,Yes,No,High School,0.0,92.0,9,0,78,68,73
Female,15,Yes,Yes,No,No Formal Education,22.0,86.1,8,1,92,93,96
Female,17,Yes,Yes,No,High School,9.0,85.8,12,0,79,77,78
Male,16,Yes,Yes,No,High School,12.0,81.4,18,0,90,76,81
Male,16,Yes,No,No,High School,28.0,88.4,13,0,100,92,92
Male,16,Yes,No,No,High School,9.0,86.2,23,0,75,74,65
Female,18,Yes,Yes,No,PhD,18.0,78.8,16,0,76,87,92
Male,15,Yes,Yes,No,High School,27.0,87.2,24,0,100,94,94
Male,19,Yes,No,Yes,Bachelor,11.0,64.5,20,0,77,70,68
Male,19,Yes,Yes,Yes,Bachelor,0.0,59.1,2,0,60,59,50
Female,15,Yes,Yes,Yes,High School,15.0,83.3,27,3,81,77,84
Female,16,Yes,Yes,Yes,High School,29.0,69.8,24,0,89,91,92
Female,16,Yes,No,No,No Formal Education,27.0,74.3,25,1,88,89,84
Female,18,Yes,No,No,High School,20.0,56.8,29,0,82,79,77
Female,17,Yes,Yes,Yes,High School,0.0,67.1,1,0,58,69,60
Female,18,Yes,Yes,Yes,High School,3.0,99.7,14,2,71,91,74
Female,16,No,No,No,PhD,29.0,58.8,4,0,88,91,87
Female,17,Yes,Yes,No,High School,16.0,81.4,2,0,84,81,71
Male,18,No,Yes,Yes,Bachelor,15.0,90.2,5,0,87,81,73
Male,18,Yes,Yes,Yes,No Formal Education,15.0,85.5,16,0,93,86,75
Female,15,Yes,Yes,Yes,High School,28.0,91.5,3,1,99,100,100
Male,15,Yes,Yes,No,PhD,11.0,91.3,22,0,80,90,61
Male,18,Yes,No,Yes,PhD,3.0,72.8,1,0,72,73,72
Female,18,No,Yes,No,High School,8.0,97.9,9,1,76,85,77
Female,18,Yes,Yes,Yes,High School,29.0,91.0,3,1,99,100,100
Male,17,Yes,Yes,No,Master,6.0,66.9,11,0,66,68,66
Female,16,Yes,No,Yes,Bachelor,8.0,88.8,27,0,71,68,78
Female,16,Yes,Yes,No,High School,7.0,81.3,7,0,71,78,76
Male,15,Yes,Yes,No,High School,0.0,72.4,13,0,65,58,63
Female,18,Yes,No,No,Bachelor,3.0,59.0,23,0,62,67,56
Male,17,Yes,Yes,No,Bachelor,12.0,99.5,6,0,87,80,87
Male,17,Yes,Yes,No,Bachelor,4.0,87.0,23,0,71,76,65
Male,19,Yes,Yes,No,Bachelor,13.0,96.4,13,0,92,94,79
Male,15,No,Yes,No,Bachelor,21.0,98.6,10,0,100,92,83
Female,19,Yes,No,No,Bachelor,29.0,69.4,23,0,86,97,92
Female,16,Yes,No,Yes,High School,18.0,67.3,19,0,83,85,89
Male,19,Yes,Yes,No,Master,8.0,86.7,12,1,72,69,65
Female,19,Yes,No,No,Master,12.0,78.0,24,0,76,88,67
Female,17,Yes,Yes,Yes,High School,27.0,55.2,23,0,71,97,83
Female,16,Yes,No,Yes,High School,24.0,63.2,26,0,87,84,89
Female,18,No,Yes,No,PhD,24.0,90.4,11,0,93,93,99
Male,15,Yes,No,No,Bachelor,0.0,76.2,24,0,62,62,61
Male,17,Yes,Yes,Yes,High School,5.0,94.5,8,1,82,76,78
Female,16,Yes,Yes,Yes,Bachelor,28.0,63.7,4,2,85,89,76
Male,18,Yes,No,No,Bachelor,19.0,76.4,21,0,89,82,73
Female,18,Yes,Yes,No,No Formal Education,15.0,62.8,4,0,77,67,78
Female,15,Yes,Yes,No,PhD,8.0,79.4,13,3,56,65,66
Male,19,Yes,No,No,Bachelor,7.0,59.2,3,0,55,67,56
Female,15,Yes,No,Yes,Bachelor,13.0,56.9,24,1,63,73,73
Male,15,Yes,No,Yes,Bachelor,3.0,61.8,11,1,66,62,54
Female,16,Yes,No,No,No Formal Education,1.0,85.0,23,0,64,77,74
Male,15,Yes,Yes,No,PhD,14.0,94.8,2,3,83,78,68
Male,15,Yes,Yes,No,High School,2.0,82.1,0,2,57,52,55
Female,19,Yes,Yes,No,Master,15.0,73.3,22,0,85,68,77
Female,15,Yes,No,No,Bachelor,7.0,99.0,11,0,79,65,73
Female,18,Yes,Yes,No,High School,26.0,75.9,0,0,92,85,92
Male,15,Yes,Yes,Yes,Bachelor,19.0,57.9,2,0,84,83,75
Male,17,Yes,No,No,Bachelor,23.0,78.4,19,0,92,91,85
Female,19,Yes,No,Yes,Master,22.0,64.1,3,0,85,83,79
Female,19,No,No,No,High School,21.0,92.5,4,0,93,90,92
Male,17,No,No,No,High School,29.0,93.3,26,0,100,92,92
Male,17,Yes,Yes,Yes,PhD,16.0,84.1,4,0,85,92,81
Male,19,Yes,Yes,No,Master,29.0,97.8,20,0,100,95,100
Female,15,Yes,Yes,No,Master,2.0,64.8,6,0,41,62,54
Male,19,Yes,No,Yes,Master,6.0,63.8,9,2,79,72,57
Female,15,Yes,No,No,Master,25.0,60.5,10,0,86,77,81
Male,19,Yes,No,No,Master,3.0,71.1,6,0,75,71,68
Male,18,Yes,Yes,Yes,No Formal Education,26.0,62.4,28,3,89,81,78
Female,19,Yes,No,No,No Formal Education,29.0,91.7,1,0,97,96,96
Female,19,Yes,Yes,Yes,High School,15.0,76.0,27,2,67,80,76
Female,18,Yes,No,No,Bachelor,10.0,62.3,2,1,60,54,71
Female,19,Yes,Yes,Yes,Bachelor,21.0,99.5,27,1,96,91,96
Male,19,Yes,Yes,No,High School,12.0,63.5,11,0,64,59,69
Male,16,Yes,No,Yes,Master,20.0,87.8,29,1,90,92,83
Male,17,Yes,Yes,No,Master,18.0,83.5,24,0,100,91,82
Male,19,Yes,No,No,Bachelor,24.0,59.5,28,0,84,90,72
Female,16,Yes,Yes,No,High School,24.0,80.4,24,0,93,89,88
Male,19,Yes,No,Yes,No Formal Education,8.0,79.6,1,0,78,76,77
Male,18,No,No,Yes,Master,7.0,98.6,6,2,77,74,77
Male,19,Yes,Yes,No,Bachelor,29.0,78.8,27,0,97,88,95
Male,16,Yes,No,No,High School,13.0,93.5,4,2,81,78,79
Male,16,No,No,Yes,Master,16.0,77.4,3,2,81,71,64
Male,16,Yes,Yes,No,PhD,28.0,64.1,4,0,95,80,78
Female,16,Yes,Yes,Yes,Bachelor,17.0,59.8,9,0,74,78,71
Female,17,No,No,Yes,Master,27.0,65.8,5,0,93,83,85
Female,17,Yes,Yes,No,Master,23.0,64.4,7,0,85,84,84
Female,18,Yes,No,No,High School,16.0,87.8,4,0,79,92,93
Male,17,Yes,Yes,No,High School,20.0,74.7,3,0,84,75,89
Male,18,Yes,Yes,No,Bachelor,0.0,98.4,25,0,78,69,67
Male,19,Yes,No,No,High School,10.0,71.5,7,3,66,49,59
Female,18,Yes,No,Yes,High School,25.0,76.0,7,0,93,97,85
Female,18,Yes,Yes,No,No Formal Education,17.0,86.3,23,0,76,83,87
Male,19,Yes,Yes,No,High School,11.0,75.4,16,0,69,73,78
Female,19,Yes,No,Yes,High School,9.0,78.0,8,0,74,83,75
Female,18,Yes,Yes,No,No Formal Education,24.0,97.9,7,0,100,99,93
Female,15,No,Yes,Yes,High School,10.0,90.6,13,0,85,89,67
Female,16,Yes,Yes,No,Master,24.0,56.1,6,2,81,87,73
Female,17,Yes,Yes,No,PhD,9.0,61.1,10,0,72,71,62
Male,18,Yes,Yes,No,High School,15.0,86.4,19,0,94,80,86
Female,17,Yes,No,No,No Formal Education,0.0,85.3,7,0,61,82,69
Female,15,Yes,No,No,Master,6.0,68.4,5,0,66,70,56
Male,17,No,Yes,Yes,Bachelor,17.0,64.6,9,0,85,70,78
Female,16,Yes,Yes,No,PhD,5.0,88.1,6,1,67,69,67
Male,15,Yes,Yes,Yes,High School,8.0,94.5,17,0,76,73,81
Male,16,No,Yes,Yes,Master,6.0,81.2,6,1,76,78,64
Male,15,No,Yes,Yes,Bachelor,3.0,93.0,24,0,73,80,76
Female,18,Yes,Yes,Yes,Master,12.0,59.0,8,0,76,79,70
Male,17,Yes,No,No,No Formal Education,5.0,85.0,0,0,87,69,53
Male,16,No,No,Yes,No Formal Education,6.0,92.4,29,0,83,76,68
Male,18,Yes,No,No,High School,1.0,92.6,21,2,70,65,63
Female,15,Yes,Yes,Yes,Bachelor,8.0,77.6,11,0,62,69,78
Male,17,Yes,Yes,Yes,PhD,21.0,79.6,11,1,88,88,83
Male,19,Yes,No,Yes,Bachelor,17.0,84.1,1,0,91,86,77
Female,16,No,Yes,No,High School,19.0,83.4,25,0,85,83,93
Female,16,Yes,Yes,Yes,Master,15.0,65.3,11,0,72,80,77
Female,19,No,Yes,No,Bachelor,2.0,92.2,1,0,76,76,79
Female,18,Yes,No,Yes,Bachelor,1.0,70.4,21,0,67,58,55
Female,16,Yes,Yes,No,High School,16.0,97.1,28,3,70,76,70
Female,15,Yes,Yes,No,PhD,5.0,89.6,25,2,65,73,73
Male,19,Yes,Yes,No,Bachelor,22.0,87.0,27,0,90,95,95
Male,19,Yes,Yes,No,Master,14.0,98.4,3,0,87,87,82
Male,18,Yes,Yes,No,High School,21.0,71.2,13,0,93,84,82
Male,15,Yes,No,No,Bachelor,0.0,88.5,25,0,81,68,68
Male,18,Yes,Yes,Yes,High School,3.0,67.5,13,0,72,62,62
Male,19,Yes,Yes,No,No Formal Education,11.0,61.2,19,2,68,67,62
Male,19,Yes,No,No,PhD,4.0,63.3,20,0,66,54,57
Male,15,Yes,Yes,No,Bachelor,22.0,80.3,15,0,91,87,87
Female,15,No,Yes,No,High School,28.0,77.9,29,2,89,83,70
Female,18,Yes,Yes,No,Master,11.0,88.8,14,0,73,88,84
Male,17,Yes,Yes,Yes,High School,26.0,68.6,17,0,93,92,84
Female,15,Yes,Yes,No,High School,3.0,72.3,24,1,53,69,54
Male,18,Yes,No,Yes,Master,9.0,76.6,7,0,68,78,77
Female,16,Yes,No,No,PhD,12.0,65.2,17,3,61,65,63
Female,18,Yes,Yes,Yes,Bachelor,0.0,78.6,17,0,62,56,67
Female,19,Yes,Yes,No,Bachelor,25.0,63.2,4,0,76,81,83
Female,16,Yes,No,No,High School,6.0,84.9,9,0,71,75,74
Female,16,Yes,Yes,No,Bachelor,6.0,69.4,7,1,67,74,51
Female,15,Yes,Yes,No,No Formal Education,13.0,96.0,7,0,94,89,88
Male,16,Yes,No,Yes,Bachelor,15.0,56.1,24,0,68,69,69
Male,18,No,Yes,No,Bachelor,0.0,94.0,12,0,73,63,55
Male,18,Yes,Yes,Yes,Master,0.0,79.5,12,1,67,59,61
Male,16,Yes,No,Yes,High School,24.0,71.1,5,0,91,84,85
Female,18,Yes,No,No,High School,22.0,93.2,1,0,96,92,81
Male,18,Yes,Yes,Yes,No Formal Education,28.0,74.4,4,1,99,95,77
Male,15,Yes,Yes,Yes,Master,9.0,94.5,18,0,75,81,73
Male,15,Yes,No,Yes,High School,9.0,97.5,8,1,88,82,69
Female,18,Yes,No,No,High School,24.0,87.6,14,0,95,94,93
Male,16,Yes,Yes,No,Master,1.0,76.5,8,0,67,63,60
Male,15,Yes,No,Yes,High School,12.0,60.0,29,0,71,72,66
Female,15,Yes,Yes,Yes,High School,27.0,91.7,11,0,100,98,100
Female,16,No,No,Yes,Bachelor,25.0,66.7,10,0,86,82,79
Female,16,Yes,Yes,No,PhD,8.0,80.5,0,1,73,82,68
Female,19,Yes,No,Yes,Bachelor,11.0,88.1,15,1,73,82,76
Male,18,Yes,Yes,No,Bachelor,22.0,62.1,26,0,71,83,64
Female,15,Yes,Yes,Yes,Bachelor,16.0,65.1,3,0,69,76,76
Male,17,Yes,Yes,Yes,Bachelor,21.0,58.8,14,0,82,85,84
Male,17,Yes,No,No,Bachelor,8.0,80.5,10,0,85,76,76
Male,15,Yes,Yes,No,Bachelor,12.0,93.4,5,0,91,83,82
Male,16,Yes,Yes,No,High School,7.0,76.8,9,0,73,67,76
Male,15,Yes,Yes,Yes,High School,26.0,68.7,14,2,91,95,85
Female,17,Yes,Yes,Yes,No Formal Education,6.0,78.7,15,0,73,76,69
Female,19,Yes,Yes,No,Master,8.0,84.2,9,0,73,75,74
Male,17,Yes,Yes,No,Bachelor,14.0,98.4,17,0,91,87,98
Male,15,Yes,No,No,No Formal Education,18.0,89.9,0,1,91,88,75
Female,18,Yes,Yes,No,PhD,27.0,88.9,17,2,88,88,93
Male,18,Yes,No,No,High School,2.0,87.4,0,2,66,72,51
Female,17,No,Yes,Yes,High School,23.0,72.4,5,0,82,93,83
Female,15,Yes,Yes,Yes,No Formal Education,12.0,84.7,26,1,73,79,88
Female,19,Yes,No,No,Master,18.0,67.4,21,2,71,80,75
Female,19,Yes,Yes,Yes,Bachelor,0.0,65.3,12,0,68,65,53
Male,18,Yes,Yes,No,No Formal Education,21.0,55.4,28,2,71,65,62
Female,19,Yes,Yes,No,No Formal Education,11.0,91.9,21,0,80,76,63
Male,18,Yes,No,No,Master,27.0,86.4,14,2,96,85,84
Male,18,No,Yes,Yes,No Formal Education,5.0,83.9,6,0,84,80,75
Female,19,Yes,Yes,No,Bachelor,9.0,60.2,12,1,53,71,70
Male,17,Yes,No,No,High School,2.0,94.7,22,0,76,79,66
Male,19,Yes,Yes,No,High School,4.0,88.9,24,0,63,61,72
Male,16,No,Yes,No,Bachelor,18.0,72.7,25,3,73,66,57
Female,18,Yes,Yes,No,Bachelor,23.0,92.5,22,0,92,94,87
Male,17,No,Yes,No,Bachelor,8.0,91.2,13,0,85,82,70
Female,19,Yes,Yes,No,Bachelor,0.0,75.4,13,0,60,67,67
Male,18,No,Yes,Yes,Bachelor,18.0,85.1,17,2,72,77,70
Female,16,Yes,No,No,No Formal Education,3.0,58.8,9,2,55,63,48
Male,19,Yes,Yes,No,High School,8.0,62.0,27,0,69,67,52
Male,19,Yes,No,Yes,Bachelor,19.0,86.5,18,0,92,98,84
Male,18,Yes,Yes,No,No Formal Education,9.0,60.3,18,1,59,73,50
Female,19,Yes,Yes,No,Bachelor,12.0,91.5,20,0,79,90,79
Male,18,Yes,Yes,No,No Formal Education,6.0,57.0,11,0,58,63,64
Female,18,Yes,No,Yes,High School,3.0,63.4,11,3,49,57,60
Male,18,No,Yes,No,PhD,6.0,87.2,25,0,81,70,63
Female,16,Yes,Yes,Yes,PhD,12.0,93.4,11,0,78,89,97
Male,15,Yes,Yes,Yes,Bachelor,27.0,85.2,17,2,96,91,93
Male,19,Yes,Yes,No,Bachelor,17.0,84.4,27,0,85,90,78
Female,18,No,Yes,Yes,Bachelor,22.0,58.8,7,3,73,80,67
Male,15,Yes,Yes,No,PhD,11.0,56.0,18,1,68,63,63
Female,17,Yes,Yes,Yes,PhD,1.0,57.7,24,1,57,61,55
Female,19,Yes,Yes,No,PhD,20.0,80.8,19,0,87,97,81
Male,16,Yes,No,No,Master,23.0,88.5,3,0,87,93,81
Male,17,Yes,Yes,No,No Formal Education,14.0,89.9,6,0,89,88,81
Female,19,Yes,No,Yes,High School,11.0,77.1,16,0,68,77,73
Male,16,Yes,Yes,No,PhD,6.0,57.1,1,0,69,61,58
Female,16,Yes,No,No,Bachelor,25.0,73.9,12,0,80,90,92
Male,19,No,Yes,No,High School,25.0,73.1,4,0,77,95,87
Male,19,No,Yes,No,Bachelor,2.0,87.7,25,2,75,56,61
Male,17,Yes,Yes,No,High School,28.0,68.1,19,0,86,89,82
Female,15,No,No,No,High School,16.0,88.5,16,1,77,75,76
Female,19,Yes,Yes,No,No Formal Education,11.0,73.0,7,0,79,74,75
Female,16,Yes,Yes,No,High School,15.0,77.7,16,0,78,89,83
Female,15,Yes,Yes,No,Bachelor,13.0,60.1,27,0,71,72,71
Female,16,Yes,Yes,No,Master,19.0,85.0,29,0,89,89,90
Female,19,Yes,Yes,No,Bachelor,6.0,77.7,26,0,70,72,68
Female,19,Yes,No,No,High School,12.0,69.4,20,1,75,71,71
Female,16,Yes,Yes,No,High School,5.0,67.7,19,0,67,66,52
Male,17,Yes,Yes,Yes,Master,19.0,86.4,26,0,92,94,83
Male,16,Yes,No,No,Bachelor,12.0,77.7,12,0,70,78,75
Male,16,No,Yes,No,Master,3.0,59.8,13,1,62,59,48
Male,16,Yes,Yes,Yes,High School,2.0,69.9,12,0,68,61,66
Male,18,Yes,Yes,No,High School,26.0,66.0,24,2,80,69,71
Male,18,Yes,Yes,Yes,Master,20.0,90.6,11,1,90,95,89
Female,19,No,No,Yes,PhD,25.0,91.4,17,1,100,100,88
Female,19,No,No,No,High School,1.0,83.1,18,0,68,75,70
Female,17,Yes,Yes,No,High School,13.0,67.7,16,3,62,57,59
Female,19,Yes,Yes,No,Master,20.0,99.1,14,0,99,92,96
Female,19,No,Yes,No,High School,5.0,72.0,1,0,64,65,67
Male,17,Yes,No,Yes,High School,29.0,83.2,15,0,100,93,91
Female,15,Yes,Yes,Yes,Bachelor,16.0,65.0,25,2,89,82,77
Male,18,Yes,Yes,Yes,High School,15.0,60.9,13,0,77,71,75
Female,16,Yes,No,No,Master,6.0,64.2,14,0,68,65,69
Female,17,Yes,No,Yes,Master,2.0,98.0,7,0,80,75,75
Female,16,Yes,Yes,No,High School,0.0,66.2,24,0,58,62,54
Male,17,Yes,Yes,No,High School,8.0,65.7,28,2,55,62,68
Female,19,Yes,Yes,No,High School,9.0,82.1,5,0,76,74,70
Male,18,Yes,Yes,Yes,Master,11.0,91.6,7,0,90,79,81
Male,19,Yes,Yes,No,High School,0.0,90.9,16,1,75,67,66
Male,16,No,Yes,No,No Formal Education,2.0,84.2,23,0,79,63,66
Female,18,Yes,No,Yes,Bachelor,9.0,89.0,4,1,81,79,71
Male,18,No,No,No,PhD,13.0,94.2,19,0,88,81,87
Female,17,Yes,Yes,No,Bachelor,25.0,98.4,2,2,91,95,84
Female,19,Yes,No,No,Master,28.0,60.6,7,0,88,91,80
Female,19,Yes,Yes,No,High School,1.0,88.2,28,0,76,76,69
Male,18,Yes,Yes,No,Bachelor,0.0,92.7,7,0,75,69,67
Female,17,Yes,Yes,Yes,Bachelor,9.0,80.4,21,0,77,77,81
Female,16,Yes,No,No,High School,8.0,96.1,2,0,86,87,79
Male,16,Yes,Yes,Yes,No Formal Education,2.0,69.9,0,0,70,64,67
Male,15,Yes,Yes,No,Bachelor,22.0,56.8,13,0,80,69,71
Male,15,Yes,No,No,Master,23.0,95.7,11,0,94,90,93
Male,16,Yes,Yes,No,PhD,2.0,68.9,11,0,56,54,64
Female,17,Yes,Yes,Yes,Master,3.0,56.5,18,0,61,65,65
Female,16,Yes,Yes,No,High School,11.0,96.2,24,1,71,83,83
Female,16,Yes,Yes,No,PhD,2.0,88.9,10,2,64,64,55
Female,19,Yes,Yes,No,Bachelor,6.0,63.3,25,0,69,70,71
Male,17,Yes,Yes,No,Master,29.0,77.8,15,0,95,91,93
Male,19,Yes,Yes,No,High School,10.0,61.6,26,0,64,76,66
Female,17,Yes,Yes,No,Master,15.0,98.4,10,1,72,90,87
Female,19,Yes,No,No,No Formal Education,9.0,94.2,29,3,65,75,58
Male,17,Yes,Yes,Yes,Bachelor,18.0,82.5,20,0,82,84,70
Female,18,Yes,No,No,High School,8.0,62.2,11,0,63,63,69
Female,15,Yes,No,No,Master,23.0,63.7,2,2,68,75,76
Female,15,Yes,Yes,No,Master,19.0,79.3,20,0,84,92,68
Male,17,Yes,Yes,No,High School,3.0,93.5,6,0,70,80,64
Female,16,No,Yes,No,High School,15.0,92.5,15,2,71,74,78
Female,19,Yes,Yes,No,High School,13.0,96.0,12,0,90,85,84
Male,15,Yes,Yes,Yes,High School,9.0,67.0,7,0,63,78,66
Female,16,Yes,No,Yes,Master,27.0,55.3,19,1,85,85,83
Male,16,Yes,Yes,No,PhD,2.0,65.2,14,0,79,62,55
Male,17,Yes,No,Yes,Master,27.0,68.7,8,0,94,94,83
Female,19,Yes,No,Yes,Bachelor,13.0,64.6,22,0,83,77,75
Male,18,Yes,No,No,Bachelor,18.0,84.6,7,0,80,87,83
Female,16,Yes,Yes,Yes,PhD,24.0,90.1,23,2,100,91,95
Female,15,Yes,No,No,Master,0.0,69.9,29,0,63,55,54
Male,19,Yes,Yes,No,Bachelor,23.0,62.5,4,0,91,74,80
Male,17,Yes,Yes,No,Bachelor,20.0,67.2,27,0,81,81,77
Female,17,Yes,No,No,High School,27.0,99.9,8,0,94,100,97
Male,17,Yes,No,Yes,Bachelor,21.0,76.9,28,0,97,86,91
Female,16,Yes,Yes,No,PhD,9.0,93.5,24,2,64,76,75
Male,18,Yes,Yes,No,No Formal Education,27.0,59.5,8,3,81,73,62
Male,19,No,No,No,PhD,21.0,97.2,1,0,90,95,85
Female,15,Yes,Yes,No,Bachelor,2.0,88.7,24,1,70,66,61
Female,18,Yes,Yes,Yes,No Formal Education,5.0,75.4,3,0,72,72,70
Male,16,Yes,Yes,Yes,Bachelor,0.0,89.6,11,0,72,72,61
Female,17,Yes,Yes,No,Master,18.0,91.7,26,0,80,88,86
Male,15,Yes,No,No,Master,9.0,75.1,3,1,75,58,60
Female,18,No,No,No,Bachelor,29.0,75.1,17,0,87,88,94
Male,17,No,Yes,No,Master,6.0,99.8,5,0,76,76,70
Female,17,Yes,No,Yes,High School,18.0,58.8,22,0,71,84,86
Female,17,Yes,Yes,Yes,Bachelor,20.0,73.9,4,0,81,79,92
Male,16,Yes,Yes,Yes,High School,10.0,59.6,20,0,71,72,64
Female,17,Yes,No,No,High School,7.0,80.4,7,0,66,75,74
Female,18,No,Yes,No,Bachelor,9.0,73.9,3,0,74,73,61
Female,15,No,Yes,No,High School,8.0,86.7,3,0,83,69,63
Female,19,No,Yes,Yes,High School,5.0,89.3,18,1,71,72,72
Female,19,Yes,Yes,Yes,Bachelor,28.0,86.3,4,0,100,99,94
Male,19,Yes,Yes,No,High School,15.0,87.0,0,0,88,80,79
Male,17,Yes,Yes,Yes,Master,28.0,72.2,15,0,95,92,96
Female,18,Yes,Yes,No,No Formal Education,23.0,84.3,29,2,81,93,85
Male,15,Yes,Yes,No,High School,14.0,57.2,21,0,76,76,75
Male,16,Yes,No,No,Master,24.0,71.9,24,0,90,81,85
Female,16,Yes,No,No,Bachelor,26.0,86.7,9,0,99,96,86
Female,16,Yes,No,No,High School,23.0,59.7,15,0,86,82,79
Male,19,Yes,Yes,No,PhD,24.0,83.2,1,0,97,82,85
Male,16,Yes,Yes,No,PhD,26.0,81.5,26,2,100,85,82
Female,18,Yes,No,No,Bachelor,5.0,83.1,11,0,74,76,65
Male,15,Yes,Yes,No,No Formal Education,1.0,89.3,10,0,74,72,68
Male,19,Yes,Yes,Yes,Master,22.0,75.7,24,1,91,77,70
Male,17,Yes,No,No,Master,29.0,59.4,3,0,86,89,76
Male,17,Yes,No,No,High School,25.0,56.8,19,0,76,83,76
Male,19,Yes,No,No,No Formal Education,25.0,89.1,19,0,96,94,93
Male,16,Yes,Yes,No,Bachelor,26.0,83.3,22,2,100,86,82
Female,16,Yes,No,Yes,High School,28.0,91.0,15,0,99,94,95
Male,18,Yes,Yes,Yes,Bachelor,4.0,87.8,3,0,80,75,78
Male,19,No,No,No,Bachelor,15.0,68.8,22,0,76,71,81
Male,16,Yes,No,No,Master,5.0,72.3,1,0,69,64,69
Female,18,Yes,Yes,No,No Formal Education,20.0,75.1,27,0,77,91,88
Female,16,Yes,Yes,Yes,Bachelor,19.0,61.5,17,0,77,74,82
Male,15,Yes,Yes,Yes,Master,18.0,87.1,20,1,93,88,75
Female,18,Yes,Yes,Yes,Bachelor,3.0,69.2,25,0,65,70,58
Male,16,Yes,No,Yes,Bachelor,10.0,78.6,7,0,78,79,70
Male,18,Yes,Yes,No,Bachelor,29.0,92.5,16,0,94,94,89
Male,15,Yes,Yes,No,Bachelor,0.0,58.2,0,0,53,56,55
Female,15,Yes,Yes,Yes,High School,8.0,90.4,17,0,75,75,78
Female,18,Yes,Yes,No,No Formal Education,9.0,66.5,5,1,65,60,68
Female,19,Yes,Yes,No,Bachelor,14.0,77.4,4,1,93,84,78
Female,17,No,Yes,Yes,High School,29.0,75.8,2,0,85,94,87
Male,15,Yes,Yes,No,Bachelor,15.0,91.4,5,0,78,81,77
Male,19,Yes,Yes,No,High School,8.0,71.3,12,0,69,66,68
Female,15,Yes,Yes,No,High School,4.0,91.0,14,2,69,70,63
Male,17,Yes,No,No,Bachelor,2.0,95.5,22,2,69,66,53
Female,16,Yes,Yes,No,PhD,5.0,91.2,6,0,80,73,73
Female,16,No,Yes,No,PhD,28.0,84.6,5,0,88,100,97
Female,16,No,Yes,No,Bachelor,10.0,72.3,27,0,65,69,62
Male,16,Yes,No,Yes,High School,14.0,71.0,14,0,83,78,72
Female,19,Yes,No,No,Bachelor,10.0,61.3,25,0,71,66,65
Male,16,Yes,No,No,PhD,1.0,78.9,22,0,60,61,67
Female,16,Yes,Yes,No,High School,11.0,61.9,5,0,68,67,77
Male,19,No,Yes,No,PhD,16.0,97.6,17,0,85,82,91
Male,19,Yes,No,No,Bachelor,29.0,90.6,12,0,100,100,94
Male,19,Yes,Yes,No,Bachelor,3.0,74.3,20,0,68,59,64
Male,16,Yes,No,No,High School,16.0,83.1,18,0,88,80,75
Male,19,Yes,No,Yes,High School,6.0,95.7,1,0,83,85,73
Female,17,Yes,No,Yes,No Formal Education,2.0,64.1,1,0,57,69,62
Female,16,Yes,Yes,No,No Formal Education,27.0,57.9,29,0,94,84,78
Female,17,Yes,No,No,Bachelor,26.0,67.9,18,0,92,90,79
Male,17,Yes,No,No,Bachelor,28.0,96.8,6,3,100,98,92
Male,19,Yes,No,No,Bachelor,8.0,80.0,17,2,77,75,61
Female,16,Yes,No,No,High School,16.0,94.7,8,0,83,79,92
Male,18,Yes,Yes,No,Master,14.0,66.9,20,0,77,71,68
Female,18,Yes,No,No,Master,22.0,96.7,20,0,98,87,91
Female,18,Yes,Yes,Yes,PhD,18.0,59.4,23,0,77,73,80
Female,18,Yes,No,No,High School,3.0,74.3,5,2,53,61,66
Male,17,No,Yes,No,No Formal Education,26.0,65.8,26,0,88,89,77
Female,18,Yes,Yes,No,Master,9.0,70.8,7,0,71,73,71
Male,18,Yes,Yes,Yes,High School,23.0,56.4,25,1,70,72,79
Male,17,Yes,No,Yes,High School,0.0,99.3,7,0,76,76,66
Male,16,Yes,Yes,No,Bachelor,1.0,67.7,24,0,62,56,55
Female,17,Yes,No,No,High School,11.0,99.0,5,0,94,96,89
Male,18,No,Yes,Yes,PhD,1.0,86.9,12,1,68,72,77
Female,18,Yes,Yes,No,No Formal Education,2.0,79.5,18,0,69,74,69
Female,18,Yes,No,No,Bachelor,24.0,71.3,24,0,90,87,84
Male,15,Yes,Yes,No,High School,5.0,94.6,8,2,68,73,76
Male,19,Yes,No,No,No Formal Education,10.0,61.1,7,0,76,68,65
Male,19,Yes,Yes,No,High School,18.0,89.9,25,1,88,73,79
Male,17,Yes,Yes,Yes,PhD,28.0,65.1,26,0,93,85,86
Male,16,Yes,Yes,No,High School,17.0,67.1,3,1,69,65,72
Female,19,Yes,No,No,High School,20.0,77.7,7,1,79,88,71
Female,19,Yes,No,No,No Formal Education,4.0,58.1,23,0,56,61,53
Male,18,Yes,Yes,Yes,High School,14.0,62.4,2,1,58,69,69
Female,18,No,No,Yes,No Formal Education,5.0,97.4,10,1,67,59,76
Male,19,No,No,Yes,No Formal Education,25.0,60.0,8,0,83,86,86
Female,18,Yes,Yes,No,Master,10.0,67.3,22,0,67,70,73
Male,15,Yes,No,No,No Formal Education,3.0,56.9,17,0,43,56,44
Female,17,Yes,Yes,No,Bachelor,10.0,79.8,2,0,71,82,70
Male,16,Yes,Yes,Yes,High School,28.0,69.7,21,0,98,87,82
Female,17,Yes,No,No,High School,9.0,55.1,7,0,68,70,54
Male,16,Yes,Yes,No,Bachelor,28.0,95.1,2,0,100,100,94
Female,17,Yes,Yes,No,Master,8.0,89.5,2,0,79,95,80
Female,15,Yes,Yes,Yes,Bachelor,5.0,57.0,6,0,55,61,57
Male,17,Yes,No,No,Master,27.0,92.4,2,0,100,100,97
Male,15,No,Yes,No,Bachelor,28.0,72.2,15,0,100,89,89
Female,15,Yes,Yes,Yes,No Formal Education,8.0,87.0,20,0,85,84,83
Male,18,Yes,Yes,No,Bachelor,8.0,78.7,29,0,75,81,77
Male,17,Yes,Yes,Yes,PhD,26.0,80.7,22,2,92,76,88
Male,15,Yes,Yes,No,No Formal Education,26.0,96.3,26,0,99,100,84
Male,16,Yes,Yes,No,PhD,17.0,60.0,28,0,72,76,64
Female,18,Yes,No,Yes,No Formal Education,20.0,83.5,6,0,98,99,79
Female,18,Yes,Yes,Yes,PhD,27.0,92.1,29,0,100,100,97
Female,18,Yes,No,Yes,No Formal Education,20.0,97.2,27,0,92,93,92
Female,18,Yes,No,No,High School,6.0,95.5,22,2,70,70,72
Female,19,Yes,No,No,Master,13.0,82.4,3,1,79,80,79
Female,18,Yes,Yes,No,High School,2.0,99.2,10,1,83,75,68
Male,19,Yes,No,Yes,High School,15.0,90.4,3,0,89,94,96
Male,15,Yes,Yes,No,Bachelor,12.0,99.8,22,0,90,89,92
Female,18,Yes,No,No,No Formal Education,4.0,64.8,8,0,57,62,61
Male,18,Yes,Yes,Yes,Bachelor,20.0,97.0,6,0,99,91,93
Male,16,Yes,Yes,No,Master,1.0,86.1,5,0,74,77,65
Female,16,No,Yes,Yes,Master,4.0,57.1,0,0,61,55,57
Male,18,No,Yes,No,Bachelor,26.0,99.1,24,1,100,86,95
Female,15,Yes,Yes,Yes,High School,24.0,72.4,24,0,89,91,92
Female,15,Yes,No,No,No Formal Education,21.0,82.9,5,0,93,96,89
Female,18,No,No,No,Bachelor,4.0,73.6,12,1,69,67,61
Male,16,Yes,Yes,Yes,High School,7.0,82.4,0,0,79,85,67
Female,15,Yes,No,Yes,High School,28.0,79.5,20,0,100,96,93
Female,17,Yes,No,No,High School,21.0,88.8,18,0,100,91,99
Female,17,Yes,No,No,Bachelor,14.0,57.3,22,2,60,64,66
Female,15,Yes,Yes,Yes,Master,11.0,61.8,6,0,71,83,76
Male,16,No,Yes,Yes,PhD,19.0,77.5,29,3,79,83,82
Female,17,Yes,Yes,Yes,No Formal Education,21.0,73.7,23,0,90,95,89
Male,17,Yes,Yes,No,Bachelor,7.0,76.7,16,0,75,76,61
Female,15,Yes,Yes,Yes,Bachelor,26.0,69.4,11,0,96,95,90
Female,18,Yes,Yes,No,Master,22.0,65.2,21,0,83,84,83
Male,18,Yes,Yes,Yes,Master,14.0,78.9,19,0,83,79,79
Female,19,Yes,No,No,Bachelor,20.0,88.6,9,0,94,90,85
Male,18,No,Yes,No,High School,7.0,72.5,24,0,72,75,61
Male,16,Yes,Yes,No,High School,13.0,64.6,0,0,71,76,71
Female,19,Yes,No,No,Master,18.0,85.6,20,0,89,100,77
Female,15,Yes,Yes,No,Bachelor,14.0,65.1,19,1,63,72,67
Male,17,Yes,No,No,Master,17.0,97.4,7,0,88,76,92
Female,15,Yes,No,No,High School,29.0,99.1,18,0,96,100,100
Female,17,No,No,No,High School,1.0,82.8,12,0,63,76,65
Female,19,Yes,Yes,No,Bachelor,12.0,82.2,28,0,88,81,72
Male,15,Yes,Yes,Yes,Master,27.0,96.9,11,0,100,100,99
Male,16,Yes,Yes,No,No Formal Education,13.0,66.7,10,0,88,79,63
Male,17,No,Yes,Yes,No Formal Education,23.0,83.9,21,0,82,88,83
Male,15,Yes,Yes,Yes,Master,9.0,91.6,4,0,86,84,76
Male,18,Yes,No,No,High School,27.0,65.5,4,1,87,89,89
Male,18,Yes,No,No,Bachelor,0.0,64.7,10,3,47,50,50
Male,18,Yes,No,No,High School,5.0,73.5,25,0,64,68,68
Male,16,Yes,No,No,High School,21.0,67.5,0,0,88,86,73
Female,16,Yes,Yes,No,High School,3.0,95.2,23,2,64,77,63
Female,17,No,No,Yes,High School,22.0,98.9,19,0,96,95,96
Female,17,Yes,No,Yes,High School,28.0,86.4,3,1,98,96,98
Male,18,Yes,Yes,Yes,No Formal Education,14.0,84.2,18,0,78,88,84
Male,15,Yes,Yes,No,Master,28.0,99.9,5,0,99,100,97
Male,18,Yes,Yes,Yes,Master,0.0,77.3,0,0,64,69,64
Female,16,Yes,Yes,No,Bachelor,12.0,91.2,8,0,89,90,72
Female,18,Yes,No,No,No Formal Education,19.0,69.7,29,1,75,72,76
Female,16,Yes,Yes,No,High School,22.0,57.1,22,3,74,72,78
Female,16,No,No,Yes,High School,8.0,99.7,12,0,82,82,72
Male,16,Yes,Yes,Yes,No Formal Education,16.0,67.8,29,0,78,81,72
Male,16,Yes,No,No,Bachelor,16.0,99.6,27,0,100,81,83
Female,17,Yes,No,No,High School,4.0,72.5,10,0,61,63,65
Male,16,Yes,Yes,No,Bachelor,28.0,77.2,2,0,100,93,82
Male,16,Yes,Yes,No,Master,8.0,61.8,29,0,58,60,64
Male,17,Yes,Yes,Yes,High School,29.0,69.1,15,0,92,94,96
Female,16,Yes,No,No,PhD,10.0,81.3,29,0,70,63,71
Male,17,Yes,Yes,Yes,Bachelor,2.0,59.3,7,0,70,60,55
Female,17,Yes,Yes,No,High School,6.0,86.2,15,0,72,72,76
Male,16,Yes,Yes,No,PhD,26.0,70.4,16,0,91,78,88
Male,17,No,Yes,No,High School,0.0,93.0,21,0,73,71,77
Male,16,No,Yes,No,High School,14.0,64.0,12,0,72,69,68
Male,17,No,Yes,No,Master,0.0,61.7,26,2,48,61,52
Female,15,Yes,No,No,Master,0.0,75.3,13,0,58,65,62
Male,17,No,Yes,No,High School,17.0,83.7,5,0,80,87,85
Female,18,Yes,No,No,No Formal Education,23.0,77.0,26,0,86,95,87
Female,15,Yes,No,No,Bachelor,10.0,97.6,21,0,79,88,76
Female,17,No,Yes,No,High School,17.0,59.2,17,1,63,63,66
Female,19,Yes,No,Yes,Master,21.0,78.9,6,0,90,93,94
Female,15,Yes,No,No,Bachelor,23.0,73.8,27,3,83,72,76
Male,15,Yes,No,Yes,Master,4.0,60.4,15,0,63,66,58
Male,19,Yes,Yes,No,High School,24.0,86.5,14,0,91,86,92
Female,15,Yes,Yes,No,High School,29.0,72.9,1,2,76,85,87
Female,19,Yes,Yes,No,Master,2.0,93.5,8,0,72,74,72
Male,16,Yes,No,No,High School,14.0,88.1,29,2,69,73,76
Female,15,Yes,No,No,No Formal Education,29.0,62.1,16,3,75,70,80
Male,15,Yes,No,No,Bachelor,27.0,91.6,19,0,100,98,96
Female,19,Yes,No,Yes,Bachelor,9.0,77.3,26,0,85,89,78
Female,19,Yes,No,No,High School,21.0,90.0,3,0,88,97,90
Female,15,Yes,Yes,Yes,No Formal Education,21.0,84.6,26,0,92,94,88
Male,16,Yes,Yes,Yes,High School,15.0,64.5,14,0,81,88,67
Male,15,Yes,No,No,No Formal Education,23.0,89.0,28,1,87,80,84
Male,18,Yes,Yes,No,PhD,20.0,68.0,28,0,87,87,76
Female,18,Yes,Yes,No,High School,10.0,90.1,23,0,87,82,82
Female,17,Yes,Yes,No,Master,22.0,67.8,7,0,76,81,84
Male,19,Yes,No,Yes,PhD,1.0,60.3,17,1,57,58,61
Male,17,Yes,No,Yes,Bachelor,15.0,81.6,12,2,87,79,68
Female,15,Yes,No,No,Bachelor,28.0,82.0,10,0,76,95,82
Male,19,Yes,No,No,No Formal Education,29.0,98.8,18,0,100,93,93
Male,16,No,No,No,High School,5.0,79.4,16,0,76,74,65
Female,15,Yes,No,Yes,Master,5.0,66.4,4,0,77,76,69
Female,19,No,Yes,No,Bachelor,6.0,91.6,15,0,75,85,77
Male,17,Yes,Yes,No,Master,28.0,98.9,25,0,100,100,100
Male,15,No,No,No,Master,24.0,60.5,21,0,88,82,84
Female,15,Yes,No,Yes,Master,13.0,98.6,26,0,100,83,90
Female,17,Yes,Yes,No,High School,26.0,60.9,11,0,84,83,92
Female,15,Yes,Yes,Yes,High School,8.0,57.1,9,0,66,67,70
Male,15,No,Yes,Yes,Master,24.0,66.6,0,0,90,78,79
Male,16,Yes,Yes,No,Bachelor,5.0,92.4,10,0,74,65,82
Female,17,Yes,No,Yes,High School,7.0,61.4,5,0,67,69,65
Male,18,Yes,Yes,No,Bachelor,10.0,92.5,20,0,85,79,83
Male,18,Yes,Yes,No,Bachelor,26.0,77.1,8,0,89,100,85
Male,15,Yes,Yes,No,Bachelor,3.0,56.9,3,0,64,61,51
Female,18,Yes,Yes,No,No Formal Education,18.0,65.5,29,0,81,73,75
Male,19,Yes,Yes,No,High School,11.0,80.4,20,1,81,75,63
Female,15,No,No,No,No Formal Education,28.0,90.4,15,0,99,95,82
Female,15,Yes,No,No,PhD,5.0,94.7,27,1,78,76,73
Male,15,Yes,Yes,No,High School,10.0,94.2,8,3,71,69,63
Female,15,Yes,Yes,No,Master,24.0,64.8,20,0,82,90,78
Male,17,No,No,No,High School,29.0,82.6,5,0,97,83,90
Male,19,Yes,Yes,Yes,High School,18.0,56.8,4,3,77,68,67
Female,18,Yes,Yes,No,No Formal Education,13.0,61.2,29,0,70,75,77
Female,17,No,No,No,No Formal Education,21.0,61.2,20,0,76,78,77
Female,17,Yes,Yes,Yes,High School,8.0,88.0,27,0,88,61,67
Female,18,Yes,Yes,Yes,Bachelor,7.0,75.9,1,0,60,82,61
Female,16,Yes,Yes,Yes,Master,27.0,57.4,3,0,79,83,88
Male,19,No,No,No,Master,6.0,70.9,16,0,73,59,63
Male,16,No,No,Yes,High School,0.0,56.8,13,0,63,47,55
Male,19,Yes,Yes,Yes,High School,9.0,90.4,26,2,83,77,68
Female,18,Yes,Yes,No,Bachelor,21.0,59.2,11,0,82,79,79
Female,16,Yes,Yes,Yes,Master,5.0,72.6,8,2,60,74,63
Male,15,Yes,Yes,No,Bachelor,25.0,61.2,9,0,85,84,80
Female,17,Yes,No,No,Master,12.0,69.0,20,1,69,76,66
Male,18,Yes,Yes,Yes,Bachelor,19.0,65.3,20,1,79,80,76
Male,15,Yes,Yes,Yes,Master,7.0,88.6,24,1,72,79,74
Male,18,Yes,Yes,Yes,No Formal Education,14.0,58.2,12,0,73,76,67
Female,17,No,Yes,No,High School,29.0,67.7,19,2,81,79,84
Male,18,Yes,Yes,No,High School,3.0,74.4,15,0,73,68,66
Female,18,Yes,Yes,No,Bachelor,21.0,78.3,0,2,84,80,72
Female,16,Yes,Yes,No,Bachelor,14.0,96.7,9,0,81,79,87
Female,15,Yes,Yes,No,PhD,10.0,61.5,9,0,67,67,75
Male,15,Yes,No,No,Master,20.0,79.1,8,2,86,81,81
Male,19,Yes,No,No,Bachelor,24.0,73.2,26,0,81,82,76
Male,19,Yes,Yes,No,PhD,19.0,97.9,25,0,90,87,90
Male,19,Yes,Yes,No,Bachelor,25.0,77.3,2,0,88,96,92
Male,18,Yes,Yes,Yes,No Formal Education,20.0,75.3,8,0,81,89,83
Male,17,Yes,Yes,No,High School,26.0,60.9,11,1,85,86,78
Male,17,Yes,Yes,No,No Formal Education,24.0,67.3,10,0,92,82,70
Female,15,Yes,Yes,Yes,High School,14.0,59.5,28,1,75,75,65
Female,17,Yes,Yes,Yes,Bachelor,6.0,63.0,11,0,65,67,57
Female,17,Yes,No,Yes,Bachelor,22.0,83.8,21,1,75,91,89
Male,15,Yes,Yes,Yes,Bachelor,0.0,75.4,25,0,66,57,59
Female,15,Yes,Yes,No,Bachelor,9.0,68.5,27,0,66,72,71
Male,18,Yes,Yes,No,High School,9.0,69.1,29,1,74,69,68
Male,17,Yes,No,No,High School,28.0,60.0,21,0,85,90,87
Female,17,Yes,Yes,No,High School,27.0,60.9,21,0,89,87,82
Male,17,Yes,No,Yes,High School,11.0,73.6,20,0,77,77,71
