date,open,high,low,close,volume,ticker
2024-01-02,170.77,174.84,170.66,173.22,53992097,AAPL
2024-01-03,171.06,173.01,170.82,171.83,109616807,AAPL
2024-01-04,177.02,179.79,176.35,178.98,64660579,AAPL
2024-01-05,173.99,176.17,172.65,174.78,36800140,AAPL
2024-01-08,176.3,178.57,173.69,176.65,103085929,AAPL
2024-01-09,178.09,179.67,174.47,176.37,102463863,AAPL
2024-01-10,176.96,179.2,173.56,175.53,52242392,AAPL
2024-01-11,177.39,179.61,176.79,178.49,105463592,AAPL
2024-01-12,173.84,175.77,173.08,173.76,108940014,AAPL
2024-01-15,169.27,171.77,169.04,171.29,91054980,AAPL
2024-01-16,172.23,173.29,168.63,171.1,45486844,AAPL
2024-01-17,176.12,176.15,174.17,175.77,26846789,AAPL
2024-01-18,176.22,177.88,174.28,176.11,47826572,AAPL
2024-01-19,178.8,180.23,178.5,178.62,80070623,AAPL
2024-01-22,174.11,175.15,171.95,173.76,45919489,AAPL
2024-01-23,170.49,171.76,169.14,170.64,108944253,AAPL
2024-01-24,173.87,175.18,169.16,173.26,91415828,AAPL
2024-01-25,173.08,176.51,170.07,171.73,44157161,AAPL
2024-01-26,172.26,172.45,169.08,171.67,29712465,AAPL
2024-01-29,173.45,174.85,172.59,173.68,119333357,AAPL
2024-01-30,167.69,168.98,167.07,168.09,82946235,AAPL
2024-01-31,166.07,167.0,163.37,165.16,74289344,AAPL
2024-02-01,164.36,166.39,163.24,165.03,20562316,AAPL
2024-02-02,161.18,161.48,159.81,161.31,78425049,AAPL
2024-02-05,160.24,161.9,158.25,159.68,54887756,AAPL
2024-02-06,160.32,161.98,157.83,159.67,104283730,AAPL
2024-02-07,161.2,162.36,158.05,158.17,68511886,AAPL
2024-02-08,156.69,159.34,154.02,157.62,103461985,AAPL
2024-02-09,155.58,158.88,154.17,157.82,46737406,AAPL
2024-02-12,160.92,161.43,160.13,161.12,43269270,AAPL
2024-02-13,166.13,168.4,163.88,165.11,78688161,AAPL
2024-02-14,165.94,166.24,164.22,164.23,57593634,AAPL
2024-02-15,163.43,165.94,160.71,162.28,76768972,AAPL
2024-02-16,163.53,164.99,161.99,164.58,42673470,AAPL
2024-02-19,167.06,167.26,164.93,165.95,65953589,AAPL
2024-02-20,166.22,167.82,165.93,166.68,101359392,AAPL
2024-02-21,165.33,166.08,164.33,164.5,81496691,AAPL
2024-02-22,166.67,168.91,164.95,166.22,106563004,AAPL
2024-02-23,165.97,170.3,164.44,168.52,114369069,AAPL
2024-02-26,162.47,164.59,161.93,164.13,58153502,AAPL
2024-02-27,166.39,167.38,165.52,166.78,61425417,AAPL
2024-02-28,166.97,170.39,165.77,166.7,72528167,AAPL
2024-02-29,164.1,167.0,163.48,164.93,44312457,AAPL
2024-03-01,160.76,162.59,158.93,161.14,84904932,AAPL
2024-03-04,160.76,160.84,159.98,160.41,89514100,AAPL
2024-03-05,160.63,160.93,158.56,160.36,72429146,AAPL
2024-03-06,161.1,162.79,158.77,159.55,77090129,AAPL
2024-03-07,155.92,157.74,155.89,156.76,111287699,AAPL
2024-03-08,153.51,155.1,153.11,154.05,90882564,AAPL
2024-03-11,155.07,157.68,152.73,155.79,110856540,AAPL
2024-03-12,156.38,157.68,154.79,156.0,109963028,AAPL
2024-03-13,155.47,158.91,153.9,156.76,110238196,AAPL
2024-03-14,156.08,159.76,155.13,158.36,81895450,AAPL
2024-03-15,159.62,161.96,157.72,160.18,118436064,AAPL
2024-03-18,163.09,164.95,162.74,164.54,102548485,AAPL
2024-03-19,165.01,165.18,163.67,164.46,113513988,AAPL
2024-03-20,165.14,166.76,163.28,163.91,116660248,AAPL
2024-03-21,159.29,161.94,158.53,161.65,46963722,AAPL
2024-03-22,162.78,163.71,161.97,162.36,117124769,AAPL
2024-03-25,163.41,163.68,163.06,163.11,25062156,AAPL
2024-03-26,163.24,165.16,158.7,161.34,89307459,AAPL
2024-03-27,162.54,162.55,159.97,161.36,102100427,AAPL
2024-03-28,159.25,162.6,157.21,161.41,79019752,AAPL
2024-03-29,172.34,173.4,170.11,170.71,111575680,AAPL
2024-04-01,171.64,172.5,169.01,169.5,41995249,AAPL
2024-04-02,171.96,174.53,171.4,172.83,72524353,AAPL
2024-04-03,176.7,176.88,173.85,174.0,58442005,AAPL
2024-04-04,172.49,175.15,171.51,173.86,45241817,AAPL
2024-04-05,175.09,176.53,173.23,175.04,48361148,AAPL
2024-04-08,174.87,176.66,174.15,176.1,42352310,AAPL
2024-04-09,178.68,178.89,175.2,176.12,77845953,AAPL
2024-04-10,177.23,177.76,174.92,175.56,32093927,AAPL
2024-04-11,176.08,177.53,174.5,174.67,54518038,AAPL
2024-04-12,173.76,175.88,171.78,173.76,94828727,AAPL
2024-04-15,174.68,175.77,174.44,174.6,50752205,AAPL
2024-04-16,175.7,177.93,172.47,174.4,68434040,AAPL
2024-04-17,177.16,177.37,175.09,177.06,20284993,AAPL
2024-04-18,181.65,183.28,179.99,180.9,32771932,AAPL
2024-04-19,182.08,185.38,179.86,180.86,48645693,AAPL
2024-04-22,179.99,181.07,179.27,180.15,118621188,AAPL
2024-04-23,184.68,185.25,183.5,183.89,29790750,AAPL
2024-04-24,183.89,184.95,182.9,183.81,102057170,AAPL
2024-04-25,182.82,184.84,182.1,184.5,82013666,AAPL
2024-04-26,186.61,186.84,182.25,183.54,38857876,AAPL
2024-04-29,184.08,185.19,182.76,184.02,58535828,AAPL
2024-04-30,187.76,189.43,185.9,187.77,88426845,AAPL
2024-05-01,189.92,190.98,186.71,190.45,65513449,AAPL
2024-05-02,186.29,187.49,184.66,187.44,49328550,AAPL
2024-05-03,184.28,187.48,183.43,185.15,54330945,AAPL
2024-05-06,186.29,187.19,183.58,184.13,59779898,AAPL
2024-05-07,184.64,185.2,182.82,183.4,104123402,AAPL
2024-05-08,185.83,186.26,184.89,185.46,90042717,AAPL
2024-05-09,181.52,182.51,179.42,179.69,22033521,AAPL
2024-05-10,183.66,184.1,180.05,183.34,118168210,AAPL
2024-05-13,180.31,180.33,179.55,180.29,33633435,AAPL
2024-05-14,184.07,186.59,181.93,183.25,65370673,AAPL
2024-05-15,181.06,181.23,177.76,179.9,65416703,AAPL
2024-05-16,178.55,179.47,177.97,179.45,71303624,AAPL
2024-05-17,180.98,183.2,180.67,181.93,87087829,AAPL
2024-05-20,183.27,183.99,181.49,182.13,80054180,AAPL
2024-05-21,188.27,188.53,184.52,185.49,83392433,AAPL
2024-05-22,193.11,195.07,191.92,192.78,98166287,AAPL
2024-05-23,189.68,191.64,188.02,191.39,116165518,AAPL
2024-05-24,189.98,190.62,188.32,188.71,28032483,AAPL
2024-05-27,185.47,186.1,185.01,185.52,110739909,AAPL
2024-05-28,181.37,182.96,180.9,181.45,55033807,AAPL
2024-05-29,178.25,181.45,176.35,180.82,34168647,AAPL
2024-05-30,179.45,179.76,176.0,176.6,24356475,AAPL
2024-05-31,170.47,171.39,169.36,169.77,76429229,AAPL
2024-06-03,166.57,170.48,165.48,168.21,35691396,AAPL
2024-06-04,169.57,173.39,168.42,172.45,107876289,AAPL
2024-06-05,175.14,178.81,172.52,173.24,20796188,AAPL
2024-06-06,168.95,171.28,167.8,169.99,91581061,AAPL
2024-06-07,166.29,169.6,165.95,167.84,32095785,AAPL
2024-06-10,167.95,170.31,166.45,169.99,72991652,AAPL
2024-06-11,169.41,171.29,168.75,170.61,52984617,AAPL
2024-06-12,169.95,170.26,169.34,169.64,73760871,AAPL
2024-06-13,173.42,177.85,171.42,172.63,46634048,AAPL
2024-06-14,174.25,175.27,173.42,173.5,118420620,AAPL
2024-06-17,173.19,174.63,172.48,172.57,107860135,AAPL
2024-06-18,172.17,173.98,169.93,172.65,98935668,AAPL
2024-06-19,173.98,174.78,172.34,173.56,59809893,AAPL
2024-06-20,176.47,177.17,175.11,177.03,83305532,AAPL
2024-06-21,176.58,178.6,172.55,174.25,67897162,AAPL
2024-06-24,173.28,174.42,171.24,173.99,74199938,AAPL
2024-06-25,174.14,175.9,173.31,173.31,105795407,AAPL
2024-06-26,166.45,168.58,165.71,168.22,36229759,AAPL
2024-06-27,167.82,168.39,166.0,166.61,92687428,AAPL
2024-06-28,162.92,164.25,161.95,162.7,58353044,AAPL
2024-07-01,163.59,164.0,161.94,163.05,89826779,AAPL
2024-07-02,163.48,164.14,160.61,162.64,113367933,AAPL
2024-07-03,163.85,166.03,163.06,163.42,66135624,AAPL
2024-07-04,164.78,165.77,163.96,164.13,94362541,AAPL
2024-07-05,161.03,162.27,158.41,160.25,59096301,AAPL
2024-07-08,159.43,160.94,159.06,160.28,78602402,AAPL
2024-07-09,162.01,162.75,161.18,161.43,88814837,AAPL
2024-07-10,164.01,164.52,163.77,163.78,91726912,AAPL
2024-07-11,162.37,164.17,161.55,163.9,34726538,AAPL
2024-07-12,164.7,165.56,160.94,162.48,26846533,AAPL
2024-07-15,163.23,163.23,162.51,163.13,93364186,AAPL
2024-07-16,166.98,168.69,164.31,166.51,22687654,AAPL
2024-07-17,166.83,168.02,165.36,167.16,76408761,AAPL
2024-07-18,163.29,163.42,162.54,163.01,67983588,AAPL
2024-07-19,164.91,166.26,162.12,164.29,21556423,AAPL
2024-07-22,164.93,167.57,163.53,164.46,87442315,AAPL
2024-07-23,165.68,167.24,164.53,164.56,87689038,AAPL
2024-07-24,161.21,163.61,159.48,163.59,55241479,AAPL
2024-07-25,166.38,167.39,162.91,163.75,111404590,AAPL
2024-07-26,165.55,165.82,162.06,164.06,107204875,AAPL
2024-07-29,160.73,160.98,159.1,160.6,25732328,AAPL
2024-07-30,162.37,162.98,161.94,162.62,79934273,AAPL
2024-07-31,161.03,163.89,159.81,161.96,72720953,AAPL
2024-08-01,159.8,162.42,156.79,161.7,72532535,AAPL
2024-08-02,161.69,163.39,159.05,160.81,90878668,AAPL
2024-08-05,166.48,168.88,163.96,164.36,70638771,AAPL
2024-08-06,166.22,167.58,166.19,166.99,98068209,AAPL
2024-08-07,171.39,172.92,170.71,170.81,33371811,AAPL
2024-08-08,166.18,170.79,164.9,170.08,99379141,AAPL
2024-08-09,165.6,167.92,164.58,166.64,59850068,AAPL
2024-08-12,165.92,168.25,163.38,165.97,97013514,AAPL
2024-08-13,167.61,169.04,166.61,168.87,72300511,AAPL
2024-08-14,173.41,175.05,170.09,172.17,67725099,AAPL
2024-08-15,170.06,171.26,169.4,170.02,37159863,AAPL
2024-08-16,171.4,173.81,170.37,173.37,44674256,AAPL
2024-08-19,171.74,173.8,168.77,169.72,31696732,AAPL
2024-08-20,167.21,169.98,166.56,169.52,64662110,AAPL
2024-08-21,171.81,172.33,167.85,169.85,81332054,AAPL
2024-08-22,175.27,175.59,173.59,173.76,56079645,AAPL
2024-08-23,170.03,170.78,167.13,168.95,89090859,AAPL
2024-08-26,167.36,168.2,164.78,165.27,79041012,AAPL
2024-08-27,158.15,160.49,156.81,159.66,27914683,AAPL
2024-08-28,157.03,157.48,155.38,157.28,68873373,AAPL
2024-08-29,153.44,154.15,151.91,152.53,35912040,AAPL
2024-08-30,153.91,154.23,152.93,153.42,47046838,AAPL
2024-09-02,152.82,153.52,150.4,150.72,37822711,AAPL
2024-09-03,150.01,151.32,148.16,149.13,76870306,AAPL
2024-09-04,152.93,154.84,150.53,153.83,51759468,AAPL
2024-09-05,153.63,155.68,152.45,154.92,116651333,AAPL
2024-09-06,154.61,157.78,153.19,153.61,70463760,AAPL
2024-09-09,153.89,155.02,153.03,154.83,53067699,AAPL
2024-09-10,156.3,159.19,155.11,156.28,41163574,AAPL
2024-09-11,157.75,159.52,156.98,159.11,55794709,AAPL
2024-09-12,158.25,158.47,154.45,157.32,28296134,AAPL
2024-09-13,158.68,159.46,156.71,157.93,47832842,AAPL
2024-09-16,155.88,158.22,154.68,157.9,51374914,AAPL
2024-09-17,156.92,158.56,155.3,157.66,113996756,AAPL
2024-09-18,156.27,158.02,154.4,156.62,41892490,AAPL
2024-09-19,158.28,159.28,156.77,158.59,103401544,AAPL
2024-09-20,160.13,160.65,157.88,160.39,59143611,AAPL
2024-09-23,156.39,158.27,155.7,156.6,104197040,AAPL
2024-09-24,153.72,155.27,153.63,154.91,80830351,AAPL
2024-09-25,155.24,155.64,154.03,154.66,65939711,AAPL
2024-09-26,155.54,157.86,155.41,156.55,87938514,AAPL
2024-09-27,154.48,157.64,153.58,157.12,56792745,AAPL
2024-09-30,158.43,159.73,157.95,159.21,87023013,AAPL
2024-10-01,158.86,159.03,158.58,158.75,77891546,AAPL
2024-10-02,158.46,159.07,156.24,157.51,60578598,AAPL
2024-10-03,156.38,161.34,153.84,157.99,92507959,AAPL
2024-10-04,161.57,161.92,161.18,161.26,88674021,AAPL
2024-10-07,159.24,162.2,158.06,159.67,47818106,AAPL
2024-10-08,160.69,161.33,158.11,158.75,113295990,AAPL
2024-10-09,156.89,158.5,154.69,157.05,91848994,AAPL
2024-10-10,157.11,157.31,156.68,156.82,33756877,AAPL
2024-10-11,161.44,161.77,158.17,159.17,62506995,AAPL
2024-10-14,158.03,159.85,157.87,159.19,69845451,AAPL
2024-10-15,154.88,161.0,153.02,158.78,74572007,AAPL
2024-10-16,154.92,158.84,152.43,157.88,90924278,AAPL
2024-10-17,152.75,157.05,152.55,155.05,108769774,AAPL
2024-10-18,153.51,155.23,153.08,154.43,61228893,AAPL
2024-10-21,146.29,148.76,145.17,147.94,67312978,AAPL
2024-10-22,149.72,150.09,146.76,148.5,24478467,AAPL
2024-10-23,147.21,148.67,146.62,147.21,35711414,AAPL
2024-10-24,148.53,149.42,147.93,148.39,28511312,AAPL
2024-10-25,148.53,152.2,147.74,148.48,103152772,AAPL
2024-10-28,146.48,149.28,146.03,148.39,109867169,AAPL
2024-10-29,149.94,151.07,145.79,146.55,31837871,AAPL
2024-10-30,150.14,152.67,147.99,148.66,50511225,AAPL
2024-10-31,152.17,152.66,148.51,150.69,59092244,AAPL
2024-11-01,147.68,148.7,147.07,147.82,57616530,AAPL
2024-11-04,146.93,150.39,146.36,148.11,95643143,AAPL
2024-11-05,150.31,151.76,149.52,151.6,50900451,AAPL
2024-11-06,154.08,156.01,150.33,152.05,102299127,AAPL
2024-11-07,151.26,152.16,149.26,149.92,111210285,AAPL
2024-11-08,146.0,146.41,144.56,145.76,52776302,AAPL
2024-11-11,147.88,150.26,146.09,148.85,41471784,AAPL
2024-11-12,146.29,146.41,145.77,145.91,100286503,AAPL
2024-11-13,142.14,142.85,140.85,141.59,37883543,AAPL
2024-11-14,142.93,144.9,142.29,143.85,41651957,AAPL
2024-11-15,144.44,145.24,143.59,145.12,35539661,AAPL
2024-11-18,144.59,146.76,143.95,145.23,119536323,AAPL
2024-11-19,145.44,146.51,144.51,146.09,106734765,AAPL
2024-11-20,144.15,148.81,143.77,145.87,60677511,AAPL
2024-11-21,145.42,147.94,144.98,146.97,43055217,AAPL
2024-11-22,149.32,151.46,146.51,147.14,86033855,AAPL
2024-11-25,148.9,150.13,147.3,147.6,101149576,AAPL
2024-11-26,147.81,147.86,146.5,147.66,100857640,AAPL
2024-11-27,148.45,150.4,147.09,148.9,23345657,AAPL
2024-11-28,146.56,147.51,144.86,147.39,48276861,AAPL
2024-11-29,146.16,148.62,144.9,147.79,84795061,AAPL
2024-12-02,144.31,146.72,143.11,143.96,101859949,AAPL
2024-12-03,141.91,144.73,141.64,143.04,22027937,AAPL
2024-12-04,146.6,148.8,144.71,145.69,74966480,AAPL
2024-12-05,143.28,146.4,143.14,145.45,38140645,AAPL
2024-12-06,144.2,144.69,143.74,144.25,115721066,AAPL
2024-12-09,143.09,143.68,142.64,143.47,106827918,AAPL
2024-12-10,143.95,146.45,143.89,145.01,74298640,AAPL
2024-12-11,143.51,144.49,142.1,143.32,66484782,AAPL
2024-12-12,147.29,147.88,146.45,147.08,60766917,AAPL
2024-12-13,150.54,152.44,146.46,147.25,37816310,AAPL
2024-12-16,147.7,148.89,146.18,148.16,115458324,AAPL
2024-12-17,154.91,156.12,151.66,153.12,66356107,AAPL
2024-12-18,157.39,159.11,156.22,157.93,31720567,AAPL
2024-12-19,156.56,156.98,156.14,156.76,108386956,AAPL
2024-12-20,155.43,156.88,154.44,155.24,45844912,AAPL
2024-12-23,154.76,156.68,154.27,154.54,117324569,AAPL
2024-12-24,154.14,156.9,152.91,155.0,56961628,AAPL
2024-12-25,157.83,158.57,156.75,157.83,109574206,AAPL
2024-12-26,155.85,156.69,155.13,156.05,72101209,AAPL
2024-12-27,159.47,160.71,155.15,156.16,48057744,AAPL
2024-12-30,153.01,153.73,151.91,153.24,52080429,AAPL
2024-12-31,155.75,157.27,155.72,156.64,38591530,AAPL
2025-01-01,160.01,160.83,158.46,159.65,115297649,AAPL
2025-01-02,156.8,157.41,153.14,154.23,112460011,AAPL
2025-01-03,154.37,156.51,153.8,154.76,82477066,AAPL
2025-01-06,154.54,155.07,153.67,154.25,32637440,AAPL
2025-01-07,153.07,154.96,152.75,154.68,119235765,AAPL
2025-01-08,156.45,156.54,155.23,155.32,95045973,AAPL
2025-01-09,156.35,156.76,154.74,155.31,36886806,AAPL
2025-01-10,158.09,161.38,155.81,156.47,95981490,AAPL
2025-01-13,156.89,157.06,154.68,156.01,33621973,AAPL
2025-01-14,161.08,162.02,158.98,159.19,29952015,AAPL
2025-01-15,163.51,167.55,160.74,161.76,71237116,AAPL
2025-01-16,155.67,159.09,155.23,156.08,82905071,AAPL
2025-01-17,159.17,160.36,156.82,158.53,99304904,AAPL
2025-01-20,157.99,160.56,156.8,158.81,80611357,AAPL
2025-01-21,159.38,160.55,154.97,156.03,35679638,AAPL
2025-01-22,154.42,155.95,153.06,155.18,22190510,AAPL
2025-01-23,155.26,156.29,154.67,156.11,100580720,AAPL
2025-01-24,159.04,159.64,157.36,158.87,82455557,AAPL
2025-01-27,163.67,164.7,161.43,161.92,45980120,AAPL
2025-01-28,159.68,161.77,158.36,161.01,61444016,AAPL
2025-01-29,159.76,161.32,159.22,160.62,85315884,AAPL
2025-01-30,162.67,163.67,161.82,163.5,113006457,AAPL
2025-01-31,166.13,166.57,162.95,163.81,92366078,AAPL
2025-02-03,163.21,163.98,161.3,162.93,44234509,AAPL
2025-02-04,158.07,158.76,156.58,157.91,82011350,AAPL
2025-02-05,159.14,161.44,157.64,159.37,25205274,AAPL
2025-02-06,163.52,163.9,158.33,160.24,40286283,AAPL
2025-02-07,158.25,160.18,157.86,159.34,89612024,AAPL
2025-02-10,160.78,160.91,158.82,159.33,64425963,AAPL
2025-02-11,156.76,157.68,155.45,155.58,29042570,AAPL
2025-02-12,155.86,158.44,155.51,156.78,95294340,AAPL
2025-02-13,161.15,162.32,160.02,160.15,68593986,AAPL
2025-02-14,164.17,165.01,162.0,162.87,93299542,AAPL
2025-02-17,159.85,163.59,159.56,160.68,108178805,AAPL
2025-02-18,160.5,160.96,157.09,158.95,93720967,AAPL
2025-02-19,157.22,158.93,156.62,157.66,59322394,AAPL
2025-02-20,155.13,158.16,154.73,156.63,66976660,AAPL
2025-02-21,157.4,159.17,156.53,157.82,119096500,AAPL
2025-02-24,160.68,163.12,158.61,160.01,36425142,AAPL
2025-02-25,156.95,158.9,156.33,158.14,51742246,AAPL
2025-02-26,157.59,158.76,156.7,156.99,99571954,AAPL
2025-02-27,154.66,156.84,152.3,154.12,47876819,AAPL
2025-02-28,158.72,160.29,157.74,159.87,93002032,AAPL
2025-03-03,157.03,160.27,156.53,157.14,63908806,AAPL
2025-03-04,159.68,161.73,157.97,160.51,59773936,AAPL
2025-03-05,160.79,162.17,160.17,161.29,90099472,AAPL
2025-03-06,162.42,163.17,160.5,162.33,84106453,AAPL
2025-03-07,164.06,164.72,162.31,163.68,46948210,AAPL
2025-03-10,161.41,162.9,160.1,161.89,114146787,AAPL
2025-03-11,163.74,165.95,161.73,164.35,44904412,AAPL
2025-03-12,161.17,161.8,159.31,160.63,95032089,AAPL
2025-03-13,158.17,160.08,157.29,159.9,56722579,AAPL
2025-03-14,163.05,166.2,162.67,162.97,45042646,AAPL
2025-03-17,164.24,165.82,163.2,163.61,87814075,AAPL
2025-03-18,161.44,161.46,159.91,160.62,60831663,AAPL
2025-03-19,158.76,160.95,157.89,158.95,30417033,AAPL
2025-03-20,158.92,161.25,157.16,157.47,70738485,AAPL
2025-03-21,162.28,163.42,160.9,161.8,78598660,AAPL
2025-03-24,162.78,165.63,159.03,161.82,111867554,AAPL
2025-03-25,160.3,162.93,158.42,161.96,62212794,AAPL
2025-03-26,162.02,164.37,161.12,163.66,90148250,AAPL
2025-03-27,164.49,166.79,164.49,166.58,25786219,AAPL
2025-03-28,165.5,166.72,164.81,166.49,94856797,AAPL
2025-03-31,166.58,167.14,164.33,167.12,75786808,AAPL
2025-04-01,162.61,165.14,162.37,164.63,119561712,AAPL
2025-04-02,164.87,165.46,163.45,164.86,85227022,AAPL
2025-04-03,160.29,160.47,159.57,160.33,58094802,AAPL
2025-04-04,160.04,163.93,159.01,161.44,44185075,AAPL
2025-04-07,162.23,163.51,162.21,163.34,32222659,AAPL
2025-04-08,161.29,161.53,159.7,160.97,48918644,AAPL
2025-04-09,160.02,160.94,158.16,159.66,112342077,AAPL
2025-04-10,158.78,158.89,157.55,158.14,94393583,AAPL
2025-04-11,155.0,155.07,153.96,154.49,48581566,AAPL
2025-04-14,155.28,158.16,153.94,156.76,77514829,AAPL
2025-04-15,155.2,156.04,153.09,154.9,56401012,AAPL
2025-04-16,150.38,152.13,150.24,151.64,101486465,AAPL
2025-04-17,150.99,152.69,150.32,150.53,65177731,AAPL
2025-04-18,152.69,153.06,149.24,152.05,35903400,AAPL
2025-04-21,152.05,152.9,149.32,150.61,87066514,AAPL
2025-04-22,150.67,153.22,150.41,151.43,74461563,AAPL
2025-04-23,149.79,151.37,148.32,151.21,67692325,AAPL
2025-04-24,149.96,151.86,148.59,150.99,54874121,AAPL
2025-04-25,151.46,151.61,149.68,151.26,30847335,AAPL
2025-04-28,153.73,155.88,153.01,154.14,110039026,AAPL
2025-04-29,158.65,159.01,156.57,157.14,104562740,AAPL
2025-04-30,157.61,159.72,156.79,159.31,66771909,AAPL
2025-05-01,159.3,160.23,158.72,159.74,106570710,AAPL
2025-05-02,157.53,159.22,157.3,158.73,32825170,AAPL
2025-05-05,156.61,157.43,156.57,156.79,106821550,AAPL
2025-05-06,161.55,162.62,161.14,161.49,65764729,AAPL
2025-05-07,163.86,165.2,163.63,164.1,75401235,AAPL
2025-05-08,163.89,164.3,162.7,163.81,38825838,AAPL
2025-05-09,165.76,165.9,164.15,165.13,49111394,AAPL
2025-05-12,167.69,168.01,164.6,166.1,42828445,AAPL
2025-05-13,170.86,170.94,168.48,170.23,61893307,AAPL
2025-05-14,172.82,177.09,171.63,174.24,118778858,AAPL
2025-05-15,168.21,170.83,168.1,168.57,73348526,AAPL
2025-05-16,172.51,173.49,170.4,171.47,62882097,AAPL
2025-05-19,170.54,172.71,168.4,170.79,99463809,AAPL
2025-05-20,172.72,174.17,170.63,170.95,112865842,AAPL
2025-05-21,168.63,169.68,167.62,168.25,87456059,AAPL
2025-05-22,167.27,167.42,165.49,166.94,27861702,AAPL
2025-05-23,167.66,170.44,164.14,165.98,31080885,AAPL
2025-05-26,165.45,167.67,165.35,167.57,101133651,AAPL
2025-05-27,167.2,169.82,163.27,165.67,30020054,AAPL
2025-05-28,163.28,164.21,159.93,161.56,47447361,AAPL
2025-05-29,160.91,162.61,160.09,161.32,83849809,AAPL
2025-05-30,160.1,160.74,159.63,160.27,84566704,AAPL
2025-06-02,159.38,160.16,158.89,159.09,25306050,AAPL
2025-06-03,160.69,161.24,159.0,159.93,99543226,AAPL
2025-06-04,155.49,156.81,154.55,156.07,39573058,AAPL
2025-06-05,151.92,152.21,150.45,151.59,23852595,AAPL
2025-06-06,152.53,154.37,150.11,151.96,72282891,AAPL
2025-06-09,151.61,154.91,150.51,153.02,59238270,AAPL
2025-06-10,154.41,156.22,151.79,155.29,86357554,AAPL
2025-06-11,156.84,157.63,154.72,155.92,79227939,AAPL
2025-06-12,157.76,159.5,157.73,159.11,98256565,AAPL
2025-06-13,158.45,158.91,156.38,157.74,21518271,AAPL
2025-06-16,160.8,163.66,160.21,161.93,105338276,AAPL
2025-06-17,165.56,166.79,165.33,166.06,24074012,AAPL
2025-06-18,165.46,167.0,164.38,166.84,59160418,AAPL
2025-06-19,165.76,167.86,164.8,166.78,55852223,AAPL
2025-06-20,164.75,166.52,163.29,164.98,41746452,AAPL
2025-06-23,165.57,166.24,164.99,165.67,50228893,AAPL
2025-06-24,163.39,164.55,162.23,164.29,42175471,AAPL
2025-06-25,166.77,167.62,163.79,165.4,119055554,AAPL
2025-06-26,169.03,169.23,167.95,168.71,95087298,AAPL
2025-06-27,170.66,172.2,170.42,170.54,105872271,AAPL
2025-06-30,165.8,167.69,165.68,166.89,115800010,AAPL
2025-07-01,163.05,164.24,160.46,163.52,79187590,AAPL
2025-07-02,168.58,169.42,164.53,166.92,42468755,AAPL
2025-07-03,167.97,170.03,166.78,168.54,46097359,AAPL
2025-07-04,173.03,173.26,172.09,172.29,65684878,AAPL
2025-07-07,177.36,179.59,176.92,178.63,84817681,AAPL
2025-07-08,179.57,180.9,175.77,178.82,28755128,AAPL
2025-07-09,182.13,185.12,177.6,179.27,37449789,AAPL
2025-07-10,179.26,179.67,176.32,176.88,92081879,AAPL
2025-07-11,177.91,179.85,176.64,179.53,72389761,AAPL
2025-07-14,176.9,178.7,174.83,175.83,39821803,AAPL
2025-07-15,172.36,175.97,172.25,174.59,94572623,AAPL
2025-07-16,172.12,173.26,171.16,172.38,90082166,AAPL
2025-07-17,169.69,170.65,166.02,167.83,58858315,AAPL
2025-07-18,166.2,167.99,165.12,165.89,39795558,AAPL
2025-07-21,166.37,168.11,164.12,168.01,82470901,AAPL
2025-07-22,173.45,173.64,170.1,171.48,96894877,AAPL
2025-07-23,173.96,176.03,173.51,174.43,39804691,AAPL
2025-07-24,174.71,175.53,173.8,174.35,43293219,AAPL
2025-07-25,176.72,177.75,174.98,176.91,49752946,AAPL
2025-07-28,177.23,179.44,175.76,176.61,59250350,AAPL
2025-07-29,177.59,179.58,175.03,179.12,116675386,AAPL
2025-07-30,179.14,179.96,176.57,177.77,112498770,AAPL
2025-07-31,176.3,178.9,174.45,175.57,58009048,AAPL
2025-08-01,173.19,175.22,172.45,175.08,75710021,AAPL
2025-08-04,178.36,179.55,174.06,177.72,24833130,AAPL
2025-08-05,181.42,185.75,179.59,182.86,112681377,AAPL
2025-08-06,184.34,188.22,183.14,185.37,71418455,AAPL
2025-08-07,179.95,181.73,177.34,179.07,69674949,AAPL
2025-08-08,180.31,180.57,180.04,180.28,27741349,AAPL
2025-08-11,178.09,180.57,176.44,179.2,111943950,AAPL
2025-08-12,175.49,178.44,172.49,178.04,111382263,AAPL
2025-08-13,179.17,180.24,177.18,178.36,78931944,AAPL
2025-08-14,179.48,181.07,177.74,178.16,99644848,AAPL
2025-08-15,180.1,182.1,178.0,180.3,68063394,AAPL
2025-08-18,180.67,182.42,178.93,182.38,83128401,AAPL
2025-08-19,183.94,184.04,180.41,181.79,39763733,AAPL
2025-08-20,181.41,182.05,178.02,180.39,22076411,AAPL
2025-08-21,188.48,189.76,184.46,185.26,98610876,AAPL
2025-08-22,184.53,185.97,184.37,185.82,90713403,AAPL
2025-08-25,180.5,183.68,179.19,182.3,94280148,AAPL
2025-08-26,182.6,185.9,182.0,184.24,97170278,AAPL
2025-08-27,191.79,192.6,186.66,190.09,44722409,AAPL
2025-08-28,192.84,194.16,191.92,193.58,109308509,AAPL
2025-08-29,197.42,199.78,195.54,199.46,31623633,AAPL
2025-09-01,199.23,201.98,197.71,198.04,45668384,AAPL
2025-09-02,200.71,201.19,198.11,198.36,90572779,AAPL
2025-09-03,208.77,208.82,205.6,206.01,95238049,AAPL
2025-09-04,206.01,208.38,201.87,204.96,49887419,AAPL
2025-09-05,200.96,201.85,198.03,199.75,66863270,AAPL
2025-09-08,205.42,206.66,203.53,204.44,100118820,AAPL
2025-09-09,200.68,204.03,199.41,202.64,74977507,AAPL
2025-09-10,207.75,208.94,205.5,208.87,105062026,AAPL
2025-09-11,211.4,213.8,210.47,213.53,110157076,AAPL
2025-09-12,209.91,209.93,209.13,209.92,79026166,AAPL
2025-09-15,206.29,206.71,204.61,204.86,93004241,AAPL
2025-09-16,204.88,206.32,204.69,206.28,59846022,AAPL
2025-09-17,202.61,205.31,201.68,203.53,27887263,AAPL
2025-09-18,206.49,206.99,204.3,204.97,99775322,AAPL
2025-09-19,212.0,212.62,208.27,209.43,95889702,AAPL
2025-09-22,209.08,210.15,205.06,207.62,68869997,AAPL
2025-09-23,209.86,213.14,209.24,210.37,110009121,AAPL
2025-09-24,214.61,215.26,211.9,213.53,46043566,AAPL
2025-09-25,209.26,212.1,209.12,211.34,104465460,AAPL
2025-09-26,216.32,217.15,211.72,212.29,41037961,AAPL
2025-09-29,213.17,213.67,211.22,211.4,114749054,AAPL
2025-09-30,208.54,214.33,207.33,212.65,79149090,AAPL
2025-10-01,215.25,216.82,211.7,215.1,73725806,AAPL
2025-10-02,215.69,218.38,213.91,214.23,22189269,AAPL
2025-10-03,213.42,219.76,211.0,216.61,65654372,AAPL
2025-10-06,216.93,218.41,215.07,217.05,101371059,AAPL
2025-10-07,216.76,219.78,214.37,219.45,67177235,AAPL
2025-10-08,220.21,222.47,218.71,219.84,69765136,AAPL
2025-10-09,217.56,219.74,216.24,218.75,71333377,AAPL
2025-10-10,212.86,213.53,211.11,212.52,71609165,AAPL
2025-10-13,206.8,208.75,204.93,208.12,69151451,AAPL
2025-10-14,201.24,203.25,200.98,201.68,45705486,AAPL
2025-10-15,211.93,212.03,209.27,210.44,45011403,AAPL
2025-10-16,210.85,213.15,208.06,211.93,111660928,AAPL
2025-10-17,210.88,212.42,208.79,209.48,68691515,AAPL
2025-10-20,209.28,210.55,205.5,207.4,36285567,AAPL
2025-10-21,208.1,210.19,207.73,209.8,27797084,AAPL
2025-10-22,207.41,214.38,207.12,209.07,104359826,AAPL
2025-10-23,204.16,209.74,204.04,208.81,74116093,AAPL
2025-10-24,213.94,217.51,211.69,212.89,50105349,AAPL
2025-10-27,212.32,213.87,211.01,211.35,51348743,AAPL
2025-10-28,208.68,211.66,207.81,210.75,87899385,AAPL
2025-10-29,209.07,211.24,207.42,210.03,118025835,AAPL
2025-10-30,214.54,215.46,214.19,214.3,27082071,AAPL
2025-10-31,215.94,222.98,215.67,218.23,81588775,AAPL
2025-11-03,220.77,221.11,217.01,218.35,85987746,AAPL
2025-11-04,223.39,225.41,217.79,221.67,65646444,AAPL
2025-11-05,218.76,220.96,218.04,219.78,57786596,AAPL
2025-11-06,222.65,224.12,220.38,220.83,82979501,AAPL
2025-11-07,222.19,223.56,220.04,222.06,76283197,AAPL
2025-11-10,224.53,226.11,222.62,224.33,84318361,AAPL
2025-11-11,217.73,218.81,214.42,214.63,67690614,AAPL
2025-11-12,216.96,218.56,212.0,214.56,44784881,AAPL
2025-11-13,213.79,214.95,210.6,211.76,101007010,AAPL
2025-11-14,212.01,213.26,210.89,212.18,31593487,AAPL
2025-11-17,213.3,215.78,212.45,212.64,81140647,AAPL
2025-11-18,215.46,217.0,214.05,216.72,113677612,AAPL
2025-11-19,220.67,222.42,217.48,218.94,85314854,AAPL
2025-11-20,222.27,223.47,220.02,221.18,54107761,AAPL
2025-11-21,222.19,224.49,220.14,222.33,29462517,AAPL
2025-11-24,228.89,228.91,227.11,228.33,21201073,AAPL
2025-11-25,225.88,228.29,224.81,226.29,39420583,AAPL
2025-11-26,227.19,228.27,225.63,227.54,60077039,AAPL
2025-11-27,225.18,226.76,222.73,224.23,54410011,AAPL
2025-11-28,232.44,233.01,229.52,229.93,27158158,AAPL
2025-12-01,227.6,228.44,224.31,226.74,27308209,AAPL
2025-12-02,231.53,233.02,230.96,231.34,83373925,AAPL
2025-12-03,224.91,228.13,222.23,223.24,109566421,AAPL
2025-12-04,227.8,228.98,224.9,226.86,84241574,AAPL
2025-12-05,222.72,223.64,219.65,221.73,66463704,AAPL
2025-12-08,219.73,224.0,213.29,222.79,71701107,AAPL
2025-12-09,225.78,230.63,220.25,225.5,49218376,AAPL
2025-12-10,223.67,227.02,222.55,225.3,47566885,AAPL
2025-12-11,222.86,223.2,221.77,222.06,42620763,AAPL
2025-12-12,213.3,217.3,212.08,215.64,43148758,AAPL
2025-12-15,215.26,216.52,211.5,213.35,60090983,AAPL
2025-12-16,210.39,211.68,208.16,210.96,78592465,AAPL
2025-12-17,212.59,217.02,211.3,214.48,27991869,AAPL
2025-12-18,209.86,214.28,207.83,212.9,74117224,AAPL
2025-12-19,211.13,213.1,210.69,212.0,25515946,AAPL
2025-12-22,206.51,211.48,206.1,209.42,58576567,AAPL
2025-12-23,206.44,207.37,205.39,207.25,86148591,AAPL
2025-12-24,210.49,210.66,208.01,208.05,61062659,AAPL
2025-12-25,212.51,216.52,209.37,211.6,52850426,AAPL
2025-12-26,210.58,212.15,207.36,210.39,100341354,AAPL
2025-12-29,205.6,207.41,205.56,206.95,53313308,AAPL
2025-12-30,204.74,205.15,202.48,203.31,26715895,AAPL
2025-12-31,199.99,201.56,197.75,200.52,69205033,AAPL
2026-01-01,204.27,204.57,202.64,202.98,33413679,AAPL
2026-01-02,207.72,209.37,205.07,206.54,119448098,AAPL
2024-01-02,369.07,374.13,363.78,373.36,68272972,MSFT
2024-01-03,381.92,386.65,379.72,384.12,27819253,MSFT
2024-01-04,373.82,380.18,367.66,378.25,66955329,MSFT
2024-01-05,382.32,383.62,376.83,382.23,34792526,MSFT
2024-01-08,389.01,394.42,384.21,386.18,37719724,MSFT
2024-01-09,393.98,395.88,390.32,392.42,32718987,MSFT
2024-01-10,394.63,398.22,390.24,390.56,104169206,MSFT
2024-01-11,384.92,391.31,382.09,386.67,62603757,MSFT
2024-01-12,391.47,394.83,387.38,389.55,89659979,MSFT
2024-01-15,383.78,394.23,379.76,389.96,43622438,MSFT
2024-01-16,383.1,391.59,376.86,388.92,105817740,MSFT
2024-01-17,396.67,401.7,392.02,394.54,53223633,MSFT
2024-01-18,403.02,403.59,395.14,396.01,73766674,MSFT
2024-01-19,408.5,413.91,401.49,403.39,57148682,MSFT
2024-01-22,401.86,405.04,398.0,401.25,69362651,MSFT
2024-01-23,408.09,409.93,404.42,407.05,62676609,MSFT
2024-01-24,402.59,412.59,400.5,407.43,28281031,MSFT
2024-01-25,404.34,404.99,398.13,403.61,39464879,MSFT
2024-01-26,408.03,409.83,404.69,408.6,84927863,MSFT
2024-01-29,398.9,402.84,396.45,402.53,82563177,MSFT
2024-01-30,417.43,420.31,408.16,411.45,64117645,MSFT
2024-01-31,417.44,417.59,416.05,416.18,29568249,MSFT
2024-02-01,419.32,421.89,419.18,420.15,46615488,MSFT
2024-02-02,427.06,429.46,424.57,424.96,107625140,MSFT
2024-02-05,423.28,431.88,419.53,424.95,78146428,MSFT
2024-02-06,436.61,439.33,426.56,431.18,107128601,MSFT
2024-02-07,436.11,438.53,430.58,433.65,116224982,MSFT
2024-02-08,435.11,437.89,429.57,432.81,106740112,MSFT
2024-02-09,436.75,438.99,433.55,434.53,40132302,MSFT
2024-02-12,426.92,431.84,426.79,428.17,118712030,MSFT
2024-02-13,438.37,441.78,430.26,440.22,24804032,MSFT
2024-02-14,433.03,436.41,429.04,431.34,86807982,MSFT
2024-02-15,426.94,427.98,414.43,425.64,100140173,MSFT
2024-02-16,431.66,433.13,431.36,431.66,28973053,MSFT
2024-02-19,430.89,435.27,428.88,433.42,44256279,MSFT
2024-02-20,439.07,441.1,434.74,438.13,85793239,MSFT
2024-02-21,445.02,453.71,441.61,447.65,118516885,MSFT
2024-02-22,466.51,470.2,466.03,466.11,50958165,MSFT
2024-02-23,456.16,458.88,453.0,456.58,36505926,MSFT
2024-02-26,461.92,465.54,460.45,464.59,64334544,MSFT
2024-02-27,469.71,477.15,466.77,467.29,113004401,MSFT
2024-02-28,471.06,477.48,467.59,473.66,117224994,MSFT
2024-02-29,475.27,480.29,468.55,473.04,84760801,MSFT
2024-03-01,477.8,478.04,469.45,473.02,87356080,MSFT
2024-03-04,465.15,469.77,461.86,468.22,93390327,MSFT
2024-03-05,469.98,473.46,466.09,472.69,54425352,MSFT
2024-03-06,470.53,475.77,466.65,471.24,31593089,MSFT
2024-03-07,474.53,475.97,470.81,471.2,41285376,MSFT
2024-03-08,470.75,472.58,466.81,468.28,93512940,MSFT
2024-03-11,473.76,478.58,473.61,475.31,86909548,MSFT
2024-03-12,472.82,483.29,472.67,473.93,26620861,MSFT
2024-03-13,466.61,467.53,459.92,463.61,100903994,MSFT
2024-03-14,468.44,468.58,460.1,464.09,43127934,MSFT
2024-03-15,465.42,470.6,460.56,464.94,104759877,MSFT
2024-03-18,461.34,464.29,453.81,458.31,29301402,MSFT
2024-03-19,463.27,470.29,460.91,469.56,49730401,MSFT
2024-03-20,471.91,472.27,467.67,469.25,91230273,MSFT
2024-03-21,472.31,478.72,466.43,472.83,33705715,MSFT
2024-03-22,483.4,483.82,471.05,474.98,91728433,MSFT
2024-03-25,470.14,471.64,466.82,471.06,88335976,MSFT
2024-03-26,478.92,483.86,468.41,481.69,66648454,MSFT
2024-03-27,493.18,504.86,490.53,497.13,117239369,MSFT
2024-03-28,501.87,508.68,497.39,499.24,28685244,MSFT
2024-03-29,503.25,505.79,494.46,504.72,61804445,MSFT
2024-04-01,503.1,504.2,501.02,503.16,101809507,MSFT
2024-04-02,506.73,514.78,506.72,509.91,73509162,MSFT
2024-04-03,501.11,509.42,498.76,505.13,20962107,MSFT
2024-04-04,512.27,516.71,508.91,516.58,62947599,MSFT
2024-04-05,513.21,514.6,503.41,510.37,85163121,MSFT
2024-04-08,507.49,515.05,505.82,510.47,20642418,MSFT
2024-04-09,526.5,529.27,510.83,517.23,29363598,MSFT
2024-04-10,526.47,527.32,522.26,523.19,83513978,MSFT
2024-04-11,521.63,527.03,519.34,526.95,57786210,MSFT
2024-04-12,554.17,560.5,538.76,545.56,44069220,MSFT
2024-04-15,541.39,541.72,536.24,537.85,55526950,MSFT
2024-04-16,531.09,533.47,527.91,528.75,89561561,MSFT
2024-04-17,539.39,542.79,530.18,536.04,84984306,MSFT
2024-04-18,520.52,527.67,516.82,521.38,52801500,MSFT
2024-04-19,517.5,526.74,515.78,520.48,88172948,MSFT
2024-04-22,515.93,522.85,514.6,520.95,112189037,MSFT
2024-04-23,518.63,525.09,518.09,521.31,71325750,MSFT
2024-04-24,535.73,536.87,524.64,535.86,78929525,MSFT
2024-04-25,533.01,542.19,531.28,532.94,25104093,MSFT
2024-04-26,533.35,534.88,530.55,534.31,72874651,MSFT
2024-04-29,530.36,532.75,529.01,531.06,48577365,MSFT
2024-04-30,530.67,530.72,526.48,529.37,43855490,MSFT
2024-05-01,533.59,535.36,525.42,529.02,32169660,MSFT
2024-05-02,536.45,536.48,533.83,534.06,83125054,MSFT
2024-05-03,527.78,533.24,515.98,532.74,41838279,MSFT
2024-05-06,522.65,531.78,522.19,530.0,75018873,MSFT
2024-05-07,529.84,541.04,529.62,534.65,103259198,MSFT
2024-05-08,530.18,533.14,527.06,531.95,44625648,MSFT
2024-05-09,530.09,540.39,524.38,537.52,58056716,MSFT
2024-05-10,547.55,555.57,544.01,546.32,84210175,MSFT
2024-05-13,544.22,552.85,542.12,546.21,28451913,MSFT
2024-05-14,543.58,545.62,542.24,544.02,85403958,MSFT
2024-05-15,544.8,552.98,543.16,550.02,23648310,MSFT
2024-05-16,542.0,554.43,541.1,551.61,81754570,MSFT
2024-05-17,541.85,543.51,528.53,535.93,36239846,MSFT
2024-05-20,528.03,535.54,524.14,535.07,37724013,MSFT
2024-05-21,539.78,553.62,536.8,546.12,75014497,MSFT
2024-05-22,541.96,545.79,534.43,537.55,43632864,MSFT
2024-05-23,542.5,559.17,537.53,552.95,107285352,MSFT
2024-05-24,543.28,550.32,540.94,544.87,34976852,MSFT
2024-05-27,546.61,549.7,533.56,539.12,68758326,MSFT
2024-05-28,545.1,549.03,540.19,548.74,107631278,MSFT
2024-05-29,539.58,546.51,534.8,545.08,35626671,MSFT
2024-05-30,556.67,562.01,554.78,556.67,66751396,MSFT
2024-05-31,558.2,560.11,555.7,559.21,83892278,MSFT
2024-06-03,550.34,555.63,548.41,554.69,105031231,MSFT
2024-06-04,547.0,553.28,543.02,548.43,102747087,MSFT
2024-06-05,558.69,574.05,550.41,550.85,87897306,MSFT
2024-06-06,546.66,547.8,545.21,546.49,59802624,MSFT
2024-06-07,554.8,556.84,551.12,556.15,93123542,MSFT
2024-06-10,555.03,563.47,550.15,559.98,112518739,MSFT
2024-06-11,550.87,565.07,548.71,553.96,21899505,MSFT
2024-06-12,555.47,560.76,549.97,550.26,117579067,MSFT
2024-06-13,551.03,556.78,548.65,551.95,70274247,MSFT
2024-06-14,544.56,553.66,538.51,549.28,44609447,MSFT
2024-06-17,544.27,557.07,536.44,552.81,35631066,MSFT
2024-06-18,559.51,566.93,559.48,562.17,29105406,MSFT
2024-06-19,567.16,575.63,561.83,567.85,42734555,MSFT
2024-06-20,561.12,562.05,558.14,561.86,119224272,MSFT
2024-06-21,561.65,565.23,554.62,557.53,60556542,MSFT
2024-06-24,578.57,581.3,558.07,566.32,116863035,MSFT
2024-06-25,574.36,580.01,570.78,575.73,30154756,MSFT
2024-06-26,575.97,581.19,574.57,577.22,58971234,MSFT
2024-06-27,582.48,595.29,574.78,591.34,72765359,MSFT
2024-06-28,576.67,593.13,574.76,585.36,83829377,MSFT
2024-07-01,578.68,589.81,577.36,583.72,30244077,MSFT
2024-07-02,590.87,593.57,589.55,592.38,22145092,MSFT
2024-07-03,595.05,600.67,581.24,587.56,64472095,MSFT
2024-07-04,594.87,596.38,579.63,585.16,108805928,MSFT
2024-07-05,594.58,595.4,590.12,595.15,58598847,MSFT
2024-07-08,596.41,597.06,592.21,592.35,108182798,MSFT
2024-07-09,592.99,596.98,586.53,592.38,37681030,MSFT
2024-07-10,598.27,599.84,587.67,596.87,65895082,MSFT
2024-07-11,600.9,603.98,593.31,598.22,54997237,MSFT
2024-07-12,601.72,606.42,600.92,603.52,77678737,MSFT
2024-07-15,616.0,623.31,607.08,611.85,66512395,MSFT
2024-07-16,634.46,635.94,625.27,631.25,68120098,MSFT
2024-07-17,625.56,635.65,621.59,627.19,67458668,MSFT
2024-07-18,653.23,656.53,648.38,651.78,59046427,MSFT
2024-07-19,661.14,662.94,655.99,657.16,65535414,MSFT
2024-07-22,657.32,658.11,650.92,653.87,50290910,MSFT
2024-07-23,652.36,654.33,645.15,647.29,97760092,MSFT
2024-07-24,663.34,666.48,659.97,663.15,65294493,MSFT
2024-07-25,658.78,665.03,657.97,660.67,24914513,MSFT
2024-07-26,666.15,672.65,656.86,664.25,112383155,MSFT
2024-07-29,661.93,662.83,658.62,661.66,38454191,MSFT
2024-07-30,656.16,660.1,652.38,654.84,85484051,MSFT
2024-07-31,654.81,656.33,648.48,649.77,83115203,MSFT
2024-08-01,655.93,657.62,645.48,645.98,39967491,MSFT
2024-08-02,662.1,663.42,652.37,657.31,117527371,MSFT
2024-08-05,666.1,670.58,649.35,657.77,42322148,MSFT
2024-08-06,653.64,659.49,642.99,653.45,54663083,MSFT
2024-08-07,640.23,646.0,632.95,640.49,63601483,MSFT
2024-08-08,650.57,652.8,643.52,644.92,74080802,MSFT
2024-08-09,655.64,661.22,647.12,655.19,61843218,MSFT
2024-08-12,634.9,642.98,630.37,639.49,93798378,MSFT
2024-08-13,621.99,647.44,620.28,633.58,38854387,MSFT
2024-08-14,636.68,638.87,626.15,633.44,23888911,MSFT
2024-08-15,645.64,651.97,638.8,649.31,103130517,MSFT
2024-08-16,671.98,672.58,664.98,665.91,63806667,MSFT
2024-08-19,644.55,654.46,641.79,653.31,64678968,MSFT
2024-08-20,656.68,661.82,656.59,661.56,100369773,MSFT
2024-08-21,671.01,678.53,663.77,665.67,29071969,MSFT
2024-08-22,672.81,678.74,663.78,669.35,117680149,MSFT
2024-08-23,668.56,682.75,661.12,667.68,80900377,MSFT
2024-08-26,663.26,668.23,658.48,665.1,107499929,MSFT
2024-08-27,658.37,667.21,654.22,661.62,107240729,MSFT
2024-08-28,669.99,670.94,655.44,657.65,97927984,MSFT
2024-08-29,667.93,672.54,662.5,666.89,107763078,MSFT
2024-08-30,673.13,677.66,667.1,672.01,100015859,MSFT
2024-09-02,677.68,678.64,676.69,677.67,47503920,MSFT
2024-09-03,678.87,688.65,675.55,677.36,70947048,MSFT
2024-09-04,678.94,688.91,674.65,682.0,71288101,MSFT
2024-09-05,689.45,691.09,681.74,684.31,90597399,MSFT
2024-09-06,692.51,707.91,687.79,698.2,77878640,MSFT
2024-09-09,689.4,691.25,680.39,689.72,32074324,MSFT
2024-09-10,704.36,704.64,698.34,698.38,90274138,MSFT
2024-09-11,692.42,704.61,690.41,698.5,105266615,MSFT
2024-09-12,698.09,705.06,694.86,700.89,105428794,MSFT
2024-09-13,712.81,715.45,704.55,708.85,50941137,MSFT
2024-09-16,709.08,710.28,692.92,694.84,70038848,MSFT
2024-09-17,697.42,705.62,697.11,699.44,60745917,MSFT
2024-09-18,692.67,701.9,688.23,692.49,97351690,MSFT
2024-09-19,701.06,705.91,691.86,704.84,66329066,MSFT
2024-09-20,713.33,718.89,703.65,707.0,48181699,MSFT
2024-09-23,700.0,709.06,699.23,707.92,39407301,MSFT
2024-09-24,717.9,719.72,711.81,713.98,24577753,MSFT
2024-09-25,712.96,721.34,701.01,716.17,106342974,MSFT
2024-09-26,694.43,704.17,690.63,704.06,105809342,MSFT
2024-09-27,697.31,700.29,690.39,694.6,76941481,MSFT
2024-09-30,672.11,694.58,668.93,685.88,102997685,MSFT
2024-10-01,687.75,696.27,679.86,686.55,94932354,MSFT
2024-10-02,691.95,696.54,689.24,692.52,40073354,MSFT
2024-10-03,690.5,702.88,678.11,686.41,89138570,MSFT
2024-10-04,674.5,684.52,671.66,681.3,33818318,MSFT
2024-10-07,695.4,704.85,690.61,694.76,58790581,MSFT
2024-10-08,676.66,678.14,672.32,674.45,74196580,MSFT
2024-10-09,672.52,679.15,650.01,667.31,80115490,MSFT
2024-10-10,670.17,673.1,669.11,669.16,39186114,MSFT
2024-10-11,669.31,688.35,663.18,680.47,43806374,MSFT
2024-10-14,675.1,678.96,667.13,674.94,47755116,MSFT
2024-10-15,680.36,684.18,663.43,671.14,28009013,MSFT
2024-10-16,666.51,678.14,664.43,672.03,29900692,MSFT
2024-10-17,668.84,682.47,665.31,678.77,31949268,MSFT
2024-10-18,655.4,663.3,655.17,661.11,48179476,MSFT
2024-10-21,661.17,673.17,652.09,671.23,20771981,MSFT
2024-10-22,674.5,677.83,671.42,676.94,82561080,MSFT
2024-10-23,693.73,703.0,687.81,688.81,84591992,MSFT
2024-10-24,684.74,694.34,679.17,690.69,113900955,MSFT
2024-10-25,685.58,695.34,682.43,692.98,49639171,MSFT
2024-10-28,686.53,699.73,685.96,693.19,22805658,MSFT
2024-10-29,704.09,707.47,703.84,705.58,48699871,MSFT
2024-10-30,711.82,716.04,702.64,708.18,94408046,MSFT
2024-10-31,719.66,730.0,709.57,715.57,100352914,MSFT
2024-11-01,717.61,718.85,717.41,717.75,48883932,MSFT
2024-11-04,703.84,711.13,700.98,710.75,104835830,MSFT
2024-11-05,696.76,698.85,693.7,697.61,65447355,MSFT
2024-11-06,678.45,696.49,672.92,683.22,115131135,MSFT
2024-11-07,689.99,694.9,687.03,687.97,40126523,MSFT
2024-11-08,693.98,702.14,687.48,689.67,116770899,MSFT
2024-11-11,697.53,706.11,691.56,700.59,38196678,MSFT
2024-11-12,685.12,697.25,684.81,694.66,33410062,MSFT
2024-11-13,695.23,700.07,690.5,692.11,101838199,MSFT
2024-11-14,690.64,698.46,683.35,692.21,106336759,MSFT
2024-11-15,683.58,694.74,683.57,689.36,42182704,MSFT
2024-11-18,698.57,703.41,695.39,699.86,114941097,MSFT
2024-11-19,694.39,696.31,690.75,693.5,62826405,MSFT
2024-11-20,695.89,700.6,689.8,698.29,116576058,MSFT
2024-11-21,714.09,717.23,686.22,690.54,74624327,MSFT
2024-11-22,698.05,698.1,689.09,692.76,102917146,MSFT
2024-11-25,690.43,706.47,686.37,693.06,93536710,MSFT
2024-11-26,686.7,695.42,679.16,684.07,63445394,MSFT
2024-11-27,680.14,684.0,674.49,676.76,29239212,MSFT
2024-11-28,684.36,691.22,684.28,684.78,113648824,MSFT
2024-11-29,685.54,696.4,682.83,694.42,91112786,MSFT
2024-12-02,695.49,714.09,691.68,700.68,99334122,MSFT
2024-12-03,700.83,702.18,690.16,698.21,95645691,MSFT
2024-12-04,704.43,715.48,698.7,699.62,77656706,MSFT
2024-12-05,708.05,713.69,700.23,702.51,52178449,MSFT
2024-12-06,697.35,703.69,691.83,697.2,90899374,MSFT
2024-12-09,684.72,692.0,684.05,685.84,23060372,MSFT
2024-12-10,697.35,698.37,674.13,687.07,82088437,MSFT
2024-12-11,723.47,734.93,718.89,726.8,111270172,MSFT
2024-12-12,700.32,709.07,697.11,708.74,45138317,MSFT
2024-12-13,696.19,703.03,693.92,696.96,113652331,MSFT
2024-12-16,691.21,691.92,687.58,690.65,30640958,MSFT
2024-12-17,693.35,696.03,690.99,694.59,96602785,MSFT
2024-12-18,701.12,707.36,696.61,706.21,83719426,MSFT
2024-12-19,722.97,724.46,721.13,723.1,109886778,MSFT
2024-12-20,724.41,729.44,722.87,727.53,104373988,MSFT
2024-12-23,733.39,734.95,719.87,722.77,83016012,MSFT
2024-12-24,727.33,734.37,720.72,729.71,88786213,MSFT
2024-12-25,725.93,728.27,724.32,725.6,59162678,MSFT
2024-12-26,724.37,740.55,718.67,734.55,28980554,MSFT
2024-12-27,722.67,726.03,719.13,722.8,87247201,MSFT
2024-12-30,727.08,733.68,724.95,730.54,91311975,MSFT
2024-12-31,737.37,745.32,729.36,742.04,98187862,MSFT
2025-01-01,744.99,752.56,735.06,739.63,29073605,MSFT
2025-01-02,751.78,755.31,735.68,747.66,76908948,MSFT
2025-01-03,733.04,742.21,726.18,736.25,80910713,MSFT
2025-01-06,755.25,755.78,740.42,745.8,69064617,MSFT
2025-01-07,743.64,744.32,731.29,736.02,57374793,MSFT
2025-01-08,746.08,751.84,733.49,734.78,103814009,MSFT
2025-01-09,728.73,738.52,725.14,733.18,37060001,MSFT
2025-01-10,717.44,733.57,713.04,725.29,72310157,MSFT
2025-01-13,716.97,718.58,705.13,716.88,49291493,MSFT
2025-01-14,730.5,744.07,729.67,731.37,113305953,MSFT
2025-01-15,732.09,737.32,728.06,730.76,82345193,MSFT
2025-01-16,726.75,734.47,720.85,731.05,62946218,MSFT
2025-01-17,715.09,721.48,713.16,720.52,60039771,MSFT
2025-01-20,728.15,730.75,722.71,722.72,27927838,MSFT
2025-01-21,746.83,758.47,728.88,739.64,72628189,MSFT
2025-01-22,743.94,747.5,737.53,740.79,46219243,MSFT
2025-01-23,740.02,750.21,737.89,743.64,118670704,MSFT
2025-01-24,746.35,755.43,745.5,753.97,108399272,MSFT
2025-01-27,762.86,774.0,752.07,757.87,57086088,MSFT
2025-01-28,782.06,787.25,762.12,775.29,97855305,MSFT
2025-01-29,755.7,770.26,738.65,766.48,60681708,MSFT
2025-01-30,786.62,797.35,781.32,783.89,110838301,MSFT
2025-01-31,782.34,799.45,778.75,794.39,53676070,MSFT
2025-02-03,800.01,804.02,787.81,788.09,112022249,MSFT
2025-02-04,806.32,810.15,795.66,806.05,74553529,MSFT
2025-02-05,811.65,816.82,806.32,807.31,36297643,MSFT
2025-02-06,796.89,803.86,787.02,796.07,24836640,MSFT
2025-02-07,817.96,821.74,811.67,819.72,107573050,MSFT
2025-02-10,805.75,818.62,803.01,810.76,107839527,MSFT
2025-02-11,823.0,832.11,818.37,820.63,57200206,MSFT
2025-02-12,817.39,819.19,809.17,815.14,30114644,MSFT
2025-02-13,816.4,832.73,815.36,825.95,79418987,MSFT
2025-02-14,820.1,820.57,804.65,816.83,64795186,MSFT
2025-02-17,818.87,827.31,812.94,815.91,89846892,MSFT
2025-02-18,785.08,800.69,779.99,797.42,60154726,MSFT
2025-02-19,823.25,826.93,804.17,806.26,102622928,MSFT
2025-02-20,792.57,804.33,785.16,794.77,97322875,MSFT
2025-02-21,802.9,811.3,800.63,807.09,85227344,MSFT
2025-02-24,812.19,823.67,805.29,815.84,65520231,MSFT
2025-02-25,811.76,825.01,810.89,815.43,27197252,MSFT
2025-02-26,795.94,804.4,794.21,794.7,24250491,MSFT
2025-02-27,816.44,820.56,799.36,806.65,21276505,MSFT
2025-02-28,808.07,824.15,799.66,805.28,22312601,MSFT
2025-03-03,784.63,797.87,778.22,794.28,80533292,MSFT
2025-03-04,782.15,794.07,780.03,787.76,31423784,MSFT
2025-03-05,791.1,798.66,769.28,783.86,74168043,MSFT
2025-03-06,775.45,780.92,763.01,766.99,99259679,MSFT
2025-03-07,778.37,787.15,771.47,780.17,48782775,MSFT
2025-03-10,772.64,783.94,765.72,777.18,103209296,MSFT
2025-03-11,762.44,767.13,761.53,764.94,30148024,MSFT
2025-03-12,753.43,770.49,749.08,766.38,58470832,MSFT
2025-03-13,771.38,788.67,761.73,763.03,26204629,MSFT
2025-03-14,754.64,765.09,746.82,748.23,53554593,MSFT
2025-03-17,755.42,762.56,747.7,761.17,53680758,MSFT
2025-03-18,778.41,779.99,757.42,768.52,66247427,MSFT
2025-03-19,783.97,789.68,779.4,781.77,38850802,MSFT
2025-03-20,771.05,781.48,761.28,773.98,86420434,MSFT
2025-03-21,784.87,796.06,781.61,787.7,42869363,MSFT
2025-03-24,768.78,772.54,763.59,771.69,55755312,MSFT
2025-03-25,768.54,776.25,758.59,775.21,112832244,MSFT
2025-03-26,791.73,792.99,782.02,788.94,87862238,MSFT
2025-03-27,793.2,799.19,776.7,795.0,106746613,MSFT
2025-03-28,789.23,803.53,782.24,798.48,104973893,MSFT
2025-03-31,776.88,795.65,771.78,790.27,28530070,MSFT
2025-04-01,786.07,797.37,782.29,790.33,24873399,MSFT
2025-04-02,796.67,806.67,787.05,792.92,51702255,MSFT
2025-04-03,797.36,811.56,792.56,806.39,82891108,MSFT
2025-04-04,813.4,819.64,805.1,812.2,32791833,MSFT
2025-04-07,838.22,851.02,829.21,836.34,105467311,MSFT
2025-04-08,826.0,835.81,819.66,827.34,106150428,MSFT
2025-04-09,813.32,817.83,800.51,801.37,52953152,MSFT
2025-04-10,810.79,814.01,807.44,812.27,22997717,MSFT
2025-04-11,815.6,821.49,800.4,819.24,49490349,MSFT
2025-04-14,821.8,831.06,816.32,821.6,59180061,MSFT
2025-04-15,808.8,811.0,790.05,800.16,46359178,MSFT
2025-04-16,788.76,806.11,782.82,795.24,109566401,MSFT
2025-04-17,795.12,800.77,781.42,786.25,81048076,MSFT
2025-04-18,820.62,821.47,801.49,812.39,22988152,MSFT
2025-04-21,826.39,828.64,823.14,827.13,82332441,MSFT
2025-04-22,825.65,836.82,823.58,829.78,45203203,MSFT
2025-04-23,814.34,816.54,811.51,813.95,36375420,MSFT
2025-04-24,821.81,822.27,813.28,818.54,107704740,MSFT
2025-04-25,828.98,831.68,821.8,827.13,80723498,MSFT
2025-04-28,840.42,840.84,833.01,835.04,40826330,MSFT
2025-04-29,861.18,862.43,842.03,844.48,112010680,MSFT
2025-04-30,836.34,844.51,829.78,839.05,49732780,MSFT
2025-05-01,839.87,841.27,826.79,839.18,68827811,MSFT
2025-05-02,842.45,856.16,837.55,846.23,62362119,MSFT
2025-05-05,853.25,862.78,844.51,860.49,81455407,MSFT
2025-05-06,873.53,875.45,863.2,871.72,95179975,MSFT
2025-05-07,881.98,895.17,867.56,884.19,23846867,MSFT
2025-05-08,896.75,902.8,881.9,893.5,110818222,MSFT
2025-05-09,897.51,912.78,892.9,910.02,103474053,MSFT
2025-05-12,918.45,923.25,889.73,914.87,75967927,MSFT
2025-05-13,931.23,943.24,925.18,926.57,78441291,MSFT
2025-05-14,912.2,924.25,900.62,919.91,94544841,MSFT
2025-05-15,922.32,934.76,917.28,917.35,103439262,MSFT
2025-05-16,895.73,899.3,888.29,897.93,118137782,MSFT
2025-05-19,872.87,894.3,872.49,877.75,78916042,MSFT
2025-05-20,865.72,890.97,861.25,882.76,24822177,MSFT
2025-05-21,900.72,911.88,886.39,901.98,119746221,MSFT
2025-05-22,884.67,889.85,874.92,885.36,90638044,MSFT
2025-05-23,884.74,891.11,877.41,882.81,110966238,MSFT
2025-05-26,905.89,913.75,896.43,910.12,54090367,MSFT
2025-05-27,895.0,912.72,892.77,908.2,94862112,MSFT
2025-05-28,892.69,899.48,884.96,897.41,20744819,MSFT
2025-05-29,905.46,906.83,889.82,892.79,119953293,MSFT
2025-05-30,875.97,877.59,845.93,858.56,76064506,MSFT
2025-06-02,877.36,893.05,857.51,868.63,88921094,MSFT
2025-06-03,858.03,859.69,837.43,855.71,73245397,MSFT
2025-06-04,854.66,861.28,849.97,855.28,49479228,MSFT
2025-06-05,867.19,874.26,864.42,865.02,85578917,MSFT
2025-06-06,856.05,864.81,854.66,862.61,81207373,MSFT
2025-06-09,861.68,873.96,855.18,864.97,40696842,MSFT
2025-06-10,861.06,865.87,856.04,856.62,23158883,MSFT
2025-06-11,849.68,862.96,841.41,857.45,23008062,MSFT
2025-06-12,868.95,875.05,862.7,863.79,65265316,MSFT
2025-06-13,857.72,864.92,847.15,848.4,109677555,MSFT
2025-06-16,868.27,870.57,850.03,855.21,55415138,MSFT
2025-06-17,843.84,863.58,834.98,858.45,114287425,MSFT
2025-06-18,869.03,874.23,855.78,869.34,25904226,MSFT
2025-06-19,870.14,881.39,864.42,867.64,109121039,MSFT
2025-06-20,876.91,883.07,873.05,878.39,81676537,MSFT
2025-06-23,869.09,871.96,853.35,861.53,101103094,MSFT
2025-06-24,856.16,865.31,837.84,859.25,59666315,MSFT
2025-06-25,859.57,871.38,859.39,865.99,101790227,MSFT
2025-06-26,834.06,853.0,831.8,851.94,22334819,MSFT
2025-06-27,838.36,839.35,816.75,831.3,80899378,MSFT
2025-06-30,819.4,825.7,817.57,818.31,31303298,MSFT
2025-07-01,806.26,813.48,800.39,810.54,98092152,MSFT
2025-07-02,824.03,825.85,806.84,811.3,116934663,MSFT
2025-07-03,805.04,819.51,802.11,802.38,70141921,MSFT
2025-07-04,804.94,816.52,792.51,799.16,111001389,MSFT
2025-07-07,801.76,801.85,800.96,801.72,21235601,MSFT
2025-07-08,791.68,802.91,788.36,799.67,109359670,MSFT
2025-07-09,793.26,800.7,792.21,792.44,69269099,MSFT
2025-07-10,799.4,806.98,796.61,801.79,49483436,MSFT
2025-07-11,807.4,807.74,803.73,806.61,24494345,MSFT
2025-07-14,796.23,797.47,790.99,796.06,81793895,MSFT
2025-07-15,787.7,813.04,785.68,798.24,38884298,MSFT
2025-07-16,812.17,817.09,804.15,804.8,49158965,MSFT
2025-07-17,799.44,810.44,799.19,800.57,55324016,MSFT
2025-07-18,788.13,808.55,787.63,801.18,76219654,MSFT
2025-07-21,792.86,808.54,789.41,800.94,85986627,MSFT
2025-07-22,801.95,803.71,799.74,800.28,57777344,MSFT
2025-07-23,815.3,829.83,808.54,812.37,118061770,MSFT
2025-07-24,800.06,807.43,792.91,802.48,25244708,MSFT
2025-07-25,810.33,811.54,807.51,810.12,117861272,MSFT
2025-07-28,806.01,820.55,800.46,815.18,101419967,MSFT
2025-07-29,823.06,828.95,815.3,823.98,111742681,MSFT
2025-07-30,817.05,821.3,808.44,814.92,103091810,MSFT
2025-07-31,826.45,840.08,823.36,832.88,22560492,MSFT
2025-08-01,819.88,834.92,817.17,832.62,60382305,MSFT
2025-08-04,866.11,875.92,857.84,864.08,34624864,MSFT
2025-08-05,855.01,860.71,847.7,848.39,85394102,MSFT
2025-08-06,847.05,856.4,841.08,846.76,95520391,MSFT
2025-08-07,849.35,854.64,839.63,845.73,71980361,MSFT
2025-08-08,843.2,848.64,827.66,846.86,119102220,MSFT
2025-08-11,860.15,871.11,857.37,857.63,30677893,MSFT
2025-08-12,845.86,866.75,843.9,853.05,58051881,MSFT
2025-08-13,859.18,875.76,851.08,873.28,40295131,MSFT
2025-08-14,862.68,867.3,850.81,867.23,91806969,MSFT
2025-08-15,859.71,864.14,855.2,856.46,78699008,MSFT
2025-08-18,839.01,843.68,833.76,837.61,92272396,MSFT
2025-08-19,837.65,839.94,816.78,830.48,48392616,MSFT
2025-08-20,825.83,830.34,812.47,816.36,46797208,MSFT
2025-08-21,812.18,816.56,811.26,816.52,81201395,MSFT
2025-08-22,808.55,811.44,803.51,810.92,105528991,MSFT
2025-08-25,837.55,844.36,825.13,825.66,38193584,MSFT
2025-08-26,824.73,826.1,820.42,821.57,87844434,MSFT
2025-08-27,806.39,821.52,794.12,813.35,71750692,MSFT
2025-08-28,821.45,826.87,818.18,823.83,25402226,MSFT
2025-08-29,845.81,847.38,841.13,845.04,110109320,MSFT
2025-09-01,842.79,858.38,842.38,851.88,119657829,MSFT
2025-09-02,846.86,848.97,838.55,842.52,37056694,MSFT
2025-09-03,845.84,845.97,842.74,844.11,72703308,MSFT
2025-09-04,842.05,858.83,830.76,848.47,88843937,MSFT
2025-09-05,859.91,883.72,854.57,862.21,92784157,MSFT
2025-09-08,890.38,894.84,879.49,880.47,106109422,MSFT
2025-09-09,879.14,880.65,857.66,872.67,96821473,MSFT
2025-09-10,840.7,855.74,839.71,847.47,22172053,MSFT
2025-09-11,878.96,879.04,858.08,870.6,97668867,MSFT
2025-09-12,862.72,877.2,843.08,866.63,72377816,MSFT
2025-09-15,854.3,864.59,851.47,864.49,36924136,MSFT
2025-09-16,879.83,888.9,873.04,874.55,78724833,MSFT
2025-09-17,880.36,884.64,875.76,883.93,26510219,MSFT
2025-09-18,901.24,906.22,887.87,891.07,68322360,MSFT
2025-09-19,885.65,898.81,883.38,890.81,27383380,MSFT
2025-09-22,879.29,895.58,878.48,883.25,108250974,MSFT
2025-09-23,879.83,880.1,879.1,879.62,86368593,MSFT
2025-09-24,872.64,875.61,861.07,871.19,23277015,MSFT
2025-09-25,851.06,859.5,844.51,852.11,47882153,MSFT
2025-09-26,856.38,859.87,853.98,858.9,107929613,MSFT
2025-09-29,863.49,865.67,862.7,862.96,91253965,MSFT
2025-09-30,888.97,890.55,869.85,874.85,102000669,MSFT
2025-10-01,879.9,885.14,855.35,865.4,48461620,MSFT
2025-10-02,862.32,875.68,860.78,870.05,107344400,MSFT
2025-10-03,892.05,893.79,891.81,893.16,67243248,MSFT
2025-10-06,901.16,904.48,895.94,904.24,35891910,MSFT
2025-10-07,930.16,940.08,925.86,926.53,114701032,MSFT
2025-10-08,924.3,938.11,918.85,923.14,69107646,MSFT
2025-10-09,941.69,950.36,932.49,943.61,75537788,MSFT
2025-10-10,953.34,955.09,941.36,947.29,80853810,MSFT
2025-10-13,962.59,968.65,948.79,951.66,57769689,MSFT
2025-10-14,950.59,951.27,946.55,947.06,20353296,MSFT
2025-10-15,951.65,955.76,950.99,953.36,82774828,MSFT
2025-10-16,935.21,955.12,925.98,949.95,103725936,MSFT
2025-10-17,931.89,943.53,930.83,934.94,71521749,MSFT
2025-10-20,943.09,943.17,929.94,930.86,101325840,MSFT
2025-10-21,918.71,929.93,907.49,929.67,45426054,MSFT
2025-10-22,934.86,953.45,933.12,933.49,58298312,MSFT
2025-10-23,939.17,951.83,915.3,924.06,43732329,MSFT
2025-10-24,878.53,894.88,866.53,887.89,72048397,MSFT
2025-10-27,873.76,884.66,865.33,874.3,95108233,MSFT
2025-10-28,875.93,882.39,873.59,875.76,32479344,MSFT
2025-10-29,889.24,890.08,866.25,870.63,85240701,MSFT
2025-10-30,884.27,884.56,878.17,881.88,39429731,MSFT
2025-10-31,902.96,911.27,900.23,901.1,86881103,MSFT
2025-11-03,888.82,890.08,886.09,888.15,97812980,MSFT
2025-11-04,863.85,871.61,859.4,867.67,55838679,MSFT
2025-11-05,873.19,883.68,863.5,873.7,76975887,MSFT
2025-11-06,869.46,878.69,867.89,874.85,74387728,MSFT
2025-11-07,874.54,879.39,874.09,874.17,51561827,MSFT
2025-11-10,848.1,866.19,845.68,861.13,81302941,MSFT
2025-11-11,860.35,884.19,836.05,867.2,28942563,MSFT
2025-11-12,869.74,877.4,854.29,861.59,93903904,MSFT
2025-11-13,859.56,865.82,854.69,857.68,93392945,MSFT
2025-11-14,865.08,877.18,850.02,853.71,71044024,MSFT
2025-11-17,869.45,882.87,860.07,869.28,81369505,MSFT
2025-11-18,867.71,876.98,854.43,857.01,52080183,MSFT
2025-11-19,862.98,865.33,862.27,864.32,89654889,MSFT
2025-11-20,852.86,870.93,836.3,867.17,30348475,MSFT
2025-11-21,855.09,857.94,847.14,857.91,28883391,MSFT
2025-11-24,866.47,878.67,858.25,861.09,22377841,MSFT
2025-11-25,851.13,855.37,841.93,845.22,70552513,MSFT
2025-11-26,836.4,843.65,835.7,837.86,108061548,MSFT
2025-11-27,816.64,830.79,813.46,829.05,62767383,MSFT
2025-11-28,837.66,848.11,834.68,844.25,114939725,MSFT
2025-12-01,866.19,878.8,863.98,866.09,46078490,MSFT
2025-12-02,853.67,862.29,849.99,854.24,62296770,MSFT
2025-12-03,855.24,860.01,848.44,853.06,99930236,MSFT
2025-12-04,824.28,827.73,821.41,826.48,29763385,MSFT
2025-12-05,850.51,853.93,832.27,841.49,116206138,MSFT
2025-12-08,857.99,863.14,840.93,850.64,29520423,MSFT
2025-12-09,874.19,879.36,863.6,872.22,59530011,MSFT
2025-12-10,859.53,861.87,846.27,858.62,118591865,MSFT
2025-12-11,860.95,871.54,852.83,862.63,26041302,MSFT
2025-12-12,878.31,882.94,867.19,880.26,35669864,MSFT
2025-12-15,893.06,895.8,882.82,887.45,90731971,MSFT
2025-12-16,879.17,881.34,876.33,879.5,79890201,MSFT
2025-12-17,865.86,881.03,844.75,873.54,53438548,MSFT
2025-12-18,884.12,894.0,873.67,884.22,21675002,MSFT
2025-12-19,882.59,895.51,881.69,882.72,108218904,MSFT
2025-12-22,871.81,887.02,871.51,880.68,38363355,MSFT
2025-12-23,858.81,870.45,851.65,862.18,104744021,MSFT
2025-12-24,855.24,876.05,847.9,870.52,31679690,MSFT
2025-12-25,856.15,875.54,855.29,869.42,103129852,MSFT
2025-12-26,874.77,875.58,865.61,872.67,105146009,MSFT
2025-12-29,872.68,889.48,866.34,880.2,89579705,MSFT
2025-12-30,875.65,885.79,871.12,873.18,40063713,MSFT
2025-12-31,869.93,879.48,860.54,865.45,24463065,MSFT
2026-01-01,862.15,865.84,855.07,864.83,85857856,MSFT
2026-01-02,851.13,859.25,840.22,858.67,67360460,MSFT
2024-01-02,139.62,140.48,138.04,138.81,48831954,GOOGL
2024-01-03,136.16,137.94,135.13,135.32,56393679,GOOGL
2024-01-04,136.79,136.93,134.82,135.31,65663852,GOOGL
2024-01-05,134.58,135.18,133.48,134.56,22134991,GOOGL
2024-01-08,135.81,138.2,134.6,135.69,48075916,GOOGL
2024-01-09,132.48,132.61,131.44,131.8,41716598,GOOGL
2024-01-10,134.24,135.24,133.52,134.68,107253320,GOOGL
2024-01-11,140.63,141.77,138.12,138.58,80203066,GOOGL
2024-01-12,133.99,136.84,133.58,135.61,115651206,GOOGL
2024-01-15,140.94,141.06,138.46,138.97,80009941,GOOGL
2024-01-16,135.06,138.29,134.4,137.51,44233554,GOOGL
2024-01-17,138.36,139.96,137.77,139.83,23843699,GOOGL
2024-01-18,143.05,144.09,141.39,144.01,78764710,GOOGL
2024-01-19,144.77,146.33,143.38,144.41,59321308,GOOGL
2024-01-22,141.16,141.19,138.52,140.32,77645037,GOOGL
2024-01-23,134.33,135.99,133.98,134.45,26782320,GOOGL
2024-01-24,132.93,133.19,131.74,132.89,101431561,GOOGL
2024-01-25,132.54,133.26,132.29,133.1,75334895,GOOGL
2024-01-26,133.53,134.42,132.83,133.09,86769981,GOOGL
2024-01-29,136.21,136.48,135.38,135.61,42503576,GOOGL
2024-01-30,137.37,139.01,136.57,137.65,116364275,GOOGL
2024-01-31,139.1,140.03,139.05,139.53,102759949,GOOGL
2024-02-01,134.14,136.57,133.31,134.61,111772653,GOOGL
2024-02-02,133.14,134.47,132.27,134.24,30652673,GOOGL
2024-02-05,133.82,135.47,133.06,134.57,76342724,GOOGL
2024-02-06,134.27,134.8,133.38,134.17,68115618,GOOGL
2024-02-07,129.64,130.32,129.22,129.4,111839354,GOOGL
2024-02-08,134.83,134.98,132.89,133.6,97199843,GOOGL
2024-02-09,130.57,131.72,128.93,131.13,89740964,GOOGL
2024-02-12,133.46,133.76,132.26,132.56,83266151,GOOGL
2024-02-13,131.85,132.73,128.07,129.59,69660755,GOOGL
2024-02-14,127.56,127.61,127.47,127.47,100929920,GOOGL
2024-02-15,132.15,134.38,131.25,131.53,107387933,GOOGL
2024-02-16,128.82,128.9,127.84,128.23,52181207,GOOGL
2024-02-19,126.97,127.67,124.01,125.54,107632694,GOOGL
2024-02-20,124.95,126.29,124.49,124.95,94227662,GOOGL
2024-02-21,125.24,126.52,124.84,125.91,86645669,GOOGL
2024-02-22,127.08,127.98,122.05,125.3,38901315,GOOGL
2024-02-23,125.84,128.21,124.9,125.11,85076369,GOOGL
2024-02-26,125.77,128.37,125.37,125.45,110533116,GOOGL
2024-02-27,126.01,126.31,124.26,125.19,95964966,GOOGL
2024-02-28,126.06,130.71,125.6,128.63,34036237,GOOGL
2024-02-29,126.96,129.11,125.58,127.36,75535699,GOOGL
2024-03-01,126.5,129.23,124.05,127.51,56506461,GOOGL
2024-03-04,133.52,135.54,131.29,131.91,60849291,GOOGL
2024-03-05,131.01,133.23,129.61,132.74,86454398,GOOGL
2024-03-06,127.95,128.33,127.03,127.79,112212167,GOOGL
2024-03-07,127.84,129.24,126.9,127.13,28816134,GOOGL
2024-03-08,123.33,126.24,122.88,124.79,20535261,GOOGL
2024-03-11,123.82,124.47,122.28,122.9,76155516,GOOGL
2024-03-12,124.42,124.46,123.78,123.78,48954880,GOOGL
2024-03-13,126.73,128.39,124.74,126.41,116224479,GOOGL
2024-03-14,124.85,125.59,122.98,125.55,44130679,GOOGL
2024-03-15,124.5,125.3,124.15,124.99,35968795,GOOGL
2024-03-18,124.52,124.68,123.76,123.91,61979531,GOOGL
2024-03-19,125.94,128.51,124.82,128.0,30921123,GOOGL
2024-03-20,128.36,130.18,127.27,129.84,35453497,GOOGL
2024-03-21,134.75,136.04,132.43,132.94,81299277,GOOGL
2024-03-22,133.51,135.49,132.1,134.03,83963416,GOOGL
2024-03-25,132.09,135.12,131.68,131.77,101811875,GOOGL
2024-03-26,133.68,135.46,131.42,133.94,71909704,GOOGL
2024-03-27,132.19,132.26,128.99,131.25,30967832,GOOGL
2024-03-28,130.59,131.86,128.93,130.34,59515989,GOOGL
2024-03-29,133.38,134.46,130.59,131.09,118599035,GOOGL
2024-04-01,129.5,130.06,129.25,129.5,112617072,GOOGL
2024-04-02,128.72,131.57,128.44,130.3,89176011,GOOGL
2024-04-03,131.09,132.22,130.47,130.87,44063845,GOOGL
2024-04-04,134.66,135.39,133.08,133.44,83473683,GOOGL
2024-04-05,133.77,133.86,130.69,132.25,73479763,GOOGL
2024-04-08,133.34,133.53,132.6,133.02,108081661,GOOGL
2024-04-09,133.49,134.8,132.92,133.02,40627581,GOOGL
2024-04-10,135.13,136.04,132.92,133.13,48676253,GOOGL
2024-04-11,134.6,134.8,134.04,134.6,27440042,GOOGL
2024-04-12,134.92,135.38,133.51,134.38,24388008,GOOGL
2024-04-15,133.96,135.42,132.33,132.58,28412488,GOOGL
2024-04-16,135.01,136.5,134.46,135.27,51992489,GOOGL
2024-04-17,135.64,135.72,132.41,133.14,37693356,GOOGL
2024-04-18,132.21,133.42,131.82,131.92,49486077,GOOGL
2024-04-19,134.47,134.52,130.93,133.22,54923579,GOOGL
2024-04-22,126.39,129.0,126.11,128.43,26200601,GOOGL
2024-04-23,128.69,130.15,126.36,126.71,78478159,GOOGL
2024-04-24,128.63,129.9,124.76,126.24,41183970,GOOGL
2024-04-25,126.97,128.17,126.05,126.69,21370629,GOOGL
2024-04-26,127.55,127.96,126.31,127.52,118483835,GOOGL
2024-04-29,123.45,125.09,122.94,125.03,28277292,GOOGL
2024-04-30,130.25,130.27,127.43,127.69,47086057,GOOGL
2024-05-01,128.12,128.71,127.78,128.7,47251959,GOOGL
2024-05-02,130.06,132.87,129.41,130.95,88407329,GOOGL
2024-05-03,125.69,128.06,125.34,127.48,69801643,GOOGL
2024-05-06,124.24,126.37,122.7,125.06,103262189,GOOGL
2024-05-07,126.47,127.29,126.27,126.48,96305621,GOOGL
2024-05-08,126.47,130.4,126.31,127.96,111623898,GOOGL
2024-05-09,134.3,134.78,132.44,133.46,54876927,GOOGL
2024-05-10,136.89,139.2,136.32,137.62,118347090,GOOGL
2024-05-13,137.11,137.52,137.08,137.35,87301285,GOOGL
2024-05-14,137.58,139.81,136.06,138.82,32081917,GOOGL
2024-05-15,139.54,141.17,139.48,140.64,81431950,GOOGL
2024-05-16,143.64,144.53,142.35,143.2,55252054,GOOGL
2024-05-17,142.0,145.14,141.31,143.32,117601545,GOOGL
2024-05-20,150.74,150.78,150.06,150.53,53220590,GOOGL
2024-05-21,152.91,152.96,149.88,152.31,25605642,GOOGL
2024-05-22,149.17,150.71,147.98,149.48,47637488,GOOGL
2024-05-23,152.15,153.34,149.84,149.9,54699252,GOOGL
2024-05-24,147.77,148.17,145.49,147.1,103951756,GOOGL
2024-05-27,147.61,148.71,147.47,147.56,98567859,GOOGL
2024-05-28,145.66,150.04,144.64,146.92,40208474,GOOGL
2024-05-29,147.34,147.95,147.16,147.23,85799552,GOOGL
2024-05-30,151.64,152.74,150.47,151.35,54319390,GOOGL
2024-05-31,151.2,152.53,149.75,150.97,36403030,GOOGL
2024-06-03,148.77,152.34,148.71,148.86,21345513,GOOGL
2024-06-04,147.22,148.57,146.24,148.24,34342219,GOOGL
2024-06-05,153.21,153.65,150.41,152.34,24337442,GOOGL
2024-06-06,152.18,153.72,151.88,152.67,89202760,GOOGL
2024-06-07,148.43,150.28,147.39,149.43,23809290,GOOGL
2024-06-10,145.22,146.46,143.86,146.16,97574238,GOOGL
2024-06-11,145.17,145.37,144.22,144.69,64736049,GOOGL
2024-06-12,145.67,146.68,143.79,144.59,48665895,GOOGL
2024-06-13,139.28,142.65,138.89,142.57,94773233,GOOGL
2024-06-14,140.08,141.06,136.91,139.58,101292167,GOOGL
2024-06-17,142.58,144.03,141.95,143.63,70687622,GOOGL
2024-06-18,143.59,144.72,142.48,142.91,57604402,GOOGL
2024-06-19,145.42,146.89,143.35,144.57,42913371,GOOGL
2024-06-20,147.23,148.76,145.49,146.56,101476275,GOOGL
2024-06-21,147.4,149.08,144.96,145.43,68681490,GOOGL
2024-06-24,144.21,146.78,143.45,143.94,105836394,GOOGL
2024-06-25,148.84,148.92,148.03,148.62,76777798,GOOGL
2024-06-26,149.56,150.01,148.23,148.56,26923122,GOOGL
2024-06-27,147.24,147.65,146.23,146.46,61824119,GOOGL
2024-06-28,142.07,144.46,141.47,143.11,85589575,GOOGL
2024-07-01,144.79,145.7,144.17,145.44,91260226,GOOGL
2024-07-02,140.59,143.2,139.76,142.34,117115872,GOOGL
2024-07-03,141.16,142.08,141.07,141.92,118915616,GOOGL
2024-07-04,135.51,137.02,134.02,136.84,102238407,GOOGL
2024-07-05,135.69,139.04,134.15,134.47,113725846,GOOGL
2024-07-08,138.34,140.99,135.31,137.22,65756093,GOOGL
2024-07-09,138.78,141.36,138.57,140.98,66872112,GOOGL
2024-07-10,136.56,138.22,135.52,137.42,43764063,GOOGL
2024-07-11,135.08,135.26,133.04,133.57,53521862,GOOGL
2024-07-12,128.17,129.42,127.21,127.71,87410484,GOOGL
2024-07-15,125.85,125.93,122.02,124.62,87486363,GOOGL
2024-07-16,123.88,126.31,123.59,124.94,108789172,GOOGL
2024-07-17,123.82,125.06,121.7,123.81,118142625,GOOGL
2024-07-18,127.37,128.43,127.16,127.71,50803042,GOOGL
2024-07-19,128.0,131.98,127.5,130.34,104751542,GOOGL
2024-07-22,129.57,131.09,128.78,128.85,61054613,GOOGL
2024-07-23,133.55,135.0,130.8,131.53,30374167,GOOGL
2024-07-24,129.87,131.3,129.29,129.77,83919772,GOOGL
2024-07-25,131.05,131.88,130.14,130.97,42200052,GOOGL
2024-07-26,136.34,137.19,133.39,135.24,24108700,GOOGL
2024-07-29,132.35,134.76,131.82,131.98,108092125,GOOGL
2024-07-30,132.18,133.94,132.05,132.33,45217663,GOOGL
2024-07-31,133.31,134.21,132.78,133.17,80578851,GOOGL
2024-08-01,135.29,135.79,132.42,133.95,109524549,GOOGL
2024-08-02,131.96,132.66,131.28,132.21,96617762,GOOGL
2024-08-05,131.99,133.12,131.55,131.59,38096568,GOOGL
2024-08-06,135.47,136.16,132.69,134.87,91059134,GOOGL
2024-08-07,140.22,140.7,139.09,140.19,59014639,GOOGL
2024-08-08,141.27,143.09,140.54,141.98,63676153,GOOGL
2024-08-09,140.28,141.03,139.41,140.58,76986135,GOOGL
2024-08-12,144.41,146.81,143.38,144.39,72753251,GOOGL
2024-08-13,143.21,144.58,142.9,143.84,41148569,GOOGL
2024-08-14,150.15,151.49,149.75,150.55,70249834,GOOGL
2024-08-15,153.23,154.82,151.69,153.35,98506405,GOOGL
2024-08-16,152.2,152.61,149.6,149.96,71393062,GOOGL
2024-08-19,145.34,146.37,142.93,144.25,50889173,GOOGL
2024-08-20,146.88,147.49,144.11,144.36,108282920,GOOGL
2024-08-21,144.36,144.38,142.41,143.93,74451083,GOOGL
2024-08-22,144.02,144.55,143.09,143.26,89096883,GOOGL
2024-08-23,138.11,140.48,137.07,138.46,116748319,GOOGL
2024-08-26,141.92,142.21,141.14,141.49,36213980,GOOGL
2024-08-27,140.1,141.26,139.81,140.51,40559130,GOOGL
2024-08-28,140.45,141.73,137.71,138.17,41140206,GOOGL
2024-08-29,134.36,138.56,133.46,135.48,40165396,GOOGL
2024-08-30,139.65,140.26,138.1,139.36,28130226,GOOGL
2024-09-02,142.19,143.58,137.01,139.63,91657906,GOOGL
2024-09-03,139.55,140.3,136.72,140.04,22487133,GOOGL
2024-09-04,140.94,141.01,139.83,140.86,113051943,GOOGL
2024-09-05,150.75,151.35,148.08,149.0,69352182,GOOGL
2024-09-06,146.27,148.65,145.92,147.1,103065447,GOOGL
2024-09-09,142.8,144.89,139.62,143.81,80150023,GOOGL
2024-09-10,142.76,147.23,141.67,144.68,81666162,GOOGL
2024-09-11,149.18,150.99,147.7,148.28,54229304,GOOGL
2024-09-12,146.19,147.68,144.17,144.63,102686515,GOOGL
2024-09-13,144.62,145.93,143.88,143.98,89305953,GOOGL
2024-09-16,141.92,144.05,140.31,140.65,37121958,GOOGL
2024-09-17,139.7,140.55,135.22,137.56,98305723,GOOGL
2024-09-18,135.37,136.82,134.22,136.21,58608147,GOOGL
2024-09-19,142.09,143.72,141.8,143.22,86948957,GOOGL
2024-09-20,142.88,144.76,141.41,144.53,70098043,GOOGL
2024-09-23,144.32,145.2,143.12,143.33,106412964,GOOGL
2024-09-24,146.22,147.11,145.32,145.56,32702776,GOOGL
2024-09-25,145.88,149.45,145.29,146.06,65564013,GOOGL
2024-09-26,143.83,145.64,143.73,144.39,30883792,GOOGL
2024-09-27,149.69,150.79,149.13,149.77,27756011,GOOGL
2024-09-30,152.26,153.89,148.65,148.77,25486240,GOOGL
2024-10-01,147.09,147.84,146.36,146.91,42028880,GOOGL
2024-10-02,145.82,146.85,145.15,146.78,58865144,GOOGL
2024-10-03,146.1,147.84,144.63,147.14,79544566,GOOGL
2024-10-04,145.5,146.46,144.37,144.89,45133754,GOOGL
2024-10-07,147.44,150.16,146.15,146.27,67743487,GOOGL
2024-10-08,152.3,153.33,149.84,150.78,77558591,GOOGL
2024-10-09,151.93,152.32,148.42,149.21,110963146,GOOGL
2024-10-10,149.3,152.0,147.21,150.28,90971087,GOOGL
2024-10-11,152.64,153.29,152.08,152.67,91533108,GOOGL
2024-10-14,155.01,156.0,153.48,153.85,95035355,GOOGL
2024-10-15,157.95,158.46,156.43,157.19,48903256,GOOGL
2024-10-16,157.55,158.71,154.82,157.26,93779111,GOOGL
2024-10-17,156.84,158.57,156.21,158.11,64684155,GOOGL
2024-10-18,157.5,159.67,156.97,157.85,96110763,GOOGL
2024-10-21,162.42,164.13,162.33,162.73,39969037,GOOGL
2024-10-22,168.33,169.51,167.17,168.01,117886514,GOOGL
2024-10-23,171.28,171.89,168.52,170.52,52552448,GOOGL
2024-10-24,169.99,173.08,167.52,171.21,72487870,GOOGL
2024-10-25,173.63,174.26,172.54,173.62,37405475,GOOGL
2024-10-28,173.64,175.04,173.13,174.38,101944311,GOOGL
2024-10-29,176.04,176.14,174.71,175.53,108222927,GOOGL
2024-10-30,177.39,178.87,177.15,177.58,59415825,GOOGL
2024-10-31,179.78,182.28,178.13,179.78,113393545,GOOGL
2024-11-01,186.68,189.44,184.12,184.38,116935448,GOOGL
2024-11-04,187.69,189.04,187.68,187.94,29028004,GOOGL
2024-11-05,189.28,190.36,187.89,188.99,32665941,GOOGL
2024-11-06,186.96,187.03,185.35,186.54,26757701,GOOGL
2024-11-07,178.29,180.56,176.84,180.13,108745782,GOOGL
2024-11-08,180.45,181.06,178.87,178.96,98918461,GOOGL
2024-11-11,184.05,184.47,179.27,180.52,114599620,GOOGL
2024-11-12,176.09,178.67,174.02,177.98,30838446,GOOGL
2024-11-13,183.67,184.9,183.24,184.08,78624450,GOOGL
2024-11-14,181.04,182.67,180.35,181.57,90153597,GOOGL
2024-11-15,182.87,182.94,180.85,181.45,57980953,GOOGL
2024-11-18,184.42,186.12,183.53,184.49,93990428,GOOGL
2024-11-19,189.23,192.1,187.04,190.43,54605987,GOOGL
2024-11-20,181.72,184.38,181.3,182.71,77291982,GOOGL
2024-11-21,183.75,184.42,182.38,184.4,69091829,GOOGL
2024-11-22,184.47,186.35,181.72,183.91,41773439,GOOGL
2024-11-25,180.43,181.02,177.32,178.45,24111819,GOOGL
2024-11-26,175.99,176.64,175.16,175.83,40940594,GOOGL
2024-11-27,174.67,175.55,172.2,174.55,50009137,GOOGL
2024-11-28,172.65,173.68,172.13,173.46,96469785,GOOGL
2024-11-29,176.48,176.69,172.37,173.1,112057774,GOOGL
2024-12-02,172.84,176.26,171.25,173.83,63496436,GOOGL
2024-12-03,180.02,182.04,179.85,180.3,90255401,GOOGL
2024-12-04,176.56,176.66,176.17,176.25,35023142,GOOGL
2024-12-05,178.88,178.94,176.68,177.75,81217145,GOOGL
2024-12-06,177.71,180.19,176.3,176.34,113462413,GOOGL
2024-12-09,177.06,177.76,176.5,177.49,21588023,GOOGL
2024-12-10,177.33,179.09,175.7,178.58,54723088,GOOGL
2024-12-11,176.71,178.05,176.26,177.9,114687536,GOOGL
2024-12-12,180.46,180.9,178.84,179.64,110252265,GOOGL
2024-12-13,185.54,186.22,183.85,185.66,60364077,GOOGL
2024-12-16,188.33,188.95,186.65,188.78,41609971,GOOGL
2024-12-17,195.06,196.61,193.31,194.03,98298492,GOOGL
2024-12-18,191.76,192.36,191.16,191.79,76609676,GOOGL
2024-12-19,194.77,195.19,193.66,195.07,30059280,GOOGL
2024-12-20,202.1,202.53,201.42,201.6,72006215,GOOGL
2024-12-23,201.26,206.0,200.11,200.87,36082064,GOOGL
2024-12-24,201.71,202.21,201.07,201.13,108127229,GOOGL
2024-12-25,194.99,195.73,192.8,192.94,65603405,GOOGL
2024-12-26,193.44,196.42,191.45,194.1,92452850,GOOGL
2024-12-27,193.57,195.92,190.11,191.88,37529948,GOOGL
2024-12-30,193.21,193.97,190.39,191.03,94523134,GOOGL
2024-12-31,190.32,193.27,188.16,190.07,88430610,GOOGL
2025-01-01,194.3,196.98,193.53,195.77,26544004,GOOGL
2025-01-02,194.92,195.95,194.51,194.76,47479401,GOOGL
2025-01-03,194.79,195.7,192.0,193.5,118427729,GOOGL
2025-01-06,196.43,197.11,195.07,195.6,75048626,GOOGL
2025-01-07,192.8,196.71,190.76,194.25,69804583,GOOGL
2025-01-08,196.3,196.61,195.37,196.0,94808038,GOOGL
2025-01-09,192.39,194.4,190.64,191.23,107094359,GOOGL
2025-01-10,187.83,189.54,185.95,187.24,118394916,GOOGL
2025-01-13,182.74,185.72,182.51,183.85,97055223,GOOGL
2025-01-14,184.01,184.7,178.4,182.84,97313271,GOOGL
2025-01-15,182.78,183.15,181.19,182.57,55557721,GOOGL
2025-01-16,180.56,185.52,178.25,182.68,21374700,GOOGL
2025-01-17,181.37,184.15,180.35,180.55,46227981,GOOGL
2025-01-20,181.46,183.92,180.07,181.74,79304243,GOOGL
2025-01-21,181.44,184.0,179.96,182.97,55384680,GOOGL
2025-01-22,178.51,180.26,177.24,180.03,61376502,GOOGL
2025-01-23,187.57,187.69,185.35,185.41,46178790,GOOGL
2025-01-24,179.88,181.33,178.12,180.75,57415496,GOOGL
2025-01-27,179.58,183.07,178.56,181.09,88049566,GOOGL
2025-01-28,179.59,182.07,178.23,179.19,46942894,GOOGL
2025-01-29,182.34,184.81,181.7,182.85,108415301,GOOGL
2025-01-30,182.08,183.91,179.54,180.82,50422491,GOOGL
2025-01-31,189.47,191.5,184.33,184.55,40945992,GOOGL
2025-02-03,187.48,188.72,185.11,187.34,101785902,GOOGL
2025-02-04,183.59,183.79,183.35,183.74,64523790,GOOGL
2025-02-05,177.6,178.58,176.86,177.08,48663509,GOOGL
2025-02-06,179.66,182.09,176.82,180.01,66185466,GOOGL
2025-02-07,179.75,181.02,177.47,178.24,61014942,GOOGL
2025-02-10,181.27,181.34,179.7,180.97,44047972,GOOGL
2025-02-11,176.98,177.63,174.76,176.72,109106149,GOOGL
2025-02-12,178.53,181.19,177.7,178.0,27967554,GOOGL
2025-02-13,178.32,178.99,176.91,178.31,115055281,GOOGL
2025-02-14,176.8,176.99,175.89,176.34,28728791,GOOGL
2025-02-17,174.23,176.29,173.67,175.12,119429210,GOOGL
2025-02-18,169.37,171.91,169.1,171.07,54420901,GOOGL
2025-02-19,167.47,168.61,165.19,165.98,50917945,GOOGL
2025-02-20,163.24,163.62,160.93,163.0,54629241,GOOGL
2025-02-21,160.03,163.25,159.53,163.03,100520483,GOOGL
2025-02-24,167.77,168.43,166.06,166.12,110890150,GOOGL
2025-02-25,167.09,168.29,166.64,166.98,118239948,GOOGL
2025-02-26,161.67,163.17,161.37,162.21,54964962,GOOGL
2025-02-27,167.88,168.72,165.61,165.8,110512786,GOOGL
2025-02-28,166.79,169.1,165.01,166.29,34011177,GOOGL
2025-03-03,169.71,171.31,167.19,168.88,94814534,GOOGL
2025-03-04,166.69,169.09,166.38,167.06,82362756,GOOGL
2025-03-05,169.11,169.62,167.28,168.47,47629428,GOOGL
2025-03-06,167.41,168.07,166.61,167.75,97508611,GOOGL
2025-03-07,164.72,166.83,163.63,164.81,30802816,GOOGL
2025-03-10,164.71,166.76,164.22,166.11,118529488,GOOGL
2025-03-11,163.03,165.57,161.36,165.15,77092604,GOOGL
2025-03-12,166.36,166.49,163.42,165.86,91236744,GOOGL
2025-03-13,163.52,167.22,162.81,166.37,52544376,GOOGL
2025-03-14,174.02,174.61,170.9,172.64,73076391,GOOGL
2025-03-17,172.25,173.97,170.15,171.63,71390606,GOOGL
2025-03-18,173.36,173.8,169.28,169.9,118807764,GOOGL
2025-03-19,169.12,169.28,165.96,167.1,116466816,GOOGL
2025-03-20,161.35,162.19,158.99,160.43,96585049,GOOGL
2025-03-21,164.12,167.43,163.0,166.26,84967619,GOOGL
2025-03-24,166.38,167.71,164.1,166.82,62715694,GOOGL
2025-03-25,168.69,169.34,167.0,167.2,35910354,GOOGL
2025-03-26,174.37,174.89,171.63,172.28,34279041,GOOGL
2025-03-27,166.61,169.95,166.44,168.81,84770647,GOOGL
2025-03-28,166.95,169.21,164.83,168.52,39411110,GOOGL
2025-03-31,173.78,173.94,169.67,171.86,99411441,GOOGL
2025-04-01,177.06,179.22,176.55,176.85,85760903,GOOGL
2025-04-02,175.23,176.48,173.87,174.98,39121868,GOOGL
2025-04-03,176.62,176.63,176.16,176.38,92000956,GOOGL
2025-04-04,180.12,181.56,177.67,180.11,92712178,GOOGL
2025-04-07,180.2,182.76,179.53,180.57,68705576,GOOGL
2025-04-08,180.54,181.21,179.41,180.6,97765090,GOOGL
2025-04-09,180.95,183.75,179.23,182.75,93369250,GOOGL
2025-04-10,179.61,180.96,179.0,180.8,65935053,GOOGL
2025-04-11,187.93,188.21,185.54,186.27,84418018,GOOGL
2025-04-14,185.2,185.21,182.02,184.68,30702884,GOOGL
2025-04-15,183.78,186.22,183.5,185.05,97050930,GOOGL
2025-04-16,184.7,186.78,184.19,185.82,93845173,GOOGL
2025-04-17,189.33,189.34,186.74,187.16,89085956,GOOGL
2025-04-18,190.15,190.41,188.29,189.32,53310985,GOOGL
2025-04-21,182.07,183.05,181.37,181.79,53548862,GOOGL
2025-04-22,184.45,190.5,183.09,186.13,70464558,GOOGL
2025-04-23,191.93,195.13,191.26,191.78,38202255,GOOGL
2025-04-24,183.98,186.92,182.16,184.92,53811735,GOOGL
2025-04-25,182.85,182.9,182.47,182.47,104704044,GOOGL
2025-04-28,185.16,185.26,184.45,184.51,78190267,GOOGL
2025-04-29,183.38,186.22,180.86,182.26,96594236,GOOGL
2025-04-30,192.4,192.8,189.35,190.69,112654752,GOOGL
2025-05-01,189.25,191.56,185.64,190.79,48152964,GOOGL
2025-05-02,201.14,201.15,198.87,200.05,31008930,GOOGL
2025-05-05,208.94,209.41,208.86,208.87,67110136,GOOGL
2025-05-06,206.6,210.56,206.43,207.48,87271279,GOOGL
2025-05-07,208.85,213.62,207.08,210.82,58977337,GOOGL
2025-05-08,214.44,217.03,212.63,216.31,71038825,GOOGL
2025-05-09,225.79,226.45,220.56,222.15,74601453,GOOGL
2025-05-12,219.42,220.94,217.71,218.67,33039913,GOOGL
2025-05-13,218.27,220.7,214.01,216.94,25554349,GOOGL
2025-05-14,223.34,224.1,222.53,223.18,48789671,GOOGL
2025-05-15,222.33,223.86,221.29,222.94,28601984,GOOGL
2025-05-16,222.81,224.36,222.34,223.72,112789008,GOOGL
2025-05-19,226.21,228.09,225.53,225.58,67909824,GOOGL
2025-05-20,222.45,223.43,219.87,221.79,95166250,GOOGL
2025-05-21,220.07,220.54,217.77,219.78,27204372,GOOGL
2025-05-22,230.47,231.56,225.02,228.74,57790284,GOOGL
2025-05-23,231.89,233.21,229.96,230.81,78031170,GOOGL
2025-05-26,223.4,224.23,222.01,223.67,101263913,GOOGL
2025-05-27,224.0,226.89,221.81,223.74,68054691,GOOGL
2025-05-28,219.28,222.64,216.12,221.99,113808202,GOOGL
2025-05-29,220.24,222.9,219.4,222.66,41959015,GOOGL
2025-05-30,219.56,220.95,215.96,218.43,52681694,GOOGL
2025-06-02,214.34,214.6,208.56,211.96,38285327,GOOGL
2025-06-03,213.09,214.5,211.21,212.82,91659154,GOOGL
2025-06-04,213.27,215.63,211.75,213.73,110846812,GOOGL
2025-06-05,210.07,213.47,206.38,208.57,67951241,GOOGL
2025-06-06,205.62,208.16,205.17,206.39,78256919,GOOGL
2025-06-09,210.84,211.71,209.42,210.03,98242405,GOOGL
2025-06-10,205.06,205.52,202.76,205.05,91329849,GOOGL
2025-06-11,207.03,207.86,202.42,205.63,109745737,GOOGL
2025-06-12,212.31,212.41,209.67,210.09,51528394,GOOGL
2025-06-13,213.46,215.99,212.42,215.77,20067024,GOOGL
2025-06-16,217.82,220.54,215.25,216.35,49896619,GOOGL
2025-06-17,203.82,204.13,202.33,203.91,41814592,GOOGL
2025-06-18,204.91,206.94,203.24,206.64,41745725,GOOGL
2025-06-19,203.65,203.67,200.73,202.19,113806828,GOOGL
2025-06-20,201.53,202.96,198.6,200.3,34634919,GOOGL
2025-06-23,205.96,206.0,203.15,203.74,112411117,GOOGL
2025-06-24,201.29,202.16,196.61,200.18,75917428,GOOGL
2025-06-25,195.28,199.12,193.54,197.04,101576258,GOOGL
2025-06-26,194.74,194.81,192.16,192.18,89434815,GOOGL
2025-06-27,195.84,197.82,194.44,196.25,24602828,GOOGL
2025-06-30,194.04,194.37,192.89,194.0,65644287,GOOGL
2025-07-01,196.36,199.01,193.6,196.12,110172267,GOOGL
2025-07-02,199.37,200.42,196.74,198.88,63058538,GOOGL
2025-07-03,203.11,204.48,200.26,203.14,32574250,GOOGL
2025-07-04,200.21,200.83,200.18,200.54,102763639,GOOGL
2025-07-07,193.75,195.78,192.29,195.65,54457221,GOOGL
2025-07-08,196.09,198.93,195.01,197.85,107043722,GOOGL
2025-07-09,201.19,202.42,199.23,201.41,46759617,GOOGL
2025-07-10,208.87,209.59,202.23,204.39,61458310,GOOGL
2025-07-11,209.09,210.65,203.78,205.34,47979658,GOOGL
2025-07-14,216.0,219.14,214.75,217.65,64234699,GOOGL
2025-07-15,208.31,211.88,207.89,209.48,96456221,GOOGL
2025-07-16,207.84,211.71,205.47,210.14,41732491,GOOGL
2025-07-17,209.5,211.84,207.86,210.36,83956817,GOOGL
2025-07-18,217.69,218.68,213.79,214.57,68398912,GOOGL
2025-07-21,213.41,216.27,210.11,216.18,98369930,GOOGL
2025-07-22,215.25,220.89,214.83,218.49,106243921,GOOGL
2025-07-23,218.9,223.6,218.5,219.0,111839742,GOOGL
2025-07-24,223.3,224.3,221.57,221.86,67914334,GOOGL
2025-07-25,228.07,229.62,224.16,226.42,118533286,GOOGL
2025-07-28,216.73,218.64,216.16,217.88,117386555,GOOGL
2025-07-29,222.19,225.19,218.04,220.62,22780209,GOOGL
2025-07-30,211.53,213.9,210.91,213.5,50444669,GOOGL
2025-07-31,224.42,226.02,222.71,224.86,75851356,GOOGL
2025-08-01,228.31,229.32,224.24,227.17,62145978,GOOGL
2025-08-04,225.47,228.36,225.0,227.28,67850317,GOOGL
2025-08-05,227.29,228.85,225.0,228.11,59385560,GOOGL
2025-08-06,223.44,224.05,222.23,223.44,96375970,GOOGL
2025-08-07,221.08,227.55,220.11,224.74,95269798,GOOGL
2025-08-08,218.74,221.28,216.9,217.48,117976207,GOOGL
2025-08-11,215.51,215.75,212.5,215.08,99209810,GOOGL
2025-08-12,207.3,207.45,202.83,206.24,39126174,GOOGL
2025-08-13,208.05,210.32,205.51,206.85,25749008,GOOGL
2025-08-14,207.25,207.32,203.96,204.14,51978776,GOOGL
2025-08-15,208.35,210.98,207.24,207.74,40125112,GOOGL
2025-08-18,201.37,204.71,201.07,203.14,82492616,GOOGL
2025-08-19,201.89,202.79,200.72,201.45,26318163,GOOGL
2025-08-20,194.87,195.5,191.53,194.69,76889284,GOOGL
2025-08-21,197.44,199.83,196.2,197.93,96340220,GOOGL
2025-08-22,201.93,202.91,196.11,198.39,58198901,GOOGL
2025-08-25,199.68,200.98,195.77,200.85,32146597,GOOGL
2025-08-26,201.12,206.51,199.95,204.85,85862222,GOOGL
2025-08-27,205.62,209.44,203.24,204.59,96953623,GOOGL
2025-08-28,201.89,204.01,200.45,202.67,66307937,GOOGL
2025-08-29,198.75,203.63,198.45,201.96,119875073,GOOGL
2025-09-01,203.77,205.16,199.25,202.23,60302210,GOOGL
2025-09-02,204.8,206.86,204.43,206.29,105821435,GOOGL
2025-09-03,201.74,204.02,199.4,203.04,78783067,GOOGL
2025-09-04,203.85,206.89,203.51,205.62,86994747,GOOGL
2025-09-05,198.98,200.07,198.17,199.32,26938668,GOOGL
2025-09-08,202.42,204.61,201.43,201.75,55124704,GOOGL
2025-09-09,206.4,207.12,202.9,203.76,21850091,GOOGL
2025-09-10,204.26,204.65,203.4,203.94,57879465,GOOGL
2025-09-11,209.68,212.3,205.04,208.44,96097553,GOOGL
2025-09-12,212.67,213.84,208.54,211.39,91834635,GOOGL
2025-09-15,206.11,208.65,204.81,207.5,95818628,GOOGL
2025-09-16,213.77,216.13,209.2,209.62,50697720,GOOGL
2025-09-17,206.17,207.23,203.75,205.34,109008216,GOOGL
2025-09-18,199.76,202.03,198.52,200.8,72509779,GOOGL
2025-09-19,200.05,200.09,195.69,196.25,23960732,GOOGL
2025-09-22,192.4,196.14,191.47,195.5,49325434,GOOGL
2025-09-23,196.41,197.12,194.85,195.23,84408701,GOOGL
2025-09-24,197.84,198.46,195.62,195.99,92155355,GOOGL
2025-09-25,202.04,204.33,201.4,202.45,33910652,GOOGL
2025-09-26,198.12,201.12,198.03,198.43,99633384,GOOGL
2025-09-29,199.59,201.62,199.4,200.96,96764682,GOOGL
2025-09-30,197.31,197.74,195.03,197.74,38728705,GOOGL
2025-10-01,198.02,198.09,194.48,197.86,75066795,GOOGL
2025-10-02,198.75,204.47,197.09,201.11,37434283,GOOGL
2025-10-03,204.16,205.76,202.96,204.76,110972900,GOOGL
2025-10-06,206.51,207.82,202.4,205.52,56870885,GOOGL
2025-10-07,197.35,198.6,196.23,198.51,52858166,GOOGL
2025-10-08,195.01,196.86,194.8,195.33,103462099,GOOGL
2025-10-09,203.73,203.81,202.6,202.94,52270107,GOOGL
2025-10-10,206.71,208.93,204.28,205.7,108525303,GOOGL
2025-10-13,203.78,206.07,201.87,205.03,88805777,GOOGL
2025-10-14,203.46,205.62,200.51,205.03,76990343,GOOGL
2025-10-15,208.32,209.91,204.87,206.2,98168155,GOOGL
2025-10-16,208.81,210.43,207.84,208.39,97136843,GOOGL
2025-10-17,206.9,208.39,205.54,207.55,104046423,GOOGL
2025-10-20,215.27,219.68,214.08,217.7,75015058,GOOGL
2025-10-21,215.22,215.34,213.25,214.58,114204786,GOOGL
2025-10-22,211.57,215.37,210.26,212.72,88177631,GOOGL
2025-10-23,214.51,215.52,212.27,214.93,35932757,GOOGL
2025-10-24,213.15,215.86,212.41,215.82,108346367,GOOGL
2025-10-27,216.73,217.61,212.23,214.03,21443811,GOOGL
2025-10-28,212.29,215.76,210.05,214.46,27878666,GOOGL
2025-10-29,215.18,218.12,213.91,216.32,21035244,GOOGL
2025-10-30,215.01,221.03,214.28,219.98,116786853,GOOGL
2025-10-31,216.22,216.69,213.21,215.49,35590727,GOOGL
2025-11-03,215.03,216.53,214.18,215.96,30375819,GOOGL
2025-11-04,217.72,220.9,217.52,218.29,33193073,GOOGL
2025-11-05,220.5,221.08,215.22,219.15,114730557,GOOGL
2025-11-06,219.96,221.95,219.41,221.32,66601745,GOOGL
2025-11-07,222.67,222.76,222.05,222.36,74790036,GOOGL
2025-11-10,222.56,224.86,220.85,224.13,58027630,GOOGL
2025-11-11,221.06,221.88,220.43,221.87,23715664,GOOGL
2025-11-12,227.28,228.01,226.5,227.55,52588727,GOOGL
2025-11-13,236.87,237.38,235.26,235.62,31005642,GOOGL
2025-11-14,232.32,233.71,231.75,232.12,42537082,GOOGL
2025-11-17,234.0,234.05,230.72,232.35,55771367,GOOGL
2025-11-18,235.87,237.78,233.74,234.62,65697190,GOOGL
2025-11-19,241.11,247.02,239.43,244.27,64676391,GOOGL
2025-11-20,243.11,247.52,239.77,247.03,70360453,GOOGL
2025-11-21,248.97,250.26,246.42,246.43,26437642,GOOGL
2025-11-24,240.07,241.33,236.71,238.89,26727791,GOOGL
2025-11-25,241.91,243.89,237.48,238.36,98109503,GOOGL
2025-11-26,237.18,239.6,233.43,236.11,94062695,GOOGL
2025-11-27,232.69,235.4,230.69,234.32,75602971,GOOGL
2025-11-28,243.14,246.13,238.76,241.24,59727910,GOOGL
2025-12-01,243.98,244.54,240.06,241.12,57657042,GOOGL
2025-12-02,240.35,243.39,238.61,242.28,21394358,GOOGL
2025-12-03,246.58,246.95,245.28,246.11,29314376,GOOGL
2025-12-04,252.59,255.02,250.71,252.68,33105702,GOOGL
2025-12-05,252.37,258.73,251.2,253.82,53219203,GOOGL
2025-12-08,260.01,260.04,254.3,257.12,28111231,GOOGL
2025-12-09,258.94,263.84,258.56,260.75,75351120,GOOGL
2025-12-10,258.7,262.05,256.29,259.06,107065964,GOOGL
2025-12-11,263.21,268.36,262.9,264.82,24548753,GOOGL
2025-12-12,265.29,268.43,265.12,267.0,26946121,GOOGL
2025-12-15,267.79,270.25,264.34,267.96,58092869,GOOGL
2025-12-16,262.96,266.45,259.55,265.58,51162879,GOOGL
2025-12-17,258.87,261.75,253.55,255.58,41935413,GOOGL
2025-12-18,255.48,257.41,255.19,255.73,34620684,GOOGL
2025-12-19,259.53,260.33,253.81,256.26,20499543,GOOGL
2025-12-22,251.22,256.41,249.22,255.89,26100637,GOOGL
2025-12-23,255.64,257.18,254.25,255.38,23214395,GOOGL
2025-12-24,246.39,247.08,243.56,245.2,71507054,GOOGL
2025-12-25,259.02,260.71,253.6,254.86,25433525,GOOGL
2025-12-26,254.15,255.71,254.02,254.2,50593781,GOOGL
2025-12-29,249.21,253.38,248.87,252.8,40834784,GOOGL
2025-12-30,253.6,256.29,251.06,253.27,35450731,GOOGL
2025-12-31,251.51,255.44,251.31,255.1,64349168,GOOGL
2026-01-01,262.27,266.22,258.4,260.14,27920644,GOOGL
2026-01-02,259.42,261.21,256.83,261.06,52269819,GOOGL
2024-01-02,151.75,153.41,151.17,151.82,119007072,AMZN
2024-01-03,154.75,155.23,153.1,154.25,77450526,AMZN
2024-01-04,151.63,152.08,151.57,151.81,21788913,AMZN
2024-01-05,151.78,153.35,151.26,151.72,113344580,AMZN
2024-01-08,153.08,154.41,150.93,152.08,37156249,AMZN
2024-01-09,155.44,156.54,154.41,155.08,75973644,AMZN
2024-01-10,156.63,158.91,156.4,156.98,71334983,AMZN
2024-01-11,157.39,159.02,154.86,156.33,47422550,AMZN
2024-01-12,160.28,160.63,160.18,160.48,52253620,AMZN
2024-01-15,162.62,164.21,161.72,161.75,41897553,AMZN
2024-01-16,159.49,161.22,155.64,158.63,74366555,AMZN
2024-01-17,159.58,161.14,158.37,158.83,76088367,AMZN
2024-01-18,161.65,163.75,157.6,159.82,55922693,AMZN
2024-01-19,156.03,159.59,154.37,158.08,52751001,AMZN
2024-01-22,159.23,161.18,158.29,160.53,23110109,AMZN
2024-01-23,159.47,159.76,157.42,159.18,54537353,AMZN
2024-01-24,158.05,158.79,156.02,158.01,72129771,AMZN
2024-01-25,159.05,161.26,158.57,160.87,94906651,AMZN
2024-01-26,159.07,160.56,157.62,159.35,38334644,AMZN
2024-01-29,159.85,160.52,158.5,159.02,44604641,AMZN
2024-01-30,156.56,158.59,155.64,157.95,92501378,AMZN
2024-01-31,156.06,158.0,155.86,157.43,66549008,AMZN
2024-02-01,153.9,154.22,152.65,153.07,102682161,AMZN
2024-02-02,148.33,151.84,148.23,150.0,78342664,AMZN
2024-02-05,155.02,155.45,154.17,154.44,74653955,AMZN
2024-02-06,156.18,158.08,154.8,157.51,44526407,AMZN
2024-02-07,159.36,160.15,158.89,160.0,115354006,AMZN
2024-02-08,157.93,158.4,156.95,157.31,48894459,AMZN
2024-02-09,156.44,160.14,156.11,159.04,101985378,AMZN
2024-02-12,160.43,164.1,159.07,159.91,96383752,AMZN
2024-02-13,155.33,155.56,153.79,154.38,67589814,AMZN
2024-02-14,153.06,153.36,151.84,152.44,105346859,AMZN
2024-02-15,149.18,150.51,147.86,150.48,56228661,AMZN
2024-02-16,143.02,144.79,142.82,144.0,28095703,AMZN
2024-02-19,142.92,144.28,141.56,143.64,116592222,AMZN
2024-02-20,143.86,144.83,142.97,144.42,89714608,AMZN
2024-02-21,144.6,146.96,143.01,143.56,97265705,AMZN
2024-02-22,147.08,149.32,145.67,147.86,57830957,AMZN
2024-02-23,150.27,153.19,150.27,152.13,36486560,AMZN
2024-02-26,151.5,154.76,149.68,153.03,90467736,AMZN
2024-02-27,156.92,158.8,155.96,156.03,63593252,AMZN
2024-02-28,152.08,155.04,151.67,154.05,94714321,AMZN
2024-02-29,157.4,158.43,155.36,156.51,93070085,AMZN
2024-03-01,157.4,158.76,155.18,155.73,111819042,AMZN
2024-03-04,155.88,157.21,155.47,156.64,90758502,AMZN
2024-03-05,156.1,156.73,154.15,154.84,97051321,AMZN
2024-03-06,150.66,152.18,149.19,149.44,77697482,AMZN
2024-03-07,152.93,153.43,150.9,151.74,109063655,AMZN
2024-03-08,153.29,154.56,150.86,151.59,48614265,AMZN
2024-03-11,145.38,147.93,144.82,146.57,93031282,AMZN
2024-03-12,150.73,151.64,148.33,149.02,36299581,AMZN
2024-03-13,147.88,147.96,143.77,145.5,74016269,AMZN
2024-03-14,141.68,142.33,140.21,140.34,70003487,AMZN
2024-03-15,143.26,144.36,141.4,142.03,68499876,AMZN
2024-03-18,137.52,138.84,135.99,138.79,108381511,AMZN
2024-03-19,144.01,144.02,141.19,142.17,78312805,AMZN
2024-03-20,142.33,143.49,141.55,142.86,49596531,AMZN
2024-03-21,142.46,142.87,140.4,141.88,65212881,AMZN
2024-03-22,143.31,143.85,142.01,143.8,114571203,AMZN
2024-03-25,144.69,145.69,143.15,145.07,114913042,AMZN
2024-03-26,146.77,147.49,144.8,146.5,98904271,AMZN
2024-03-27,146.98,147.51,146.56,147.49,89331395,AMZN
2024-03-28,150.36,151.1,148.94,149.55,21526064,AMZN
2024-03-29,146.52,147.33,145.07,146.62,55122239,AMZN
2024-04-01,143.87,143.89,143.46,143.8,22580746,AMZN
2024-04-02,144.26,144.98,141.35,143.48,90308620,AMZN
2024-04-03,142.37,143.68,142.22,142.66,80647232,AMZN
2024-04-04,143.91,144.69,142.52,143.66,52869021,AMZN
2024-04-05,146.92,147.61,144.46,146.23,107776648,AMZN
2024-04-08,142.99,144.73,142.8,143.44,109009485,AMZN
2024-04-09,146.52,147.52,146.34,146.87,48592956,AMZN
2024-04-10,144.91,146.48,143.83,145.62,118368164,AMZN
2024-04-11,147.58,147.97,147.2,147.71,29929772,AMZN
2024-04-12,149.72,151.06,148.32,148.93,83855370,AMZN
2024-04-15,143.06,145.77,142.59,145.12,108040330,AMZN
2024-04-16,144.31,145.92,143.2,144.24,41876429,AMZN
2024-04-17,143.77,145.3,143.03,143.95,66249297,AMZN
2024-04-18,138.83,140.68,138.71,140.62,37941122,AMZN
2024-04-19,144.16,144.79,141.86,143.25,68800414,AMZN
2024-04-22,142.49,142.79,140.2,140.67,104995058,AMZN
2024-04-23,148.29,149.12,145.64,146.01,111300408,AMZN
2024-04-24,148.43,148.53,147.4,148.33,111091191,AMZN
2024-04-25,150.63,150.91,148.41,149.85,105559540,AMZN
2024-04-26,147.57,148.53,146.55,146.76,105499542,AMZN
2024-04-29,147.55,150.13,146.06,148.28,108767401,AMZN
2024-04-30,147.64,149.05,146.46,147.99,95608692,AMZN
2024-05-01,150.25,151.51,149.08,150.23,60436662,AMZN
2024-05-02,152.41,153.49,152.16,153.21,97968823,AMZN
2024-05-03,155.57,156.41,155.1,155.13,93752575,AMZN
2024-05-06,157.91,161.12,157.82,160.82,28053072,AMZN
2024-05-07,158.4,158.78,157.93,158.56,106807344,AMZN
2024-05-08,160.54,160.96,158.35,159.95,82685612,AMZN
2024-05-09,155.97,157.5,154.93,155.99,94504069,AMZN
2024-05-10,156.31,156.67,155.58,155.6,28818954,AMZN
2024-05-13,160.01,160.62,155.62,156.98,82790741,AMZN
2024-05-14,157.57,158.35,156.89,157.46,103783993,AMZN
2024-05-15,156.73,158.51,155.05,156.64,33036977,AMZN
2024-05-16,156.25,156.88,154.3,155.36,109375287,AMZN
2024-05-17,150.95,151.63,149.38,150.01,53620330,AMZN
2024-05-20,152.34,152.52,150.69,151.13,118308770,AMZN
2024-05-21,146.61,150.21,145.31,146.59,68647357,AMZN
2024-05-22,145.32,147.07,144.0,144.94,118337407,AMZN
2024-05-23,148.36,148.69,148.0,148.01,96151666,AMZN
2024-05-24,146.16,146.96,142.32,144.44,79430134,AMZN
2024-05-27,141.89,143.48,141.72,142.01,74126225,AMZN
2024-05-28,141.52,142.02,140.39,141.65,81250722,AMZN
2024-05-29,141.0,141.72,138.37,139.57,48499812,AMZN
2024-05-30,139.86,141.18,138.82,139.98,117176576,AMZN
2024-05-31,140.71,142.62,139.65,141.64,112713065,AMZN
2024-06-03,147.74,147.76,145.45,146.03,79681067,AMZN
2024-06-04,142.25,143.08,141.02,141.78,32034449,AMZN
2024-06-05,146.01,148.28,144.36,147.94,52899765,AMZN
2024-06-06,147.36,148.35,145.07,147.1,50737288,AMZN
2024-06-07,142.87,143.37,141.47,143.28,104073416,AMZN
2024-06-10,141.21,141.62,138.46,140.12,119906690,AMZN
2024-06-11,141.39,141.62,141.2,141.31,27783546,AMZN
2024-06-12,141.61,141.63,138.87,140.1,119726293,AMZN
2024-06-13,143.48,145.03,143.01,143.51,77121777,AMZN
2024-06-14,137.14,138.13,136.68,138.07,73630088,AMZN
2024-06-17,138.72,140.96,138.46,140.19,106716357,AMZN
2024-06-18,132.69,135.16,132.43,134.17,56986464,AMZN
2024-06-19,131.12,133.14,130.14,132.03,78515884,AMZN
2024-06-20,133.23,134.46,132.07,134.15,86025114,AMZN
2024-06-21,137.34,138.31,134.31,136.73,23810404,AMZN
2024-06-24,137.69,137.72,135.18,137.35,105635045,AMZN
2024-06-25,140.69,141.11,139.44,140.85,33148245,AMZN
2024-06-26,140.15,140.22,138.32,139.28,75839244,AMZN
2024-06-27,135.07,137.25,135.02,136.34,68095358,AMZN
2024-06-28,133.2,137.08,132.38,135.44,52424458,AMZN
2024-07-01,140.52,141.86,137.43,139.54,83828579,AMZN
2024-07-02,133.87,135.72,133.65,134.74,97486129,AMZN
2024-07-03,138.58,139.08,137.4,137.87,40020189,AMZN
2024-07-04,136.87,140.06,135.61,139.14,55849946,AMZN
2024-07-05,139.71,142.59,139.34,140.77,22078816,AMZN
2024-07-08,140.9,143.25,139.79,141.54,31479246,AMZN
2024-07-09,141.48,144.46,140.93,143.05,67301783,AMZN
2024-07-10,146.49,147.92,143.71,144.91,64156569,AMZN
2024-07-11,143.54,143.92,142.85,143.5,119706982,AMZN
2024-07-12,144.31,144.89,141.68,143.28,22090323,AMZN
2024-07-15,144.83,145.16,142.9,143.56,23825094,AMZN
2024-07-16,140.32,143.42,139.22,141.37,72958125,AMZN
2024-07-17,144.67,147.2,143.44,144.63,22355109,AMZN
2024-07-18,142.38,143.77,140.49,141.75,107413564,AMZN
2024-07-19,145.5,146.1,143.08,143.68,95697092,AMZN
2024-07-22,150.44,151.58,148.93,149.75,105208747,AMZN
2024-07-23,150.18,151.38,147.82,150.73,88395419,AMZN
2024-07-24,150.39,151.58,148.63,150.38,72898922,AMZN
2024-07-25,144.48,145.39,144.09,144.24,29535691,AMZN
2024-07-26,142.17,142.38,141.82,141.86,75779007,AMZN
2024-07-29,141.25,143.54,140.01,141.72,27675860,AMZN
2024-07-30,143.09,145.7,141.46,143.5,54772095,AMZN
2024-07-31,144.75,145.2,142.61,143.43,77594133,AMZN
2024-08-01,141.14,142.78,140.05,142.01,98401881,AMZN
2024-08-02,141.65,143.15,140.91,143.04,109736816,AMZN
2024-08-05,139.53,139.58,138.94,139.56,56491422,AMZN
2024-08-06,143.17,145.43,142.77,144.16,77578838,AMZN
2024-08-07,144.73,146.34,144.07,144.31,96911079,AMZN
2024-08-08,147.48,148.39,143.72,144.93,50920648,AMZN
2024-08-09,142.45,144.62,142.42,143.36,21158936,AMZN
2024-08-12,146.47,146.68,141.71,143.67,56239863,AMZN
2024-08-13,144.46,144.9,143.06,143.74,111046372,AMZN
2024-08-14,144.47,146.49,144.41,145.37,97683634,AMZN
2024-08-15,152.29,153.23,151.17,151.43,77433613,AMZN
2024-08-16,151.0,151.16,150.1,150.53,38842823,AMZN
2024-08-19,148.02,148.41,146.93,147.75,78647668,AMZN
2024-08-20,148.56,149.91,147.06,147.54,40238355,AMZN
2024-08-21,146.98,149.04,146.64,148.53,90392025,AMZN
2024-08-22,146.35,146.98,145.26,145.86,74523423,AMZN
2024-08-23,142.79,143.38,142.08,142.33,28122981,AMZN
2024-08-26,142.44,142.61,141.46,141.7,36335289,AMZN
2024-08-27,144.97,145.37,144.18,144.87,51844074,AMZN
2024-08-28,146.92,148.0,145.87,146.03,88497786,AMZN
2024-08-29,155.43,156.4,155.39,155.48,33867531,AMZN
2024-08-30,150.03,152.68,148.91,151.78,74899060,AMZN
2024-09-02,151.58,153.45,151.2,152.67,75625491,AMZN
2024-09-03,155.2,156.89,155.16,155.32,109237591,AMZN
2024-09-04,154.89,155.84,154.33,155.23,20009633,AMZN
2024-09-05,158.73,159.45,157.62,157.68,115298660,AMZN
2024-09-06,154.16,157.02,152.5,156.14,81352335,AMZN
2024-09-09,154.45,155.42,152.94,154.75,70668533,AMZN
2024-09-10,152.87,153.18,152.15,152.9,55556450,AMZN
2024-09-11,154.75,155.96,150.52,153.58,68866369,AMZN
2024-09-12,152.77,152.97,149.44,150.04,28170364,AMZN
2024-09-13,154.26,156.95,152.15,152.72,44586525,AMZN
2024-09-16,151.35,151.84,150.41,150.75,21896050,AMZN
2024-09-17,154.07,155.02,153.06,153.85,51093419,AMZN
2024-09-18,156.9,157.81,153.27,154.27,34613066,AMZN
2024-09-19,154.24,156.12,153.4,154.6,119174668,AMZN
2024-09-20,156.96,157.15,155.4,156.37,45806813,AMZN
2024-09-23,157.45,158.12,157.41,158.12,76659164,AMZN
2024-09-24,160.17,161.21,157.1,158.24,92640396,AMZN
2024-09-25,162.36,162.41,159.35,161.38,82661643,AMZN
2024-09-26,164.19,166.56,162.82,163.35,86037820,AMZN
2024-09-27,164.8,166.74,163.56,165.3,85327876,AMZN
2024-09-30,167.4,167.98,166.37,167.12,59669739,AMZN
2024-10-01,165.09,169.25,164.74,166.65,36191393,AMZN
2024-10-02,172.43,173.51,171.72,172.02,92264722,AMZN
2024-10-03,169.08,170.01,168.2,169.56,29917235,AMZN
2024-10-04,169.17,170.36,167.5,169.83,21412612,AMZN
2024-10-07,170.96,173.07,168.25,171.19,53740681,AMZN
2024-10-08,173.09,176.42,171.66,173.39,42030583,AMZN
2024-10-09,164.03,166.69,163.83,164.85,111737655,AMZN
2024-10-10,160.76,161.42,159.59,160.6,102674656,AMZN
2024-10-11,160.0,161.34,157.75,160.13,91661580,AMZN
2024-10-14,145.86,147.39,143.24,144.69,83253563,AMZN
2024-10-15,136.65,136.98,135.09,136.75,96036705,AMZN
2024-10-16,137.1,138.49,136.35,137.34,98382782,AMZN
2024-10-17,129.71,132.78,128.59,131.84,49099055,AMZN
2024-10-18,126.83,129.44,125.37,128.2,43914010,AMZN
2024-10-21,122.71,124.6,121.69,123.66,85156682,AMZN
2024-10-22,122.94,123.44,122.09,122.16,100621492,AMZN
2024-10-23,122.62,123.28,121.42,122.55,46295249,AMZN
2024-10-24,126.21,126.5,124.4,124.5,44909744,AMZN
2024-10-25,125.26,125.89,123.29,124.88,70278966,AMZN
2024-10-28,118.4,119.61,117.91,118.42,72170011,AMZN
2024-10-29,119.23,120.55,118.23,119.9,94873846,AMZN
2024-10-30,120.82,123.59,120.22,121.63,113878412,AMZN
2024-10-31,119.24,120.3,117.29,118.18,34186981,AMZN
2024-11-01,116.28,118.66,114.05,118.22,110872905,AMZN
2024-11-04,119.91,120.75,118.46,119.97,102684377,AMZN
2024-11-05,119.19,119.91,118.48,119.32,93720824,AMZN
2024-11-06,120.25,121.55,117.37,118.93,78552187,AMZN
2024-11-07,120.02,121.09,119.31,120.29,48863667,AMZN
2024-11-08,119.85,121.4,118.63,118.98,102882405,AMZN
2024-11-11,116.49,116.82,114.61,114.78,90725832,AMZN
2024-11-12,112.82,114.04,112.76,113.38,116977736,AMZN
2024-11-13,113.41,115.03,112.77,113.8,111903658,AMZN
2024-11-14,113.01,114.53,112.26,114.21,34483899,AMZN
2024-11-15,109.24,110.64,109.15,110.24,37919357,AMZN
2024-11-18,110.84,112.14,108.55,109.89,104913096,AMZN
2024-11-19,110.45,111.9,110.25,110.73,91502283,AMZN
2024-11-20,115.15,115.82,110.98,112.18,89276213,AMZN
2024-11-21,111.94,112.08,110.16,110.29,73226530,AMZN
2024-11-22,109.27,110.43,108.84,110.11,63735382,AMZN
2024-11-25,113.67,113.71,112.42,113.0,61371762,AMZN
2024-11-26,112.03,113.1,110.61,112.53,24776497,AMZN
2024-11-27,113.7,113.92,111.01,111.82,94486740,AMZN
2024-11-28,114.58,116.54,112.38,113.45,41267093,AMZN
2024-11-29,109.91,110.97,109.28,110.95,53742292,AMZN
2024-12-02,110.77,113.41,109.39,112.92,113385476,AMZN
2024-12-03,113.46,114.65,112.22,112.83,48173483,AMZN
2024-12-04,109.92,110.26,109.49,109.84,65973678,AMZN
2024-12-05,112.94,115.44,112.27,114.3,39642880,AMZN
2024-12-06,114.42,115.7,113.75,114.66,112849352,AMZN
2024-12-09,116.32,116.66,115.81,115.88,32192119,AMZN
2024-12-10,115.69,116.74,113.32,114.9,92859804,AMZN
2024-12-11,114.25,114.32,112.62,113.82,116417302,AMZN
2024-12-12,108.45,109.4,107.89,108.75,45173394,AMZN
2024-12-13,107.62,109.24,106.64,107.58,35365732,AMZN
2024-12-16,105.93,106.45,104.44,105.68,36616177,AMZN
2024-12-17,105.6,106.93,104.82,106.13,79913638,AMZN
2024-12-18,106.8,106.88,105.08,105.95,86876694,AMZN
2024-12-19,105.01,107.01,104.82,105.72,111419584,AMZN
2024-12-20,104.07,104.68,102.74,103.79,65257136,AMZN
2024-12-23,106.27,106.92,106.07,106.22,119898926,AMZN
2024-12-24,104.71,105.29,104.49,104.55,97005519,AMZN
2024-12-25,104.3,105.46,103.39,104.3,115865447,AMZN
2024-12-26,104.54,106.27,104.48,105.11,63402314,AMZN
2024-12-27,107.21,109.22,106.98,108.04,27673793,AMZN
2024-12-30,106.11,107.78,105.92,106.09,51922883,AMZN
2024-12-31,104.5,104.92,103.42,104.3,75654639,AMZN
2025-01-01,105.35,106.0,102.86,103.9,107154314,AMZN
2025-01-02,108.63,109.45,108.1,108.31,109743615,AMZN
2025-01-03,111.27,111.96,110.3,111.31,61099262,AMZN
2025-01-06,113.51,114.59,111.66,113.53,34956533,AMZN
2025-01-07,115.47,115.8,114.4,114.84,102027910,AMZN
2025-01-08,113.04,114.53,112.68,113.99,20246140,AMZN
2025-01-09,113.78,115.17,112.78,114.27,107208037,AMZN
2025-01-10,111.05,113.4,110.08,112.21,22393649,AMZN
2025-01-13,111.7,113.12,111.24,112.82,53252458,AMZN
2025-01-14,112.49,113.17,112.02,112.44,61071209,AMZN
2025-01-15,111.65,112.56,109.66,111.19,37903550,AMZN
2025-01-16,108.76,109.87,108.42,108.58,88729083,AMZN
2025-01-17,106.43,108.25,105.69,107.55,104669338,AMZN
2025-01-20,109.35,110.38,106.5,107.86,104241845,AMZN
2025-01-21,107.36,108.15,106.61,107.69,56060366,AMZN
2025-01-22,105.99,107.6,105.16,106.74,24956562,AMZN
2025-01-23,106.06,107.55,105.91,106.99,80558690,AMZN
2025-01-24,110.21,111.64,109.72,109.79,49943473,AMZN
2025-01-27,112.63,113.75,112.55,113.15,103964979,AMZN
2025-01-28,115.15,118.07,113.19,114.27,113714678,AMZN
2025-01-29,114.1,115.87,112.23,115.23,31036354,AMZN
2025-01-30,112.8,114.52,112.72,113.45,61358365,AMZN
2025-01-31,115.43,115.92,114.78,115.5,37263316,AMZN
2025-02-03,116.85,117.87,115.22,117.81,32757964,AMZN
2025-02-04,116.74,117.53,113.83,116.35,34460741,AMZN
2025-02-05,115.84,119.25,114.55,117.84,119346639,AMZN
2025-02-06,117.42,117.87,116.67,117.43,28760424,AMZN
2025-02-07,119.65,120.66,118.06,118.95,75843458,AMZN
2025-02-10,115.35,116.38,114.77,115.82,103114070,AMZN
2025-02-11,119.25,120.12,116.59,117.36,82224130,AMZN
2025-02-12,118.79,119.31,118.16,118.54,29588468,AMZN
2025-02-13,118.93,120.28,117.51,118.86,66990606,AMZN
2025-02-14,120.19,123.02,119.97,122.07,55307642,AMZN
2025-02-17,123.26,123.39,122.47,123.26,103691889,AMZN
2025-02-18,123.39,124.88,122.04,123.86,84428909,AMZN
2025-02-19,121.77,122.78,119.64,120.32,84253587,AMZN
2025-02-20,115.64,118.71,113.84,117.43,102270512,AMZN
2025-02-21,117.2,118.69,116.04,117.08,25352089,AMZN
2025-02-24,115.99,116.31,115.82,116.14,73273933,AMZN
2025-02-25,118.3,118.68,116.99,117.67,41673503,AMZN
2025-02-26,115.41,115.9,114.41,115.89,83045886,AMZN
2025-02-27,115.67,116.85,114.26,115.21,112646557,AMZN
2025-02-28,114.54,116.12,113.71,114.8,25315316,AMZN
2025-03-03,119.96,121.33,119.3,120.04,56745614,AMZN
2025-03-04,119.92,121.02,119.77,120.98,38015944,AMZN
2025-03-05,119.85,120.54,119.4,120.28,64449283,AMZN
2025-03-06,115.14,116.31,114.19,115.01,95140928,AMZN
2025-03-07,110.92,112.15,110.75,111.62,70621530,AMZN
2025-03-10,108.8,109.81,108.58,108.63,50869262,AMZN
2025-03-11,111.83,112.09,110.71,110.87,69770438,AMZN
2025-03-12,115.66,118.04,114.15,116.49,53731882,AMZN
2025-03-13,121.77,122.45,120.92,121.3,32326726,AMZN
2025-03-14,122.95,123.25,121.22,121.42,63594442,AMZN
2025-03-17,120.47,122.55,120.35,122.15,92838548,AMZN
2025-03-18,123.84,124.98,122.15,122.58,48269070,AMZN
2025-03-19,123.24,123.51,121.02,122.6,64745993,AMZN
2025-03-20,122.93,124.11,121.83,121.87,33279841,AMZN
2025-03-21,119.26,120.63,118.94,119.91,58512332,AMZN
2025-03-24,122.36,123.69,121.94,123.33,30719936,AMZN
2025-03-25,121.65,122.59,121.53,122.23,115615753,AMZN
2025-03-26,120.56,121.88,119.57,121.32,44707799,AMZN
2025-03-27,124.58,124.86,121.57,122.17,51114175,AMZN
2025-03-28,115.57,119.13,115.29,118.87,54765597,AMZN
2025-03-31,117.32,120.22,117.16,118.63,64125477,AMZN
2025-04-01,113.98,115.7,113.73,115.01,76521556,AMZN
2025-04-02,109.89,111.35,109.33,110.08,71065087,AMZN
2025-04-03,108.25,109.13,108.14,108.21,67357811,AMZN
2025-04-04,106.39,106.94,105.97,106.68,79567501,AMZN
2025-04-07,102.4,104.79,101.65,103.92,116078346,AMZN
2025-04-08,98.06,99.15,97.27,98.71,99982377,AMZN
2025-04-09,100.86,101.82,99.36,101.32,64673213,AMZN
2025-04-10,105.36,105.91,104.38,104.64,106621841,AMZN
2025-04-11,108.74,110.17,108.03,109.22,20607694,AMZN
2025-04-14,109.26,109.56,108.48,108.56,105907401,AMZN
2025-04-15,109.48,110.33,109.43,110.17,86123125,AMZN
2025-04-16,106.46,106.92,105.52,106.27,79896320,AMZN
2025-04-17,106.1,107.93,103.88,105.15,39178336,AMZN
2025-04-18,103.18,103.95,102.74,102.88,58892168,AMZN
2025-04-21,105.51,105.76,105.26,105.75,111369260,AMZN
2025-04-22,104.76,105.77,103.24,105.36,39153361,AMZN
2025-04-23,104.48,106.39,103.63,105.53,29917320,AMZN
2025-04-24,103.49,105.71,102.92,103.78,110991259,AMZN
2025-04-25,106.21,107.15,104.29,105.28,60962381,AMZN
2025-04-28,103.45,104.23,103.03,104.14,114409511,AMZN
2025-04-29,102.01,102.68,101.59,102.43,94070933,AMZN
2025-04-30,107.37,107.73,105.5,107.09,105921776,AMZN
2025-05-01,106.48,108.78,106.05,107.54,63783980,AMZN
2025-05-02,105.3,106.61,104.84,106.44,74744480,AMZN
2025-05-05,106.64,108.18,105.65,108.13,106328443,AMZN
2025-05-06,104.86,106.1,103.24,105.27,45472598,AMZN
2025-05-07,104.19,104.99,102.03,102.86,101831326,AMZN
2025-05-08,102.44,103.5,101.31,102.58,42170308,AMZN
2025-05-09,99.22,99.85,98.53,98.85,97777869,AMZN
2025-05-12,94.61,95.74,94.56,95.61,88694516,AMZN
2025-05-13,91.2,93.27,91.05,92.12,119072163,AMZN
2025-05-14,92.44,93.26,91.92,92.59,47311382,AMZN
2025-05-15,92.17,93.43,90.75,91.57,90445315,AMZN
2025-05-16,92.17,92.45,91.1,91.5,82045691,AMZN
2025-05-19,94.04,94.41,92.69,93.48,28444655,AMZN
2025-05-20,90.88,90.91,89.72,90.31,47699637,AMZN
2025-05-21,89.3,90.11,88.49,89.75,57027367,AMZN
2025-05-22,90.3,90.95,89.53,89.74,43194011,AMZN
2025-05-23,91.85,92.99,91.53,92.12,88904285,AMZN
2025-05-26,92.82,94.44,92.26,93.59,27596954,AMZN
2025-05-27,91.42,92.13,90.92,91.38,81102895,AMZN
2025-05-28,92.95,93.84,92.64,93.3,73649556,AMZN
2025-05-29,92.04,93.54,91.23,93.18,110455111,AMZN
2025-05-30,93.42,94.52,92.56,93.6,89016589,AMZN
2025-06-02,92.91,93.04,91.2,92.17,36720431,AMZN
2025-06-03,93.33,93.58,93.14,93.45,96579614,AMZN
2025-06-04,88.26,89.55,87.98,88.61,29894087,AMZN
2025-06-05,91.54,92.16,89.87,90.54,51239557,AMZN
2025-06-06,85.72,86.45,85.41,86.44,32104009,AMZN
2025-06-09,81.49,83.51,80.72,82.42,54411917,AMZN
2025-06-10,85.02,85.21,84.93,85.0,65992379,AMZN
2025-06-11,89.78,90.96,89.03,89.59,113939136,AMZN
2025-06-12,91.83,93.12,91.7,92.04,111754114,AMZN
2025-06-13,89.53,91.03,88.71,89.17,43308676,AMZN
2025-06-16,89.31,89.4,88.5,89.11,31859706,AMZN
2025-06-17,88.78,89.34,88.62,89.18,87527331,AMZN
2025-06-18,89.78,91.37,88.34,90.17,31160707,AMZN
2025-06-19,91.96,93.34,91.56,92.83,54703096,AMZN
2025-06-20,96.21,96.29,95.37,95.42,49103315,AMZN
2025-06-23,93.85,94.43,92.15,93.19,111052385,AMZN
2025-06-24,94.81,95.04,93.31,94.4,51283343,AMZN
2025-06-25,93.35,95.57,93.29,93.96,101972328,AMZN
2025-06-26,98.24,98.49,96.07,96.47,67079787,AMZN
2025-06-27,99.53,100.35,98.86,100.31,40541659,AMZN
2025-06-30,97.44,98.45,97.2,98.34,63055342,AMZN
2025-07-01,97.43,100.22,97.38,98.54,74295491,AMZN
2025-07-02,95.93,96.13,94.66,95.91,38597778,AMZN
2025-07-03,94.09,94.13,93.15,93.58,116433054,AMZN
2025-07-04,93.71,95.64,92.85,95.0,58800366,AMZN
2025-07-07,96.92,98.24,96.72,96.78,78416354,AMZN
2025-07-08,97.69,98.4,96.36,97.05,33561989,AMZN
2025-07-09,98.46,99.03,97.83,98.01,77985627,AMZN
2025-07-10,99.29,100.27,98.76,99.82,51184421,AMZN
2025-07-11,101.89,102.31,100.04,100.67,98523568,AMZN
2025-07-14,99.9,100.67,99.38,99.86,64651677,AMZN
2025-07-15,100.62,101.04,98.53,99.98,88316966,AMZN
2025-07-16,101.35,101.41,99.05,99.22,47429372,AMZN
2025-07-17,96.51,96.54,95.42,95.88,64283503,AMZN
2025-07-18,96.17,96.6,94.13,95.13,95485361,AMZN
2025-07-21,93.79,94.69,92.24,93.89,85680887,AMZN
2025-07-22,92.07,92.11,90.72,91.42,48133406,AMZN
2025-07-23,90.1,91.58,90.05,91.07,95565892,AMZN
2025-07-24,88.52,89.1,88.29,88.94,51837545,AMZN
2025-07-25,93.98,94.64,92.99,93.45,42349829,AMZN
2025-07-28,95.47,96.61,94.4,95.52,32744552,AMZN
2025-07-29,93.74,93.98,92.35,92.94,42620805,AMZN
2025-07-30,94.64,95.21,93.87,94.79,89476508,AMZN
2025-07-31,95.24,95.61,94.07,95.22,49119142,AMZN
2025-08-01,93.77,95.18,93.51,94.42,31278333,AMZN
2025-08-04,95.21,96.56,92.95,95.17,87584387,AMZN
2025-08-05,91.73,92.78,91.21,92.22,48384859,AMZN
2025-08-06,92.62,93.0,91.73,92.3,118260190,AMZN
2025-08-07,92.69,94.51,92.36,93.71,25106750,AMZN
2025-08-08,92.82,93.18,92.78,92.8,40638880,AMZN
2025-08-11,93.39,94.67,92.01,94.06,77152749,AMZN
2025-08-12,97.74,99.24,97.28,97.66,67147006,AMZN
2025-08-13,99.27,100.83,99.11,100.43,116123727,AMZN
2025-08-14,99.84,102.04,99.28,101.0,101173546,AMZN
2025-08-15,101.48,102.97,100.39,102.55,118223650,AMZN
2025-08-18,99.48,100.2,98.23,100.03,77773847,AMZN
2025-08-19,100.47,101.61,100.31,101.54,95634903,AMZN
2025-08-20,101.45,102.11,100.96,101.28,58304854,AMZN
2025-08-21,99.57,100.67,99.09,100.28,38275529,AMZN
2025-08-22,98.98,99.33,98.17,98.79,71109267,AMZN
2025-08-25,101.92,102.0,100.65,100.85,21775750,AMZN
2025-08-26,100.66,102.53,100.37,100.63,72509890,AMZN
2025-08-27,98.8,101.12,98.69,99.53,96980977,AMZN
2025-08-28,101.61,102.92,99.61,102.62,96172672,AMZN
2025-08-29,101.07,102.04,100.63,101.33,89742730,AMZN
2025-09-01,96.35,98.58,95.3,97.47,58016867,AMZN
2025-09-02,100.78,101.65,99.36,100.36,49470658,AMZN
2025-09-03,101.52,103.72,100.48,100.78,118581587,AMZN
2025-09-04,101.96,104.02,101.24,102.89,56380298,AMZN
2025-09-05,103.0,103.8,102.94,103.51,87672066,AMZN
2025-09-08,98.77,99.74,98.44,98.92,48449540,AMZN
2025-09-09,97.44,98.0,96.62,97.14,27873804,AMZN
2025-09-10,101.57,103.31,100.53,101.45,58481587,AMZN
2025-09-11,99.56,100.32,99.16,100.19,23503895,AMZN
2025-09-12,97.32,98.14,97.15,98.04,116490343,AMZN
2025-09-15,98.25,99.12,95.66,96.16,43397839,AMZN
2025-09-16,96.75,98.22,95.51,96.2,37679515,AMZN
2025-09-17,99.08,99.59,96.84,97.54,107448383,AMZN
2025-09-18,102.34,103.22,100.25,101.45,94106635,AMZN
2025-09-19,98.79,100.09,98.72,98.74,96875964,AMZN
2025-09-22,96.38,97.79,95.56,96.86,39585390,AMZN
2025-09-23,96.49,97.37,96.39,97.01,48873965,AMZN
2025-09-24,96.19,97.69,95.52,97.07,71307291,AMZN
2025-09-25,99.65,100.33,98.65,100.15,76169189,AMZN
2025-09-26,100.78,101.3,98.95,99.35,27569959,AMZN
2025-09-29,97.56,99.81,97.39,99.17,75860228,AMZN
2025-09-30,98.56,98.76,96.59,98.53,100567037,AMZN
2025-10-01,95.97,97.12,95.4,96.3,110993483,AMZN
2025-10-02,101.84,102.35,99.11,99.8,46197808,AMZN
2025-10-03,102.5,102.78,100.72,101.91,97512538,AMZN
2025-10-06,102.68,102.82,100.63,102.05,40242069,AMZN
2025-10-07,104.33,105.66,103.38,104.48,78594873,AMZN
2025-10-08,104.13,105.47,103.88,105.4,76799919,AMZN
2025-10-09,103.87,105.49,102.21,104.92,88875800,AMZN
2025-10-10,109.1,110.54,107.14,107.88,57084781,AMZN
2025-10-13,108.68,109.78,107.72,108.91,94711094,AMZN
2025-10-14,111.02,111.2,109.69,110.25,80404439,AMZN
2025-10-15,110.38,112.74,109.89,111.31,105102948,AMZN
2025-10-16,112.29,112.61,112.27,112.53,110359242,AMZN
2025-10-17,109.42,111.45,108.7,111.15,51558875,AMZN
2025-10-20,110.58,111.19,110.16,110.56,81315229,AMZN
2025-10-21,108.25,109.51,108.11,109.11,109078371,AMZN
2025-10-22,113.01,114.63,111.54,113.06,45981799,AMZN
2025-10-23,114.63,114.9,113.57,113.58,40625865,AMZN
2025-10-24,113.36,115.01,111.32,111.96,79729552,AMZN
2025-10-27,115.7,117.07,115.53,115.64,113411142,AMZN
2025-10-28,116.13,117.05,115.32,116.37,50431316,AMZN
2025-10-29,117.39,117.96,115.79,116.42,34923790,AMZN
2025-10-30,115.24,116.03,114.44,114.82,35692489,AMZN
2025-10-31,115.05,115.55,113.8,114.92,66012819,AMZN
2025-11-03,116.81,118.7,116.62,117.01,106401947,AMZN
2025-11-04,120.94,121.51,119.26,119.86,81782939,AMZN
2025-11-05,118.66,120.25,118.16,119.23,20937945,AMZN
2025-11-06,115.95,116.49,114.4,115.21,60081819,AMZN
2025-11-07,113.86,115.67,112.17,115.22,49672048,AMZN
2025-11-10,113.16,114.07,112.71,112.8,95061964,AMZN
2025-11-11,107.97,109.3,107.49,108.81,79309901,AMZN
2025-11-12,109.8,110.34,109.03,109.74,117341290,AMZN
2025-11-13,111.8,111.87,110.44,111.46,45937320,AMZN
2025-11-14,107.41,109.98,107.11,108.07,106276984,AMZN
2025-11-17,114.16,115.65,114.08,114.13,95909405,AMZN
2025-11-18,114.24,114.78,113.44,114.52,63372418,AMZN
2025-11-19,114.3,116.24,113.21,114.88,23305051,AMZN
2025-11-20,117.88,119.1,117.76,118.12,71591270,AMZN
2025-11-21,121.91,122.34,120.34,120.41,111553871,AMZN
2025-11-24,120.91,122.15,117.1,118.77,105686348,AMZN
2025-11-25,112.13,112.87,111.68,112.33,38715345,AMZN
2025-11-26,109.11,110.99,108.35,108.85,82701981,AMZN
2025-11-27,110.67,111.24,110.31,111.09,102857126,AMZN
2025-11-28,116.08,117.12,113.74,115.42,117629386,AMZN
2025-12-01,112.17,112.91,109.92,111.5,33641974,AMZN
2025-12-02,112.77,115.78,112.68,114.04,83166722,AMZN
2025-12-03,111.67,112.7,110.7,111.97,52545608,AMZN
2025-12-04,112.76,113.68,111.95,113.12,46506121,AMZN
2025-12-05,114.53,116.3,114.12,114.97,29032911,AMZN
2025-12-08,115.65,116.99,114.41,116.33,37899389,AMZN
2025-12-09,117.47,118.58,116.54,117.01,115245938,AMZN
2025-12-10,119.27,119.27,117.94,117.97,104591420,AMZN
2025-12-11,116.86,117.57,115.72,116.18,25724573,AMZN
2025-12-12,118.16,118.91,115.09,116.15,28989540,AMZN
2025-12-15,115.54,118.66,114.82,117.15,95377613,AMZN
2025-12-16,115.66,115.99,115.34,115.66,47235372,AMZN
2025-12-17,114.95,117.11,114.92,116.55,32183660,AMZN
2025-12-18,117.87,118.63,116.79,117.39,33040823,AMZN
2025-12-19,115.92,117.18,115.88,116.5,101011444,AMZN
2025-12-22,111.9,115.33,111.84,112.98,117183315,AMZN
2025-12-23,113.93,114.64,112.93,114.27,95096995,AMZN
2025-12-24,118.44,119.39,117.6,119.02,29895393,AMZN
2025-12-25,118.79,119.19,117.18,118.86,59908014,AMZN
2025-12-26,119.09,122.16,118.44,120.34,97570908,AMZN
2025-12-29,124.0,124.17,120.51,122.57,81028092,AMZN
2025-12-30,128.18,129.96,127.8,128.96,41048239,AMZN
2025-12-31,128.14,129.17,127.94,128.66,29333417,AMZN
2026-01-01,130.24,130.36,127.88,128.55,54560665,AMZN
2026-01-02,128.64,130.17,127.37,128.05,52605171,AMZN
