age,tenure_months,support_calls,num_contracts,plan_type_Basic,plan_type_Premium,plan_type_Standard,payment_method_Bank Transfer,payment_method_Cash,payment_method_Credit Card,payment_method_Prepaid,region_East,region_North,region_South,region_West
-1.3386979408432282,-1.2118582506575861,1.1932005145246851,1.3454655888594491,-0.9910401379383962,2.352859475705742,-0.736220107210202,-0.6679308332270758,-0.5078007830046403,1.5878056431954701,-0.5039032598602688,1.6958682119339528,-0.5758106657310548,-0.5788898726408979,-0.5650320466312655
1.5993128528371992,0.41009071394799684,-0.22306122378354656,-1.4759563537029603,1.0090408669826858,-0.4250147577130797,-0.736220107210202,-0.6679308332270758,-0.5078007830046403,1.5878056431954701,-0.5039032598602688,1.6958682119339528,-0.5758106657310548,-0.5788898726408979,-0.5650320466312655
-0.6041952424231214,0.6963170018195703,-0.9311920929376625,-0.06524538242175558,-0.9910401379383962,-0.4250147577130797,1.3582894438856787,-0.6679308332270758,-0.5078007830046403,1.5878056431954701,-0.5039032598602688,-0.5896684618314822,-0.5758106657310548,1.7274442813069022,-0.5650320466312655
-0.4706492972558292,-0.8779275814740838,-1.1672357159890343,-0.770600868062358,1.0090408669826858,-0.4250147577130797,-0.736220107210202,-0.6679308332270758,-0.5078007830046403,1.5878056431954701,-0.5039032598602688,-0.5896684618314822,-0.5758106657310548,-0.5788898726408979,1.769811121266526
1.1986750173353227,0.45779509525992573,-0.9311920929376625,1.3454655888594491,-0.9910401379383962,-0.4250147577130797,1.3582894438856787,-0.6679308332270758,-0.5078007830046403,1.5878056431954701,-0.5039032598602688,-0.5896684618314822,-0.5758106657310548,1.7274442813069022,-0.5650320466312655
-1.4722438860105203,0.5532038578837836,0.7211132684219412,0.6401101032188468,1.0090408669826858,-0.4250147577130797,-0.736220107210202,1.497161008675925,-0.5078007830046403,-0.6298000037255774,-0.5039032598602688,-0.5896684618314822,-0.5758106657310548,1.7274442813069022,-0.5650320466312655
0.7980371818334463,1.2687695775627172,0.7211132684219412,-1.4759563537029603,-0.9910401379383962,2.352859475705742,-0.736220107210202,-0.6679308332270758,-0.5078007830046403,1.5878056431954701,-0.5039032598602688,1.6958682119339528,-0.5758106657310548,-0.5788898726408979,-0.5650320466312655
-0.5374222698394753,-0.40088376835479467,0.01298239926782539,0.6401101032188468,1.0090408669826858,-0.4250147577130797,-0.736220107210202,-0.6679308332270758,-0.5078007830046403,1.5878056431954701,-0.5039032598602688,1.6958682119339528,-0.5758106657310548,-0.5788898726408979,-0.5650320466312655
0.1970804285806316,1.6027002467462197,-0.6951484698862904,-1.4759563537029603,1.0090408669826858,-0.4250147577130797,-0.736220107210202,-0.6679308332270758,-0.5078007830046403,-0.6298000037255774,1.9845078999435277,-0.5896684618314822,-0.5758106657310548,1.7274442813069022,-0.5650320466312655
-1.6057898311778125,-0.9733363440979416,0.24902602231919735,-0.06524538242175558,-0.9910401379383962,2.352859475705742,-0.736220107210202,-0.6679308332270758,1.9692762072618977,-0.6298000037255774,-0.5039032598602688,-0.5896684618314822,-0.5758106657310548,1.7274442813069022,-0.5650320466312655
0.6644912366661542,1.5072914841223617,0.4850696453705693,0.6401101032188468,-0.9910401379383962,2.352859475705742,-0.736220107210202,-0.6679308332270758,1.9692762072618977,-0.6298000037255774,-0.5039032598602688,-0.5896684618314822,-0.5758106657310548,1.7274442813069022,-0.5650320466312655
-1.5390168585941664,1.411882721498504,0.01298239926782539,-1.4759563537029603,-0.9910401379383962,-0.4250147577130797,1.3582894438856787,-0.6679308332270758,1.9692762072618977,-0.6298000037255774,-0.5039032598602688,-0.5896684618314822,-0.5758106657310548,1.7274442813069022,-0.5650320466312655
-0.07001146175395272,0.9348389083792149,1.665287760627429,-1.4759563537029603,1.0090408669826858,-0.4250147577130797,-0.736220107210202,1.497161008675925,-0.5078007830046403,-0.6298000037255774,-0.5039032598602688,-0.5896684618314822,-0.5758106657310548,1.7274442813069022,-0.5650320466312655
0.33062637374792375,1.411882721498504,0.24902602231919735,1.3454655888594491,1.0090408669826858,-0.4250147577130797,-0.736220107210202,-0.6679308332270758,-0.5078007830046403,1.5878056431954701,-0.5039032598602688,-0.5896684618314822,-0.5758106657310548,1.7274442813069022,-0.5650320466312655
0.3973993463315698,-1.307267013281444,0.7211132684219412,0.6401101032188468,-0.9910401379383962,-0.4250147577130797,1.3582894438856787,-0.6679308332270758,-0.5078007830046403,-0.6298000037255774,1.9845078999435277,-0.5896684618314822,-0.5758106657310548,1.7274442813069022,-0.5650320466312655
1.2654479899189688,-0.25777062441900794,0.24902602231919735,1.3454655888594491,-0.9910401379383962,-0.4250147577130797,1.3582894438856787,-0.6679308332270758,1.9692762072618977,-0.6298000037255774,-0.5039032598602688,-0.5896684618314822,-0.5758106657310548,-0.5788898726408979,1.769811121266526
-0.8045141601740596,-1.0687451067217995,1.1932005145246851,-0.770600868062358,1.0090408669826858,-0.4250147577130797,-0.736220107210202,-0.6679308332270758,-0.5078007830046403,-0.6298000037255774,1.9845078999435277,-0.5896684618314822,1.7366819677269967,-0.5788898726408979,-0.5650320466312655
-0.27033037950489097,-0.9733363440979416,-0.45910484683491853,-0.770600868062358,-0.9910401379383962,2.352859475705742,-0.736220107210202,-0.6679308332270758,1.9692762072618977,-0.6298000037255774,-0.5039032598602688,-0.5896684618314822,1.7366819677269967,-0.5788898726408979,-0.5650320466312655
-0.8712871327577056,-0.11465748048322119,0.4850696453705693,1.3454655888594491,-0.9910401379383962,-0.4250147577130797,1.3582894438856787,-0.6679308332270758,-0.5078007830046403,-0.6298000037255774,1.9845078999435277,-0.5896684618314822,1.7366819677269967,-0.5788898726408979,-0.5650320466312655
-1.4722438860105203,-1.6889020637768752,-0.22306122378354656,-0.770600868062358,1.0090408669826858,-0.4250147577130797,-0.736220107210202,-0.6679308332270758,-0.5078007830046403,-0.6298000037255774,1.9845078999435277,-0.5896684618314822,-0.5758106657310548,-0.5788898726408979,1.769811121266526
-0.5374222698394753,-0.5439969122905814,0.4850696453705693,-1.4759563537029603,-0.9910401379383962,-0.4250147577130797,1.3582894438856787,1.497161008675925,-0.5078007830046403,-0.6298000037255774,-0.5039032598602688,-0.5896684618314822,1.7366819677269967,-0.5788898726408979,-0.5650320466312655
0.33062637374792375,-0.21006624310707903,-1.4032793390404064,-0.770600868062358,1.0090408669826858,-0.4250147577130797,-0.736220107210202,-0.6679308332270758,-0.5078007830046403,-0.6298000037255774,1.9845078999435277,1.6958682119339528,-0.5758106657310548,-0.5788898726408979,-0.5650320466312655
-0.8712871327577056,1.6504046280581486,1.665287760627429,0.6401101032188468,1.0090408669826858,-0.4250147577130797,-0.736220107210202,-0.6679308332270758,1.9692762072618977,-0.6298000037255774,-0.5039032598602688,1.6958682119339528,-0.5758106657310548,-0.5788898726408979,-0.5650320466312655
0.9315831270007384,1.6981090093700775,0.01298239926782539,-0.770600868062358,-0.9910401379383962,2.352859475705742,-0.736220107210202,1.497161008675925,-0.5078007830046403,-0.6298000037255774,-0.5039032598602688,-0.5896684618314822,-0.5758106657310548,-0.5788898726408979,1.769811121266526
0.597718264082508,-1.6411976824649464,-1.4032793390404064,-0.06524538242175558,-0.9910401379383962,-0.4250147577130797,1.3582894438856787,-0.6679308332270758,-0.5078007830046403,1.5878056431954701,-0.5039032598602688,-0.5896684618314822,-0.5758106657310548,-0.5788898726408979,1.769811121266526
1.4657669076699071,1.2210651962507884,0.9571568914733132,0.6401101032188468,-0.9910401379383962,-0.4250147577130797,1.3582894438856787,-0.6679308332270758,-0.5078007830046403,-0.6298000037255774,1.9845078999435277,-0.5896684618314822,-0.5758106657310548,-0.5788898726408979,1.769811121266526
0.46417231891521593,1.4595871028104328,-1.1672357159890343,0.6401101032188468,1.0090408669826858,-0.4250147577130797,-0.736220107210202,1.497161008675925,-0.5078007830046403,-0.6298000037255774,-0.5039032598602688,-0.5896684618314822,-0.5758106657310548,-0.5788898726408979,1.769811121266526
1.1986750173353227,0.6009082391957125,-0.9311920929376625,-0.770600868062358,-0.9910401379383962,2.352859475705742,-0.736220107210202,1.497161008675925,-0.5078007830046403,-0.6298000037255774,-0.5039032598602688,-0.5896684618314822,1.7366819677269967,-0.5788898726408979,-0.5650320466312655
-0.8045141601740596,1.0779520523150017,-0.22306122378354656,-0.06524538242175558,-0.9910401379383962,2.352859475705742,-0.736220107210202,-0.6679308332270758,-0.5078007830046403,1.5878056431954701,-0.5039032598602688,-0.5896684618314822,-0.5758106657310548,-0.5788898726408979,1.769811121266526
-0.5374222698394753,-0.8779275814740838,0.7211132684219412,-0.06524538242175558,-0.9910401379383962,-0.4250147577130797,1.3582894438856787,1.497161008675925,-0.5078007830046403,-0.6298000037255774,-0.5039032598602688,-0.5896684618314822,-0.5758106657310548,1.7274442813069022,-0.5650320466312655
1.5993128528371992,1.1256564336269306,-0.45910484683491853,-1.4759563537029603,-0.9910401379383962,-0.4250147577130797,1.3582894438856787,1.497161008675925,-0.5078007830046403,-0.6298000037255774,-0.5039032598602688,-0.5896684618314822,-0.5758106657310548,1.7274442813069022,-0.5650320466312655
1.332220962502615,0.3623863326360679,0.01298239926782539,0.6401101032188468,1.0090408669826858,-0.4250147577130797,-0.736220107210202,-0.6679308332270758,-0.5078007830046403,1.5878056431954701,-0.5039032598602688,-0.5896684618314822,-0.5758106657310548,-0.5788898726408979,1.769811121266526
-0.7377411875904135,-0.6871100562263681,-1.1672357159890343,-0.06524538242175558,1.0090408669826858,-0.4250147577130797,-0.736220107210202,-0.6679308332270758,-0.5078007830046403,1.5878056431954701,-0.5039032598602688,-0.5896684618314822,1.7366819677269967,-0.5788898726408979,-0.5650320466312655
0.1303074559969855,0.3623863326360679,0.4850696453705693,-0.06524538242175558,-0.9910401379383962,-0.4250147577130797,1.3582894438856787,-0.6679308332270758,-0.5078007830046403,-0.6298000037255774,1.9845078999435277,1.6958682119339528,-0.5758106657310548,-0.5788898726408979,-0.5650320466312655
1.4657669076699071,0.028455663452565543,-0.6951484698862904,-1.4759563537029603,-0.9910401379383962,-0.4250147577130797,1.3582894438856787,-0.6679308332270758,-0.5078007830046403,-0.6298000037255774,1.9845078999435277,1.6958682119339528,-0.5758106657310548,-0.5788898726408979,-0.5650320466312655
0.46417231891521593,-0.9733363440979416,0.7211132684219412,-0.06524538242175558,1.0090408669826858,-0.4250147577130797,-0.736220107210202,-0.6679308332270758,-0.5078007830046403,-0.6298000037255774,1.9845078999435277,-0.5896684618314822,-0.5758106657310548,1.7274442813069022,-0.5650320466312655
-0.20355740692124488,0.07616004476449445,-0.6951484698862904,1.3454655888594491,1.0090408669826858,-0.4250147577130797,-0.736220107210202,-0.6679308332270758,1.9692762072618977,-0.6298000037255774,-0.5039032598602688,1.6958682119339528,-0.5758106657310548,-0.5788898726408979,-0.5650320466312655
-1.0048330779249979,0.9825432896911438,0.24902602231919735,-0.06524538242175558,1.0090408669826858,-0.4250147577130797,-0.736220107210202,-0.6679308332270758,1.9692762072618977,-0.6298000037255774,-0.5039032598602688,-0.5896684618314822,-0.5758106657310548,1.7274442813069022,-0.5650320466312655
-1.4722438860105203,-0.30547500573093683,1.1932005145246851,-1.4759563537029603,-0.9910401379383962,-0.4250147577130797,1.3582894438856787,-0.6679308332270758,1.9692762072618977,-0.6298000037255774,-0.5039032598602688,-0.5896684618314822,-0.5758106657310548,1.7274442813069022,-0.5650320466312655
0.1970804285806316,-1.1164494880337283,-1.6393229620917782,0.6401101032188468,-0.9910401379383962,-0.4250147577130797,1.3582894438856787,-0.6679308332270758,1.9692762072618977,-0.6298000037255774,-0.5039032598602688,-0.5896684618314822,1.7366819677269967,-0.5788898726408979,-0.5650320466312655
1.398993935086261,1.6504046280581486,0.24902602231919735,-0.06524538242175558,1.0090408669826858,-0.4250147577130797,-0.736220107210202,-0.6679308332270758,-0.5078007830046403,-0.6298000037255774,1.9845078999435277,-0.5896684618314822,-0.5758106657310548,1.7274442813069022,-0.5650320466312655
-1.4722438860105203,1.4595871028104328,0.01298239926782539,0.6401101032188468,1.0090408669826858,-0.4250147577130797,-0.736220107210202,1.497161008675925,-0.5078007830046403,-0.6298000037255774,-0.5039032598602688,-0.5896684618314822,-0.5758106657310548,1.7274442813069022,-0.5650320466312655
-0.07001146175395272,0.2192731887002812,0.24902602231919735,0.6401101032188468,-0.9910401379383962,-0.4250147577130797,1.3582894438856787,-0.6679308332270758,1.9692762072618977,-0.6298000037255774,-0.5039032598602688,-0.5896684618314822,1.7366819677269967,-0.5788898726408979,-0.5650320466312655
-0.4706492972558292,-0.8779275814740838,0.01298239926782539,-0.770600868062358,-0.9910401379383962,-0.4250147577130797,1.3582894438856787,-0.6679308332270758,-0.5078007830046403,-0.6298000037255774,1.9845078999435277,-0.5896684618314822,1.7366819677269967,-0.5788898726408979,-0.5650320466312655
0.46417231891521593,-1.1164494880337283,-0.6951484698862904,-0.06524538242175558,1.0090408669826858,-0.4250147577130797,-0.736220107210202,-0.6679308332270758,-0.5078007830046403,1.5878056431954701,-0.5039032598602688,-0.5896684618314822,1.7366819677269967,-0.5788898726408979,-0.5650320466312655
0.9315831270007384,0.9348389083792149,-0.22306122378354656,-1.4759563537029603,1.0090408669826858,-0.4250147577130797,-0.736220107210202,-0.6679308332270758,-0.5078007830046403,1.5878056431954701,-0.5039032598602688,-0.5896684618314822,1.7366819677269967,-0.5788898726408979,-0.5650320466312655
-0.07001146175395272,0.41009071394799684,-1.6393229620917782,0.6401101032188468,-0.9910401379383962,-0.4250147577130797,1.3582894438856787,-0.6679308332270758,-0.5078007830046403,1.5878056431954701,-0.5039032598602688,-0.5896684618314822,-0.5758106657310548,-0.5788898726408979,1.769811121266526
1.1319020447516768,-1.4503801572172308,1.665287760627429,-0.770600868062358,1.0090408669826858,-0.4250147577130797,-0.736220107210202,-0.6679308332270758,-0.5078007830046403,-0.6298000037255774,1.9845078999435277,-0.5896684618314822,-0.5758106657310548,1.7274442813069022,-0.5650320466312655
1.2654479899189688,-0.21006624310707903,0.01298239926782539,1.3454655888594491,1.0090408669826858,-0.4250147577130797,-0.736220107210202,-0.6679308332270758,-0.5078007830046403,1.5878056431954701,-0.5039032598602688,-0.5896684618314822,1.7366819677269967,-0.5788898726408979,-0.5650320466312655
-0.9380601053413518,-1.1164494880337283,1.1932005145246851,0.6401101032188468,1.0090408669826858,-0.4250147577130797,-0.736220107210202,-0.6679308332270758,-0.5078007830046403,1.5878056431954701,-0.5039032598602688,-0.5896684618314822,-0.5758106657310548,1.7274442813069022,-0.5650320466312655
1.0651290721680307,-0.25777062441900794,-1.4032793390404064,1.3454655888594491,-0.9910401379383962,2.352859475705742,-0.736220107210202,-0.6679308332270758,1.9692762072618977,-0.6298000037255774,-0.5039032598602688,1.6958682119339528,-0.5758106657310548,-0.5788898726408979,-0.5650320466312655
-1.4722438860105203,1.2210651962507884,1.4292441375760572,1.3454655888594491,-0.9910401379383962,-0.4250147577130797,1.3582894438856787,-0.6679308332270758,1.9692762072618977,-0.6298000037255774,-0.5039032598602688,-0.5896684618314822,-0.5758106657310548,-0.5788898726408979,1.769811121266526
-1.4722438860105203,0.839430145755357,-0.45910484683491853,0.6401101032188468,1.0090408669826858,-0.4250147577130797,-0.736220107210202,-0.6679308332270758,1.9692762072618977,-0.6298000037255774,-0.5039032598602688,-0.5896684618314822,-0.5758106657310548,1.7274442813069022,-0.5650320466312655
0.2638534011642777,-0.734814437538297,1.4292441375760572,-0.06524538242175558,-0.9910401379383962,-0.4250147577130797,1.3582894438856787,1.497161008675925,-0.5078007830046403,-0.6298000037255774,-0.5039032598602688,-0.5896684618314822,-0.5758106657310548,1.7274442813069022,-0.5650320466312655
0.1970804285806316,0.3623863326360679,-0.9311920929376625,-0.06524538242175558,-0.9910401379383962,-0.4250147577130797,1.3582894438856787,-0.6679308332270758,1.9692762072618977,-0.6298000037255774,-0.5039032598602688,-0.5896684618314822,1.7366819677269967,-0.5788898726408979,-0.5650320466312655
0.9983560995843845,0.8871345270672859,0.4850696453705693,-0.06524538242175558,1.0090408669826858,-0.4250147577130797,-0.736220107210202,-0.6679308332270758,1.9692762072618977,-0.6298000037255774,-0.5039032598602688,-0.5896684618314822,-0.5758106657310548,-0.5788898726408979,1.769811121266526
0.7980371818334463,1.5072914841223617,-1.6393229620917782,-0.770600868062358,1.0090408669826858,-0.4250147577130797,-0.736220107210202,-0.6679308332270758,1.9692762072618977,-0.6298000037255774,-0.5039032598602688,-0.5896684618314822,-0.5758106657310548,-0.5788898726408979,1.769811121266526
-1.071606050508644,0.41009071394799684,0.01298239926782539,-1.4759563537029603,-0.9910401379383962,-0.4250147577130797,1.3582894438856787,-0.6679308332270758,1.9692762072618977,-0.6298000037255774,-0.5039032598602688,-0.5896684618314822,1.7366819677269967,-0.5788898726408979,-0.5650320466312655
0.6644912366661542,-0.30547500573093683,0.4850696453705693,-0.770600868062358,1.0090408669826858,-0.4250147577130797,-0.736220107210202,1.497161008675925,-0.5078007830046403,-0.6298000037255774,-0.5039032598602688,-0.5896684618314822,-0.5758106657310548,-0.5788898726408979,1.769811121266526
1.332220962502615,1.5072914841223617,1.1932005145246851,-0.06524538242175558,-0.9910401379383962,-0.4250147577130797,1.3582894438856787,-0.6679308332270758,-0.5078007830046403,1.5878056431954701,-0.5039032598602688,-0.5896684618314822,-0.5758106657310548,1.7274442813069022,-0.5650320466312655
-0.8045141601740596,0.6963170018195703,-1.1672357159890343,1.3454655888594491,-0.9910401379383962,-0.4250147577130797,1.3582894438856787,1.497161008675925,-0.5078007830046403,-0.6298000037255774,-0.5039032598602688,-0.5896684618314822,-0.5758106657310548,1.7274442813069022,-0.5650320466312655
0.8648101544170924,-1.0687451067217995,0.7211132684219412,-0.06524538242175558,-0.9910401379383962,-0.4250147577130797,1.3582894438856787,-0.6679308332270758,-0.5078007830046403,1.5878056431954701,-0.5039032598602688,-0.5896684618314822,-0.5758106657310548,1.7274442813069022,-0.5650320466312655
1.6660858254208453,-0.9256319627860127,0.4850696453705693,-1.4759563537029603,1.0090408669826858,-0.4250147577130797,-0.736220107210202,1.497161008675925,-0.5078007830046403,-0.6298000037255774,-0.5039032598602688,-0.5896684618314822,-0.5758106657310548,1.7274442813069022,-0.5650320466312655
1.6660858254208453,-1.402675775905302,0.01298239926782539,-0.770600868062358,1.0090408669826858,-0.4250147577130797,-0.736220107210202,-0.6679308332270758,1.9692762072618977,-0.6298000037255774,-0.5039032598602688,-0.5896684618314822,-0.5758106657310548,-0.5788898726408979,1.769811121266526
0.7312642092498002,-0.782518818850226,-1.6393229620917782,1.3454655888594491,-0.9910401379383962,-0.4250147577130797,1.3582894438856787,-0.6679308332270758,-0.5078007830046403,-0.6298000037255774,1.9845078999435277,-0.5896684618314822,1.7366819677269967,-0.5788898726408979,-0.5650320466312655
-1.2719249682595821,0.41009071394799684,-0.45910484683491853,0.6401101032188468,-0.9910401379383962,2.352859475705742,-0.736220107210202,-0.6679308332270758,-0.5078007830046403,1.5878056431954701,-0.5039032598602688,-0.5896684618314822,-0.5758106657310548,-0.5788898726408979,1.769811121266526
-0.9380601053413518,-0.9256319627860127,-0.6951484698862904,0.6401101032188468,1.0090408669826858,-0.4250147577130797,-0.736220107210202,-0.6679308332270758,-0.5078007830046403,1.5878056431954701,-0.5039032598602688,-0.5896684618314822,1.7366819677269967,-0.5788898726408979,-0.5650320466312655
-0.7377411875904135,1.0302476710030728,-0.45910484683491853,0.6401101032188468,-0.9910401379383962,2.352859475705742,-0.736220107210202,-0.6679308332270758,-0.5078007830046403,-0.6298000037255774,1.9845078999435277,-0.5896684618314822,1.7366819677269967,-0.5788898726408979,-0.5650320466312655
-0.20355740692124488,1.6027002467462197,-0.9311920929376625,0.6401101032188468,-0.9910401379383962,2.352859475705742,-0.736220107210202,1.497161008675925,-0.5078007830046403,-0.6298000037255774,-0.5039032598602688,-0.5896684618314822,-0.5758106657310548,1.7274442813069022,-0.5650320466312655
1.6660858254208453,1.1733608149388595,0.4850696453705693,-0.770600868062358,1.0090408669826858,-0.4250147577130797,-0.736220107210202,1.497161008675925,-0.5078007830046403,-0.6298000037255774,-0.5039032598602688,-0.5896684618314822,1.7366819677269967,-0.5788898726408979,-0.5650320466312655
-0.9380601053413518,-1.259562631969515,-1.6393229620917782,1.3454655888594491,1.0090408669826858,-0.4250147577130797,-0.736220107210202,1.497161008675925,-0.5078007830046403,-0.6298000037255774,-0.5039032598602688,-0.5896684618314822,-0.5758106657310548,1.7274442813069022,-0.5650320466312655
-0.8712871327577056,1.364178340186575,1.1932005145246851,1.3454655888594491,1.0090408669826858,-0.4250147577130797,-0.736220107210202,-0.6679308332270758,-0.5078007830046403,-0.6298000037255774,1.9845078999435277,1.6958682119339528,-0.5758106657310548,-0.5788898726408979,-0.5650320466312655
0.2638534011642777,1.364178340186575,1.1932005145246851,-0.770600868062358,-0.9910401379383962,2.352859475705742,-0.736220107210202,1.497161008675925,-0.5078007830046403,-0.6298000037255774,-0.5039032598602688,-0.5896684618314822,1.7366819677269967,-0.5788898726408979,-0.5650320466312655
1.1986750173353227,1.4595871028104328,0.01298239926782539,1.3454655888594491,-0.9910401379383962,-0.4250147577130797,1.3582894438856787,-0.6679308332270758,-0.5078007830046403,1.5878056431954701,-0.5039032598602688,-0.5896684618314822,-0.5758106657310548,1.7274442813069022,-0.5650320466312655
0.3973993463315698,-0.4962925309786525,0.4850696453705693,-0.770600868062358,-0.9910401379383962,-0.4250147577130797,1.3582894438856787,-0.6679308332270758,1.9692762072618977,-0.6298000037255774,-0.5039032598602688,-0.5896684618314822,-0.5758106657310548,-0.5788898726408979,1.769811121266526
0.8648101544170924,0.7917257644434281,-0.22306122378354656,1.3454655888594491,-0.9910401379383962,2.352859475705742,-0.736220107210202,1.497161008675925,-0.5078007830046403,-0.6298000037255774,-0.5039032598602688,-0.5896684618314822,-0.5758106657310548,-0.5788898726408979,1.769811121266526
0.2638534011642777,1.5549958654342908,-1.1672357159890343,1.3454655888594491,-0.9910401379383962,-0.4250147577130797,1.3582894438856787,-0.6679308332270758,-0.5078007830046403,-0.6298000037255774,1.9845078999435277,-0.5896684618314822,-0.5758106657310548,1.7274442813069022,-0.5650320466312655
-1.4054709134268744,0.2192731887002812,-1.4032793390404064,-1.4759563537029603,1.0090408669826858,-0.4250147577130797,-0.736220107210202,1.497161008675925,-0.5078007830046403,-0.6298000037255774,-0.5039032598602688,-0.5896684618314822,-0.5758106657310548,-0.5788898726408979,1.769811121266526
-1.6725628037614586,-0.9733363440979416,0.9571568914733132,-1.4759563537029603,-0.9910401379383962,-0.4250147577130797,1.3582894438856787,1.497161008675925,-0.5078007830046403,-0.6298000037255774,-0.5039032598602688,-0.5896684618314822,-0.5758106657310548,1.7274442813069022,-0.5650320466312655
0.8648101544170924,-0.30547500573093683,1.4292441375760572,-0.770600868062358,-0.9910401379383962,-0.4250147577130797,1.3582894438856787,-0.6679308332270758,-0.5078007830046403,-0.6298000037255774,1.9845078999435277,-0.5896684618314822,-0.5758106657310548,1.7274442813069022,-0.5650320466312655
-1.7393357763451047,1.2687695775627172,0.4850696453705693,-1.4759563537029603,1.0090408669826858,-0.4250147577130797,-0.736220107210202,-0.6679308332270758,-0.5078007830046403,-0.6298000037255774,1.9845078999435277,-0.5896684618314822,1.7366819677269967,-0.5788898726408979,-0.5650320466312655
0.8648101544170924,-0.21006624310707903,0.24902602231919735,-0.06524538242175558,1.0090408669826858,-0.4250147577130797,-0.736220107210202,1.497161008675925,-0.5078007830046403,-0.6298000037255774,-0.5039032598602688,1.6958682119339528,-0.5758106657310548,-0.5788898726408979,-0.5650320466312655
-0.4038763246721831,-0.21006624310707903,1.665287760627429,-1.4759563537029603,1.0090408669826858,-0.4250147577130797,-0.736220107210202,-0.6679308332270758,1.9692762072618977,-0.6298000037255774,-0.5039032598602688,-0.5896684618314822,1.7366819677269967,-0.5788898726408979,-0.5650320466312655
-0.8712871327577056,1.6504046280581486,-1.1672357159890343,-0.06524538242175558,1.0090408669826858,-0.4250147577130797,-0.736220107210202,-0.6679308332270758,1.9692762072618977,-0.6298000037255774,-0.5039032598602688,-0.5896684618314822,-0.5758106657310548,-0.5788898726408979,1.769811121266526
-1.205151995675936,-1.2118582506575861,-0.6951484698862904,-0.06524538242175558,1.0090408669826858,-0.4250147577130797,-0.736220107210202,-0.6679308332270758,-0.5078007830046403,1.5878056431954701,-0.5039032598602688,1.6958682119339528,-0.5758106657310548,-0.5788898726408979,-0.5650320466312655
-1.4054709134268744,-1.1641538693456572,0.9571568914733132,-1.4759563537029603,1.0090408669826858,-0.4250147577130797,-0.736220107210202,1.497161008675925,-0.5078007830046403,-0.6298000037255774,-0.5039032598602688,-0.5896684618314822,-0.5758106657310548,-0.5788898726408979,1.769811121266526
-1.1383790230922899,-0.11465748048322119,-1.6393229620917782,1.3454655888594491,-0.9910401379383962,-0.4250147577130797,1.3582894438856787,-0.6679308332270758,1.9692762072618977,-0.6298000037255774,-0.5039032598602688,-0.5896684618314822,1.7366819677269967,-0.5788898726408979,-0.5650320466312655
0.597718264082508,-1.3549713945933728,-1.6393229620917782,-0.770600868062358,1.0090408669826858,-0.4250147577130797,-0.736220107210202,1.497161008675925,-0.5078007830046403,-0.6298000037255774,-0.5039032598602688,1.6958682119339528,-0.5758106657310548,-0.5788898726408979,-0.5650320466312655
0.3973993463315698,-0.40088376835479467,1.4292441375760572,0.6401101032188468,-0.9910401379383962,-0.4250147577130797,1.3582894438856787,1.497161008675925,-0.5078007830046403,-0.6298000037255774,-0.5039032598602688,-0.5896684618314822,-0.5758106657310548,1.7274442813069022,-0.5650320466312655
1.4657669076699071,1.0779520523150017,-1.1672357159890343,-1.4759563537029603,1.0090408669826858,-0.4250147577130797,-0.736220107210202,-0.6679308332270758,-0.5078007830046403,1.5878056431954701,-0.5039032598602688,1.6958682119339528,-0.5758106657310548,-0.5788898726408979,-0.5650320466312655
-0.8045141601740596,-1.402675775905302,0.01298239926782539,-1.4759563537029603,1.0090408669826858,-0.4250147577130797,-0.736220107210202,-0.6679308332270758,1.9692762072618977,-0.6298000037255774,-0.5039032598602688,-0.5896684618314822,-0.5758106657310548,1.7274442813069022,-0.5650320466312655
-1.071606050508644,-1.1164494880337283,-0.9311920929376625,-0.06524538242175558,-0.9910401379383962,-0.4250147577130797,1.3582894438856787,-0.6679308332270758,1.9692762072618977,-0.6298000037255774,-0.5039032598602688,-0.5896684618314822,-0.5758106657310548,1.7274442813069022,-0.5650320466312655
1.332220962502615,0.6963170018195703,-1.4032793390404064,-0.06524538242175558,1.0090408669826858,-0.4250147577130797,-0.736220107210202,-0.6679308332270758,-0.5078007830046403,1.5878056431954701,-0.5039032598602688,-0.5896684618314822,1.7366819677269967,-0.5788898726408979,-0.5650320466312655
-0.20355740692124488,1.2210651962507884,0.24902602231919735,1.3454655888594491,-0.9910401379383962,2.352859475705742,-0.736220107210202,1.497161008675925,-0.5078007830046403,-0.6298000037255774,-0.5039032598602688,-0.5896684618314822,1.7366819677269967,-0.5788898726408979,-0.5650320466312655
0.46417231891521593,-0.11465748048322119,-0.22306122378354656,1.3454655888594491,1.0090408669826858,-0.4250147577130797,-0.736220107210202,-0.6679308332270758,-0.5078007830046403,1.5878056431954701,-0.5039032598602688,-0.5896684618314822,-0.5758106657310548,-0.5788898726408979,1.769811121266526
-0.6709682150067674,1.4595871028104328,1.4292441375760572,-0.770600868062358,1.0090408669826858,-0.4250147577130797,-0.736220107210202,-0.6679308332270758,1.9692762072618977,-0.6298000037255774,-0.5039032598602688,-0.5896684618314822,1.7366819677269967,-0.5788898726408979,-0.5650320466312655
1.0651290721680307,0.12386442607642337,-0.6951484698862904,-0.06524538242175558,1.0090408669826858,-0.4250147577130797,-0.736220107210202,-0.6679308332270758,1.9692762072618977,-0.6298000037255774,-0.5039032598602688,1.6958682119339528,-0.5758106657310548,-0.5788898726408979,-0.5650320466312655
-1.205151995675936,-1.5457889198410886,-1.4032793390404064,-1.4759563537029603,1.0090408669826858,-0.4250147577130797,-0.736220107210202,-0.6679308332270758,-0.5078007830046403,-0.6298000037255774,1.9845078999435277,-0.5896684618314822,-0.5758106657310548,1.7274442813069022,-0.5650320466312655
-0.4038763246721831,-1.3549713945933728,-0.6951484698862904,0.6401101032188468,1.0090408669826858,-0.4250147577130797,-0.736220107210202,-0.6679308332270758,-0.5078007830046403,-0.6298000037255774,1.9845078999435277,-0.5896684618314822,-0.5758106657310548,-0.5788898726408979,1.769811121266526
0.7980371818334463,-0.6394056749144392,1.4292441375760572,-0.770600868062358,1.0090408669826858,-0.4250147577130797,-0.736220107210202,-0.6679308332270758,-0.5078007830046403,-0.6298000037255774,1.9845078999435277,-0.5896684618314822,-0.5758106657310548,1.7274442813069022,-0.5650320466312655
-0.6709682150067674,-1.4980845385291597,0.01298239926782539,-0.06524538242175558,-0.9910401379383962,-0.4250147577130797,1.3582894438856787,-0.6679308332270758,-0.5078007830046403,1.5878056431954701,-0.5039032598602688,-0.5896684618314822,-0.5758106657310548,-0.5788898726408979,1.769811121266526
-0.6709682150067674,1.1256564336269306,-0.9311920929376625,1.3454655888594491,1.0090408669826858,-0.4250147577130797,-0.736220107210202,1.497161008675925,-0.5078007830046403,-0.6298000037255774,-0.5039032598602688,1.6958682119339528,-0.5758106657310548,-0.5788898726408979,-0.5650320466312655
1.4657669076699071,0.8871345270672859,0.4850696453705693,-0.770600868062358,-0.9910401379383962,-0.4250147577130797,1.3582894438856787,-0.6679308332270758,-0.5078007830046403,1.5878056431954701,-0.5039032598602688,-0.5896684618314822,-0.5758106657310548,1.7274442813069022,-0.5650320466312655
-0.5374222698394753,-1.0210407254098706,-1.4032793390404064,0.6401101032188468,1.0090408669826858,-0.4250147577130797,-0.736220107210202,1.497161008675925,-0.5078007830046403,-0.6298000037255774,-0.5039032598602688,-0.5896684618314822,-0.5758106657310548,-0.5788898726408979,1.769811121266526
1.0651290721680307,-1.5457889198410886,0.24902602231919735,1.3454655888594491,-0.9910401379383962,-0.4250147577130797,1.3582894438856787,-0.6679308332270758,1.9692762072618977,-0.6298000037255774,-0.5039032598602688,-0.5896684618314822,-0.5758106657310548,-0.5788898726408979,1.769811121266526
1.398993935086261,0.3623863326360679,1.1932005145246851,1.3454655888594491,1.0090408669826858,-0.4250147577130797,-0.736220107210202,-0.6679308332270758,-0.5078007830046403,-0.6298000037255774,1.9845078999435277,1.6958682119339528,-0.5758106657310548,-0.5788898726408979,-0.5650320466312655
-1.7393357763451047,-1.5457889198410886,-1.1672357159890343,-0.770600868062358,-0.9910401379383962,-0.4250147577130797,1.3582894438856787,-0.6679308332270758,-0.5078007830046403,1.5878056431954701,-0.5039032598602688,1.6958682119339528,-0.5758106657310548,-0.5788898726408979,-0.5650320466312655
1.398993935086261,-0.6394056749144392,-1.1672357159890343,1.3454655888594491,-0.9910401379383962,-0.4250147577130797,1.3582894438856787,1.497161008675925,-0.5078007830046403,-0.6298000037255774,-0.5039032598602688,-0.5896684618314822,1.7366819677269967,-0.5788898726408979,-0.5650320466312655
-0.9380601053413518,1.6027002467462197,-1.1672357159890343,0.6401101032188468,1.0090408669826858,-0.4250147577130797,-0.736220107210202,-0.6679308332270758,-0.5078007830046403,-0.6298000037255774,1.9845078999435277,1.6958682119339528,-0.5758106657310548,-0.5788898726408979,-0.5650320466312655
1.398993935086261,-0.8302232001621549,0.01298239926782539,-0.770600868062358,-0.9910401379383962,-0.4250147577130797,1.3582894438856787,-0.6679308332270758,1.9692762072618977,-0.6298000037255774,-0.5039032598602688,1.6958682119339528,-0.5758106657310548,-0.5788898726408979,-0.5650320466312655
0.46417231891521593,-0.25777062441900794,-1.6393229620917782,1.3454655888594491,-0.9910401379383962,-0.4250147577130797,1.3582894438856787,-0.6679308332270758,-0.5078007830046403,-0.6298000037255774,1.9845078999435277,1.6958682119339528,-0.5758106657310548,-0.5788898726408979,-0.5650320466312655
-0.4038763246721831,0.7440213831314992,0.9571568914733132,-1.4759563537029603,-0.9910401379383962,-0.4250147577130797,1.3582894438856787,-0.6679308332270758,-0.5078007830046403,-0.6298000037255774,1.9845078999435277,-0.5896684618314822,1.7366819677269967,-0.5788898726408979,-0.5650320466312655
-0.27033037950489097,0.8871345270672859,-0.45910484683491853,1.3454655888594491,-0.9910401379383962,2.352859475705742,-0.736220107210202,-0.6679308332270758,-0.5078007830046403,-0.6298000037255774,1.9845078999435277,-0.5896684618314822,-0.5758106657310548,-0.5788898726408979,1.769811121266526
1.1986750173353227,0.07616004476449445,-0.6951484698862904,-1.4759563537029603,1.0090408669826858,-0.4250147577130797,-0.736220107210202,-0.6679308332270758,-0.5078007830046403,1.5878056431954701,-0.5039032598602688,-0.5896684618314822,1.7366819677269967,-0.5788898726408979,-0.5650320466312655
1.398993935086261,-0.21006624310707903,-0.22306122378354656,1.3454655888594491,1.0090408669826858,-0.4250147577130797,-0.736220107210202,-0.6679308332270758,1.9692762072618977,-0.6298000037255774,-0.5039032598602688,-0.5896684618314822,-0.5758106657310548,-0.5788898726408979,1.769811121266526
-1.205151995675936,0.17156880738835228,0.4850696453705693,-0.770600868062358,-0.9910401379383962,-0.4250147577130797,1.3582894438856787,-0.6679308332270758,-0.5078007830046403,1.5878056431954701,-0.5039032598602688,-0.5896684618314822,-0.5758106657310548,1.7274442813069022,-0.5650320466312655
-1.4722438860105203,0.45779509525992573,-0.9311920929376625,1.3454655888594491,1.0090408669826858,-0.4250147577130797,-0.736220107210202,-0.6679308332270758,1.9692762072618977,-0.6298000037255774,-0.5039032598602688,1.6958682119339528,-0.5758106657310548,-0.5788898726408979,-0.5650320466312655
-1.4054709134268744,-0.11465748048322119,0.7211132684219412,1.3454655888594491,1.0090408669826858,-0.4250147577130797,-0.736220107210202,-0.6679308332270758,-0.5078007830046403,-0.6298000037255774,1.9845078999435277,-0.5896684618314822,-0.5758106657310548,-0.5788898726408979,1.769811121266526
0.8648101544170924,-0.44858814966672356,1.1932005145246851,-0.06524538242175558,1.0090408669826858,-0.4250147577130797,-0.736220107210202,-0.6679308332270758,-0.5078007830046403,1.5878056431954701,-0.5039032598602688,-0.5896684618314822,-0.5758106657310548,1.7274442813069022,-0.5650320466312655
0.46417231891521593,1.364178340186575,1.1932005145246851,0.6401101032188468,-0.9910401379383962,-0.4250147577130797,1.3582894438856787,-0.6679308332270758,1.9692762072618977,-0.6298000037255774,-0.5039032598602688,1.6958682119339528,-0.5758106657310548,-0.5788898726408979,-0.5650320466312655
-1.5390168585941664,-1.6411976824649464,-0.22306122378354656,1.3454655888594491,1.0090408669826858,-0.4250147577130797,-0.736220107210202,-0.6679308332270758,-0.5078007830046403,1.5878056431954701,-0.5039032598602688,1.6958682119339528,-0.5758106657310548,-0.5788898726408979,-0.5650320466312655
-1.6725628037614586,0.5532038578837836,-0.9311920929376625,-0.06524538242175558,1.0090408669826858,-0.4250147577130797,-0.736220107210202,-0.6679308332270758,-0.5078007830046403,1.5878056431954701,-0.5039032598602688,-0.5896684618314822,-0.5758106657310548,-0.5788898726408979,1.769811121266526
0.9315831270007384,0.2192731887002812,-0.6951484698862904,-0.770600868062358,-0.9910401379383962,-0.4250147577130797,1.3582894438856787,-0.6679308332270758,-0.5078007830046403,-0.6298000037255774,1.9845078999435277,-0.5896684618314822,-0.5758106657310548,1.7274442813069022,-0.5650320466312655
-0.8045141601740596,-1.4503801572172308,-1.6393229620917782,1.3454655888594491,1.0090408669826858,-0.4250147577130797,-0.736220107210202,-0.6679308332270758,-0.5078007830046403,-0.6298000037255774,1.9845078999435277,-0.5896684618314822,-0.5758106657310548,-0.5788898726408979,1.769811121266526
1.4657669076699071,-1.1164494880337283,-0.6951484698862904,-0.770600868062358,1.0090408669826858,-0.4250147577130797,-0.736220107210202,-0.6679308332270758,-0.5078007830046403,1.5878056431954701,-0.5039032598602688,-0.5896684618314822,-0.5758106657310548,1.7274442813069022,-0.5650320466312655
0.2638534011642777,-0.8779275814740838,-1.1672357159890343,-0.770600868062358,-0.9910401379383962,-0.4250147577130797,1.3582894438856787,-0.6679308332270758,-0.5078007830046403,1.5878056431954701,-0.5039032598602688,1.6958682119339528,-0.5758106657310548,-0.5788898726408979,-0.5650320466312655
-1.0048330779249979,-1.5457889198410886,-1.1672357159890343,-1.4759563537029603,1.0090408669826858,-0.4250147577130797,-0.736220107210202,-0.6679308332270758,1.9692762072618977,-0.6298000037255774,-0.5039032598602688,1.6958682119339528,-0.5758106657310548,-0.5788898726408979,-0.5650320466312655
-1.2719249682595821,-0.019248717859363367,0.24902602231919735,-0.770600868062358,1.0090408669826858,-0.4250147577130797,-0.736220107210202,1.497161008675925,-0.5078007830046403,-0.6298000037255774,-0.5039032598602688,1.6958682119339528,-0.5758106657310548,-0.5788898726408979,-0.5650320466312655
1.0651290721680307,-1.0687451067217995,0.4850696453705693,0.6401101032188468,1.0090408669826858,-0.4250147577130797,-0.736220107210202,1.497161008675925,-0.5078007830046403,-0.6298000037255774,-0.5039032598602688,-0.5896684618314822,-0.5758106657310548,-0.5788898726408979,1.769811121266526
-1.4054709134268744,1.411882721498504,0.01298239926782539,-0.06524538242175558,1.0090408669826858,-0.4250147577130797,-0.736220107210202,-0.6679308332270758,-0.5078007830046403,1.5878056431954701,-0.5039032598602688,-0.5896684618314822,-0.5758106657310548,-0.5788898726408979,1.769811121266526
1.1986750173353227,0.2192731887002812,-0.22306122378354656,0.6401101032188468,1.0090408669826858,-0.4250147577130797,-0.736220107210202,-0.6679308332270758,-0.5078007830046403,-0.6298000037255774,1.9845078999435277,-0.5896684618314822,-0.5758106657310548,1.7274442813069022,-0.5650320466312655
-0.07001146175395272,1.0779520523150017,-0.45910484683491853,0.6401101032188468,-0.9910401379383962,-0.4250147577130797,1.3582894438856787,-0.6679308332270758,1.9692762072618977,-0.6298000037255774,-0.5039032598602688,-0.5896684618314822,1.7366819677269967,-0.5788898726408979,-0.5650320466312655
-1.6725628037614586,-0.6394056749144392,-1.1672357159890343,1.3454655888594491,-0.9910401379383962,-0.4250147577130797,1.3582894438856787,-0.6679308332270758,-0.5078007830046403,-0.6298000037255774,1.9845078999435277,-0.5896684618314822,-0.5758106657310548,-0.5788898726408979,1.769811121266526
-0.33710335208853703,-0.5917012936025103,0.01298239926782539,0.6401101032188468,1.0090408669826858,-0.4250147577130797,-0.736220107210202,1.497161008675925,-0.5078007830046403,-0.6298000037255774,-0.5039032598602688,-0.5896684618314822,-0.5758106657310548,-0.5788898726408979,1.769811121266526
0.1970804285806316,0.839430145755357,1.665287760627429,1.3454655888594491,1.0090408669826858,-0.4250147577130797,-0.736220107210202,-0.6679308332270758,-0.5078007830046403,-0.6298000037255774,1.9845078999435277,-0.5896684618314822,1.7366819677269967,-0.5788898726408979,-0.5650320466312655
0.2638534011642777,1.2210651962507884,0.7211132684219412,1.3454655888594491,1.0090408669826858,-0.4250147577130797,-0.736220107210202,-0.6679308332270758,-0.5078007830046403,-0.6298000037255774,1.9845078999435277,-0.5896684618314822,-0.5758106657310548,1.7274442813069022,-0.5650320466312655
-1.2719249682595821,1.4595871028104328,-1.1672357159890343,1.3454655888594491,1.0090408669826858,-0.4250147577130797,-0.736220107210202,-0.6679308332270758,1.9692762072618977,-0.6298000037255774,-0.5039032598602688,-0.5896684618314822,1.7366819677269967,-0.5788898726408979,-0.5650320466312655
0.9983560995843845,-0.06695309917129227,-1.1672357159890343,-1.4759563537029603,-0.9910401379383962,-0.4250147577130797,1.3582894438856787,-0.6679308332270758,-0.5078007830046403,-0.6298000037255774,1.9845078999435277,-0.5896684618314822,1.7366819677269967,-0.5788898726408979,-0.5650320466312655
1.1986750173353227,0.3623863326360679,0.4850696453705693,0.6401101032188468,1.0090408669826858,-0.4250147577130797,-0.736220107210202,-0.6679308332270758,-0.5078007830046403,-0.6298000037255774,1.9845078999435277,-0.5896684618314822,-0.5758106657310548,-0.5788898726408979,1.769811121266526
1.398993935086261,-0.8302232001621549,1.1932005145246851,0.6401101032188468,1.0090408669826858,-0.4250147577130797,-0.736220107210202,1.497161008675925,-0.5078007830046403,-0.6298000037255774,-0.5039032598602688,-0.5896684618314822,-0.5758106657310548,1.7274442813069022,-0.5650320466312655
-1.2719249682595821,0.314681951324139,-0.9311920929376625,1.3454655888594491,1.0090408669826858,-0.4250147577130797,-0.736220107210202,-0.6679308332270758,-0.5078007830046403,-0.6298000037255774,1.9845078999435277,-0.5896684618314822,1.7366819677269967,-0.5788898726408979,-0.5650320466312655
1.398993935086261,0.6486126205076413,-1.6393229620917782,1.3454655888594491,1.0090408669826858,-0.4250147577130797,-0.736220107210202,-0.6679308332270758,1.9692762072618977,-0.6298000037255774,-0.5039032598602688,1.6958682119339528,-0.5758106657310548,-0.5788898726408979,-0.5650320466312655
-1.1383790230922899,-1.402675775905302,1.665287760627429,0.6401101032188468,1.0090408669826858,-0.4250147577130797,-0.736220107210202,1.497161008675925,-0.5078007830046403,-0.6298000037255774,-0.5039032598602688,-0.5896684618314822,-0.5758106657310548,-0.5788898726408979,1.769811121266526
1.398993935086261,-0.8302232001621549,-0.6951484698862904,-0.06524538242175558,1.0090408669826858,-0.4250147577130797,-0.736220107210202,1.497161008675925,-0.5078007830046403,-0.6298000037255774,-0.5039032598602688,1.6958682119339528,-0.5758106657310548,-0.5788898726408979,-0.5650320466312655
-0.07001146175395272,1.411882721498504,-0.6951484698862904,0.6401101032188468,-0.9910401379383962,2.352859475705742,-0.736220107210202,-0.6679308332270758,-0.5078007830046403,1.5878056431954701,-0.5039032598602688,-0.5896684618314822,-0.5758106657310548,-0.5788898726408979,1.769811121266526
1.398993935086261,-0.9256319627860127,0.9571568914733132,0.6401101032188468,1.0090408669826858,-0.4250147577130797,-0.736220107210202,-0.6679308332270758,-0.5078007830046403,1.5878056431954701,-0.5039032598602688,-0.5896684618314822,-0.5758106657310548,-0.5788898726408979,1.769811121266526
0.1303074559969855,-0.6394056749144392,1.4292441375760572,-1.4759563537029603,-0.9910401379383962,-0.4250147577130797,1.3582894438856787,-0.6679308332270758,-0.5078007830046403,1.5878056431954701,-0.5039032598602688,1.6958682119339528,-0.5758106657310548,-0.5788898726408979,-0.5650320466312655
-1.3386979408432282,-0.44858814966672356,0.4850696453705693,-0.770600868062358,-0.9910401379383962,-0.4250147577130797,1.3582894438856787,-0.6679308332270758,-0.5078007830046403,1.5878056431954701,-0.5039032598602688,-0.5896684618314822,-0.5758106657310548,1.7274442813069022,-0.5650320466312655
1.1986750173353227,-0.21006624310707903,0.24902602231919735,-0.06524538242175558,1.0090408669826858,-0.4250147577130797,-0.736220107210202,-0.6679308332270758,-0.5078007830046403,-0.6298000037255774,1.9845078999435277,-0.5896684618314822,-0.5758106657310548,1.7274442813069022,-0.5650320466312655
-1.4722438860105203,1.6504046280581486,0.9571568914733132,-1.4759563537029603,-0.9910401379383962,2.352859475705742,-0.736220107210202,-0.6679308332270758,-0.5078007830046403,-0.6298000037255774,1.9845078999435277,-0.5896684618314822,1.7366819677269967,-0.5788898726408979,-0.5650320466312655
1.4657669076699071,-1.0210407254098706,0.4850696453705693,-0.06524538242175558,1.0090408669826858,-0.4250147577130797,-0.736220107210202,1.497161008675925,-0.5078007830046403,-0.6298000037255774,-0.5039032598602688,-0.5896684618314822,1.7366819677269967,-0.5788898726408979,-0.5650320466312655
1.4657669076699071,-0.40088376835479467,1.1932005145246851,0.6401101032188468,-0.9910401379383962,-0.4250147577130797,1.3582894438856787,-0.6679308332270758,1.9692762072618977,-0.6298000037255774,-0.5039032598602688,-0.5896684618314822,-0.5758106657310548,1.7274442813069022,-0.5650320466312655
1.1986750173353227,-0.782518818850226,0.7211132684219412,1.3454655888594491,1.0090408669826858,-0.4250147577130797,-0.736220107210202,1.497161008675925,-0.5078007830046403,-0.6298000037255774,-0.5039032598602688,-0.5896684618314822,-0.5758106657310548,-0.5788898726408979,1.769811121266526
0.5309452914988619,0.2669775700122101,1.665287760627429,-0.770600868062358,1.0090408669826858,-0.4250147577130797,-0.736220107210202,-0.6679308332270758,1.9692762072618977,-0.6298000037255774,-0.5039032598602688,-0.5896684618314822,1.7366819677269967,-0.5788898726408979,-0.5650320466312655
-1.205151995675936,-0.30547500573093683,0.4850696453705693,-0.06524538242175558,-0.9910401379383962,-0.4250147577130797,1.3582894438856787,-0.6679308332270758,-0.5078007830046403,-0.6298000037255774,1.9845078999435277,-0.5896684618314822,-0.5758106657310548,1.7274442813069022,-0.5650320466312655
-1.1383790230922899,0.839430145755357,-0.6951484698862904,1.3454655888594491,1.0090408669826858,-0.4250147577130797,-0.736220107210202,-0.6679308332270758,-0.5078007830046403,1.5878056431954701,-0.5039032598602688,-0.5896684618314822,-0.5758106657310548,1.7274442813069022,-0.5650320466312655
-0.20355740692124488,-1.6411976824649464,0.9571568914733132,0.6401101032188468,-0.9910401379383962,2.352859475705742,-0.736220107210202,-0.6679308332270758,1.9692762072618977,-0.6298000037255774,-0.5039032598602688,-0.5896684618314822,-0.5758106657310548,1.7274442813069022,-0.5650320466312655
-1.071606050508644,-1.1641538693456572,0.24902602231919735,-0.06524538242175558,1.0090408669826858,-0.4250147577130797,-0.736220107210202,-0.6679308332270758,-0.5078007830046403,-0.6298000037255774,1.9845078999435277,1.6958682119339528,-0.5758106657310548,-0.5788898726408979,-0.5650320466312655
-0.27033037950489097,-1.6889020637768752,-0.6951484698862904,-0.770600868062358,1.0090408669826858,-0.4250147577130797,-0.736220107210202,-0.6679308332270758,-0.5078007830046403,1.5878056431954701,-0.5039032598602688,-0.5896684618314822,-0.5758106657310548,-0.5788898726408979,1.769811121266526
-0.6709682150067674,0.3623863326360679,0.01298239926782539,-0.770600868062358,1.0090408669826858,-0.4250147577130797,-0.736220107210202,-0.6679308332270758,-0.5078007830046403,1.5878056431954701,-0.5039032598602688,-0.5896684618314822,-0.5758106657310548,1.7274442813069022,-0.5650320466312655
-0.7377411875904135,0.2669775700122101,-0.9311920929376625,-1.4759563537029603,-0.9910401379383962,2.352859475705742,-0.736220107210202,-0.6679308332270758,-0.5078007830046403,1.5878056431954701,-0.5039032598602688,1.6958682119339528,-0.5758106657310548,-0.5788898726408979,-0.5650320466312655
0.9315831270007384,-1.5457889198410886,-1.4032793390404064,0.6401101032188468,-0.9910401379383962,-0.4250147577130797,1.3582894438856787,-0.6679308332270758,-0.5078007830046403,-0.6298000037255774,1.9845078999435277,-0.5896684618314822,1.7366819677269967,-0.5788898726408979,-0.5650320466312655
-0.7377411875904135,-1.5934933011530175,1.1932005145246851,-1.4759563537029603,1.0090408669826858,-0.4250147577130797,-0.736220107210202,-0.6679308332270758,1.9692762072618977,-0.6298000037255774,-0.5039032598602688,1.6958682119339528,-0.5758106657310548,-0.5788898726408979,-0.5650320466312655
1.5993128528371992,-0.06695309917129227,-0.6951484698862904,1.3454655888594491,1.0090408669826858,-0.4250147577130797,-0.736220107210202,-0.6679308332270758,-0.5078007830046403,1.5878056431954701,-0.5039032598602688,-0.5896684618314822,-0.5758106657310548,1.7274442813069022,-0.5650320466312655
-0.5374222698394753,1.364178340186575,0.01298239926782539,-0.06524538242175558,1.0090408669826858,-0.4250147577130797,-0.736220107210202,-0.6679308332270758,-0.5078007830046403,-0.6298000037255774,1.9845078999435277,-0.5896684618314822,-0.5758106657310548,1.7274442813069022,-0.5650320466312655
-0.0032384891703066414,-0.782518818850226,-1.1672357159890343,1.3454655888594491,-0.9910401379383962,2.352859475705742,-0.736220107210202,1.497161008675925,-0.5078007830046403,-0.6298000037255774,-0.5039032598602688,-0.5896684618314822,-0.5758106657310548,1.7274442813069022,-0.5650320466312655
-0.9380601053413518,-0.30547500573093683,-1.1672357159890343,0.6401101032188468,-0.9910401379383962,-0.4250147577130797,1.3582894438856787,1.497161008675925,-0.5078007830046403,-0.6298000037255774,-0.5039032598602688,-0.5896684618314822,1.7366819677269967,-0.5788898726408979,-0.5650320466312655
1.4657669076699071,0.6009082391957125,-0.22306122378354656,1.3454655888594491,-0.9910401379383962,-0.4250147577130797,1.3582894438856787,-0.6679308332270758,-0.5078007830046403,1.5878056431954701,-0.5039032598602688,-0.5896684618314822,1.7366819677269967,-0.5788898726408979,-0.5650320466312655
-1.6725628037614586,-1.307267013281444,0.01298239926782539,-0.06524538242175558,1.0090408669826858,-0.4250147577130797,-0.736220107210202,-0.6679308332270758,1.9692762072618977,-0.6298000037255774,-0.5039032598602688,-0.5896684618314822,1.7366819677269967,-0.5788898726408979,-0.5650320466312655
0.8648101544170924,1.4595871028104328,0.7211132684219412,1.3454655888594491,1.0090408669826858,-0.4250147577130797,-0.736220107210202,-0.6679308332270758,-0.5078007830046403,1.5878056431954701,-0.5039032598602688,1.6958682119339528,-0.5758106657310548,-0.5788898726408979,-0.5650320466312655
1.398993935086261,0.17156880738835228,0.4850696453705693,-0.06524538242175558,1.0090408669826858,-0.4250147577130797,-0.736220107210202,-0.6679308332270758,1.9692762072618977,-0.6298000037255774,-0.5039032598602688,1.6958682119339528,-0.5758106657310548,-0.5788898726408979,-0.5650320466312655
0.9315831270007384,-0.8302232001621549,-1.1672357159890343,-0.770600868062358,1.0090408669826858,-0.4250147577130797,-0.736220107210202,-0.6679308332270758,-0.5078007830046403,-0.6298000037255774,1.9845078999435277,-0.5896684618314822,-0.5758106657310548,1.7274442813069022,-0.5650320466312655
0.33062637374792375,0.2669775700122101,0.4850696453705693,-0.06524538242175558,1.0090408669826858,-0.4250147577130797,-0.736220107210202,-0.6679308332270758,-0.5078007830046403,1.5878056431954701,-0.5039032598602688,-0.5896684618314822,1.7366819677269967,-0.5788898726408979,-0.5650320466312655
-0.07001146175395272,0.45779509525992573,0.7211132684219412,0.6401101032188468,-0.9910401379383962,2.352859475705742,-0.736220107210202,-0.6679308332270758,-0.5078007830046403,1.5878056431954701,-0.5039032598602688,-0.5896684618314822,-0.5758106657310548,1.7274442813069022,-0.5650320466312655
-0.0032384891703066414,-0.019248717859363367,-0.45910484683491853,-0.770600868062358,1.0090408669826858,-0.4250147577130797,-0.736220107210202,-0.6679308332270758,1.9692762072618977,-0.6298000037255774,-0.5039032598602688,-0.5896684618314822,1.7366819677269967,-0.5788898726408979,-0.5650320466312655
-0.4706492972558292,-1.2118582506575861,-1.4032793390404064,-0.06524538242175558,1.0090408669826858,-0.4250147577130797,-0.736220107210202,-0.6679308332270758,-0.5078007830046403,-0.6298000037255774,1.9845078999435277,-0.5896684618314822,1.7366819677269967,-0.5788898726408979,-0.5650320466312655
-1.4054709134268744,-0.782518818850226,-0.9311920929376625,0.6401101032188468,-0.9910401379383962,-0.4250147577130797,1.3582894438856787,-0.6679308332270758,-0.5078007830046403,-0.6298000037255774,1.9845078999435277,-0.5896684618314822,-0.5758106657310548,1.7274442813069022,-0.5650320466312655
1.5325398802535533,0.9825432896911438,-1.6393229620917782,-0.770600868062358,1.0090408669826858,-0.4250147577130797,-0.736220107210202,1.497161008675925,-0.5078007830046403,-0.6298000037255774,-0.5039032598602688,-0.5896684618314822,-0.5758106657310548,-0.5788898726408979,1.769811121266526
-0.7377411875904135,-1.402675775905302,-1.1672357159890343,-0.770600868062358,1.0090408669826858,-0.4250147577130797,-0.736220107210202,-0.6679308332270758,-0.5078007830046403,1.5878056431954701,-0.5039032598602688,-0.5896684618314822,-0.5758106657310548,1.7274442813069022,-0.5650320466312655
-1.0048330779249979,-0.30547500573093683,1.4292441375760572,-1.4759563537029603,-0.9910401379383962,-0.4250147577130797,1.3582894438856787,-0.6679308332270758,-0.5078007830046403,-0.6298000037255774,1.9845078999435277,1.6958682119339528,-0.5758106657310548,-0.5788898726408979,-0.5650320466312655
-1.2719249682595821,1.2687695775627172,0.01298239926782539,1.3454655888594491,1.0090408669826858,-0.4250147577130797,-0.736220107210202,-0.6679308332270758,-0.5078007830046403,-0.6298000037255774,1.9845078999435277,-0.5896684618314822,1.7366819677269967,-0.5788898726408979,-0.5650320466312655
-0.5374222698394753,0.7440213831314992,-0.22306122378354656,0.6401101032188468,1.0090408669826858,-0.4250147577130797,-0.736220107210202,-0.6679308332270758,-0.5078007830046403,-0.6298000037255774,1.9845078999435277,-0.5896684618314822,1.7366819677269967,-0.5788898726408979,-0.5650320466312655
1.6660858254208453,1.2687695775627172,-1.1672357159890343,1.3454655888594491,-0.9910401379383962,-0.4250147577130797,1.3582894438856787,1.497161008675925,-0.5078007830046403,-0.6298000037255774,-0.5039032598602688,1.6958682119339528,-0.5758106657310548,-0.5788898726408979,-0.5650320466312655
-0.7377411875904135,1.6027002467462197,-1.4032793390404064,1.3454655888594491,-0.9910401379383962,2.352859475705742,-0.736220107210202,-0.6679308332270758,1.9692762072618977,-0.6298000037255774,-0.5039032598602688,1.6958682119339528,-0.5758106657310548,-0.5788898726408979,-0.5650320466312655
-0.7377411875904135,-1.5934933011530175,-1.6393229620917782,-1.4759563537029603,1.0090408669826858,-0.4250147577130797,-0.736220107210202,-0.6679308332270758,1.9692762072618977,-0.6298000037255774,-0.5039032598602688,1.6958682119339528,-0.5758106657310548,-0.5788898726408979,-0.5650320466312655
-0.4706492972558292,0.9825432896911438,0.24902602231919735,1.3454655888594491,-0.9910401379383962,2.352859475705742,-0.736220107210202,-0.6679308332270758,-0.5078007830046403,-0.6298000037255774,1.9845078999435277,-0.5896684618314822,1.7366819677269967,-0.5788898726408979,-0.5650320466312655
-1.205151995675936,-0.019248717859363367,0.4850696453705693,-1.4759563537029603,-0.9910401379383962,2.352859475705742,-0.736220107210202,-0.6679308332270758,-0.5078007830046403,1.5878056431954701,-0.5039032598602688,-0.5896684618314822,-0.5758106657310548,-0.5788898726408979,1.769811121266526
0.1970804285806316,1.1733608149388595,0.24902602231919735,-0.06524538242175558,1.0090408669826858,-0.4250147577130797,-0.736220107210202,1.497161008675925,-0.5078007830046403,-0.6298000037255774,-0.5039032598602688,-0.5896684618314822,1.7366819677269967,-0.5788898726408979,-0.5650320466312655
-0.5374222698394753,0.5532038578837836,1.1932005145246851,-0.06524538242175558,-0.9910401379383962,-0.4250147577130797,1.3582894438856787,1.497161008675925,-0.5078007830046403,-0.6298000037255774,-0.5039032598602688,-0.5896684618314822,-0.5758106657310548,1.7274442813069022,-0.5650320466312655
0.1970804285806316,1.0779520523150017,1.1932005145246851,-1.4759563537029603,1.0090408669826858,-0.4250147577130797,-0.736220107210202,-0.6679308332270758,-0.5078007830046403,-0.6298000037255774,1.9845078999435277,-0.5896684618314822,1.7366819677269967,-0.5788898726408979,-0.5650320466312655
-0.6041952424231214,-0.3531793870428657,0.4850696453705693,-0.06524538242175558,1.0090408669826858,-0.4250147577130797,-0.736220107210202,1.497161008675925,-0.5078007830046403,-0.6298000037255774,-0.5039032598602688,-0.5896684618314822,-0.5758106657310548,1.7274442813069022,-0.5650320466312655
1.1319020447516768,-1.307267013281444,0.9571568914733132,-0.770600868062358,-0.9910401379383962,2.352859475705742,-0.736220107210202,-0.6679308332270758,1.9692762072618977,-0.6298000037255774,-0.5039032598602688,-0.5896684618314822,-0.5758106657310548,-0.5788898726408979,1.769811121266526
-1.3386979408432282,0.3623863326360679,-0.9311920929376625,-0.06524538242175558,-0.9910401379383962,2.352859475705742,-0.736220107210202,-0.6679308332270758,1.9692762072618977,-0.6298000037255774,-0.5039032598602688,-0.5896684618314822,-0.5758106657310548,1.7274442813069022,-0.5650320466312655
-0.07001146175395272,-0.30547500573093683,-1.1672357159890343,-0.770600868062358,-0.9910401379383962,2.352859475705742,-0.736220107210202,1.497161008675925,-0.5078007830046403,-0.6298000037255774,-0.5039032598602688,-0.5896684618314822,-0.5758106657310548,-0.5788898726408979,1.769811121266526
-1.205151995675936,0.839430145755357,0.7211132684219412,0.6401101032188468,1.0090408669826858,-0.4250147577130797,-0.736220107210202,-0.6679308332270758,-0.5078007830046403,1.5878056431954701,-0.5039032598602688,-0.5896684618314822,-0.5758106657310548,-0.5788898726408979,1.769811121266526
-1.5390168585941664,0.7440213831314992,1.4292441375760572,0.6401101032188468,-0.9910401379383962,2.352859475705742,-0.736220107210202,-0.6679308332270758,-0.5078007830046403,1.5878056431954701,-0.5039032598602688,1.6958682119339528,-0.5758106657310548,-0.5788898726408979,-0.5650320466312655
1.0651290721680307,0.5532038578837836,-0.22306122378354656,1.3454655888594491,-0.9910401379383962,2.352859475705742,-0.736220107210202,1.497161008675925,-0.5078007830046403,-0.6298000037255774,-0.5039032598602688,-0.5896684618314822,-0.5758106657310548,-0.5788898726408979,1.769811121266526
1.332220962502615,-1.4980845385291597,-0.22306122378354656,-0.770600868062358,-0.9910401379383962,2.352859475705742,-0.736220107210202,-0.6679308332270758,-0.5078007830046403,1.5878056431954701,-0.5039032598602688,1.6958682119339528,-0.5758106657310548,-0.5788898726408979,-0.5650320466312655
1.1986750173353227,0.5054994765718547,-1.4032793390404064,-0.770600868062358,1.0090408669826858,-0.4250147577130797,-0.736220107210202,-0.6679308332270758,-0.5078007830046403,-0.6298000037255774,1.9845078999435277,1.6958682119339528,-0.5758106657310548,-0.5788898726408979,-0.5650320466312655
0.7980371818334463,-0.782518818850226,0.7211132684219412,-0.06524538242175558,1.0090408669826858,-0.4250147577130797,-0.736220107210202,-0.6679308332270758,-0.5078007830046403,1.5878056431954701,-0.5039032598602688,-0.5896684618314822,-0.5758106657310548,-0.5788898726408979,1.769811121266526
0.597718264082508,0.9825432896911438,0.7211132684219412,-0.770600868062358,-0.9910401379383962,2.352859475705742,-0.736220107210202,1.497161008675925,-0.5078007830046403,-0.6298000037255774,-0.5039032598602688,1.6958682119339528,-0.5758106657310548,-0.5788898726408979,-0.5650320466312655
1.332220962502615,1.5072914841223617,-1.6393229620917782,1.3454655888594491,1.0090408669826858,-0.4250147577130797,-0.736220107210202,-0.6679308332270758,-0.5078007830046403,-0.6298000037255774,1.9845078999435277,-0.5896684618314822,-0.5758106657310548,-0.5788898726408979,1.769811121266526
0.597718264082508,0.07616004476449445,0.01298239926782539,1.3454655888594491,1.0090408669826858,-0.4250147577130797,-0.736220107210202,1.497161008675925,-0.5078007830046403,-0.6298000037255774,-0.5039032598602688,1.6958682119339528,-0.5758106657310548,-0.5788898726408979,-0.5650320466312655
1.1986750173353227,-0.3531793870428657,-0.9311920929376625,-0.770600868062358,1.0090408669826858,-0.4250147577130797,-0.736220107210202,-0.6679308332270758,-0.5078007830046403,1.5878056431954701,-0.5039032598602688,-0.5896684618314822,-0.5758106657310548,-0.5788898726408979,1.769811121266526
-1.0048330779249979,0.7440213831314992,-0.22306122378354656,1.3454655888594491,1.0090408669826858,-0.4250147577130797,-0.736220107210202,-0.6679308332270758,-0.5078007830046403,1.5878056431954701,-0.5039032598602688,-0.5896684618314822,-0.5758106657310548,1.7274442813069022,-0.5650320466312655
-0.20355740692124488,0.2192731887002812,1.4292441375760572,-0.770600868062358,1.0090408669826858,-0.4250147577130797,-0.736220107210202,-0.6679308332270758,1.9692762072618977,-0.6298000037255774,-0.5039032598602688,-0.5896684618314822,1.7366819677269967,-0.5788898726408979,-0.5650320466312655
0.9315831270007384,0.7440213831314992,0.7211132684219412,0.6401101032188468,1.0090408669826858,-0.4250147577130797,-0.736220107210202,-0.6679308332270758,-0.5078007830046403,1.5878056431954701,-0.5039032598602688,1.6958682119339528,-0.5758106657310548,-0.5788898726408979,-0.5650320466312655
0.9315831270007384,-1.402675775905302,0.4850696453705693,0.6401101032188468,1.0090408669826858,-0.4250147577130797,-0.736220107210202,-0.6679308332270758,1.9692762072618977,-0.6298000037255774,-0.5039032598602688,-0.5896684618314822,1.7366819677269967,-0.5788898726408979,-0.5650320466312655
-0.33710335208853703,0.314681951324139,-0.22306122378354656,-0.06524538242175558,-0.9910401379383962,2.352859475705742,-0.736220107210202,-0.6679308332270758,-0.5078007830046403,1.5878056431954701,-0.5039032598602688,-0.5896684618314822,-0.5758106657310548,1.7274442813069022,-0.5650320466312655
1.332220962502615,1.1733608149388595,0.7211132684219412,-0.770600868062358,-0.9910401379383962,2.352859475705742,-0.736220107210202,1.497161008675925,-0.5078007830046403,-0.6298000037255774,-0.5039032598602688,-0.5896684618314822,1.7366819677269967,-0.5788898726408979,-0.5650320466312655
1.0651290721680307,0.7917257644434281,-0.45910484683491853,-0.770600868062358,1.0090408669826858,-0.4250147577130797,-0.736220107210202,1.497161008675925,-0.5078007830046403,-0.6298000037255774,-0.5039032598602688,-0.5896684618314822,-0.5758106657310548,1.7274442813069022,-0.5650320466312655
0.7312642092498002,0.9825432896911438,-0.45910484683491853,1.3454655888594491,1.0090408669826858,-0.4250147577130797,-0.736220107210202,1.497161008675925,-0.5078007830046403,-0.6298000037255774,-0.5039032598602688,-0.5896684618314822,-0.5758106657310548,1.7274442813069022,-0.5650320466312655
1.4657669076699071,-0.30547500573093683,-0.22306122378354656,-0.06524538242175558,-0.9910401379383962,-0.4250147577130797,1.3582894438856787,-0.6679308332270758,-0.5078007830046403,-0.6298000037255774,1.9845078999435277,1.6958682119339528,-0.5758106657310548,-0.5788898726408979,-0.5650320466312655
-0.33710335208853703,-0.734814437538297,0.4850696453705693,-0.770600868062358,-0.9910401379383962,-0.4250147577130797,1.3582894438856787,1.497161008675925,-0.5078007830046403,-0.6298000037255774,-0.5039032598602688,-0.5896684618314822,1.7366819677269967,-0.5788898726408979,-0.5650320466312655
-1.1383790230922899,-0.06695309917129227,0.01298239926782539,-1.4759563537029603,-0.9910401379383962,-0.4250147577130797,1.3582894438856787,-0.6679308332270758,-0.5078007830046403,1.5878056431954701,-0.5039032598602688,-0.5896684618314822,1.7366819677269967,-0.5788898726408979,-0.5650320466312655
-0.9380601053413518,-1.6889020637768752,0.4850696453705693,-1.4759563537029603,1.0090408669826858,-0.4250147577130797,-0.736220107210202,1.497161008675925,-0.5078007830046403,-0.6298000037255774,-0.5039032598602688,-0.5896684618314822,-0.5758106657310548,1.7274442813069022,-0.5650320466312655
-0.27033037950489097,1.6504046280581486,-0.22306122378354656,0.6401101032188468,1.0090408669826858,-0.4250147577130797,-0.736220107210202,-0.6679308332270758,-0.5078007830046403,1.5878056431954701,-0.5039032598602688,-0.5896684618314822,-0.5758106657310548,-0.5788898726408979,1.769811121266526
-0.4038763246721831,-0.1623618617951501,1.1932005145246851,-1.4759563537029603,1.0090408669826858,-0.4250147577130797,-0.736220107210202,1.497161008675925,-0.5078007830046403,-0.6298000037255774,-0.5039032598602688,1.6958682119339528,-0.5758106657310548,-0.5788898726408979,-0.5650320466312655
1.2654479899189688,1.0779520523150017,1.665287760627429,1.3454655888594491,1.0090408669826858,-0.4250147577130797,-0.736220107210202,1.497161008675925,-0.5078007830046403,-0.6298000037255774,-0.5039032598602688,-0.5896684618314822,-0.5758106657310548,1.7274442813069022,-0.5650320466312655
1.5993128528371992,-0.6871100562263681,0.24902602231919735,1.3454655888594491,1.0090408669826858,-0.4250147577130797,-0.736220107210202,-0.6679308332270758,-0.5078007830046403,1.5878056431954701,-0.5039032598602688,-0.5896684618314822,1.7366819677269967,-0.5788898726408979,-0.5650320466312655
1.1986750173353227,-1.0687451067217995,1.4292441375760572,-0.06524538242175558,1.0090408669826858,-0.4250147577130797,-0.736220107210202,1.497161008675925,-0.5078007830046403,-0.6298000037255774,-0.5039032598602688,1.6958682119339528,-0.5758106657310548,-0.5788898726408979,-0.5650320466312655
-1.1383790230922899,-1.5457889198410886,-0.45910484683491853,0.6401101032188468,1.0090408669826858,-0.4250147577130797,-0.736220107210202,-0.6679308332270758,1.9692762072618977,-0.6298000037255774,-0.5039032598602688,-0.5896684618314822,-0.5758106657310548,1.7274442813069022,-0.5650320466312655
1.6660858254208453,-1.6411976824649464,-1.1672357159890343,1.3454655888594491,-0.9910401379383962,2.352859475705742,-0.736220107210202,1.497161008675925,-0.5078007830046403,-0.6298000037255774,-0.5039032598602688,-0.5896684618314822,-0.5758106657310548,1.7274442813069022,-0.5650320466312655
0.7980371818334463,0.07616004476449445,-1.4032793390404064,1.3454655888594491,-0.9910401379383962,2.352859475705742,-0.736220107210202,-0.6679308332270758,1.9692762072618977,-0.6298000037255774,-0.5039032598602688,-0.5896684618314822,-0.5758106657310548,-0.5788898726408979,1.769811121266526
1.6660858254208453,-1.4503801572172308,1.1932005145246851,0.6401101032188468,-0.9910401379383962,-0.4250147577130797,1.3582894438856787,-0.6679308332270758,-0.5078007830046403,1.5878056431954701,-0.5039032598602688,1.6958682119339528,-0.5758106657310548,-0.5788898726408979,-0.5650320466312655
-1.7393357763451047,-1.0210407254098706,0.9571568914733132,0.6401101032188468,1.0090408669826858,-0.4250147577130797,-0.736220107210202,1.497161008675925,-0.5078007830046403,-0.6298000037255774,-0.5039032598602688,-0.5896684618314822,1.7366819677269967,-0.5788898726408979,-0.5650320466312655
0.5309452914988619,0.5054994765718547,-0.9311920929376625,-0.06524538242175558,-0.9910401379383962,2.352859475705742,-0.736220107210202,-0.6679308332270758,-0.5078007830046403,1.5878056431954701,-0.5039032598602688,1.6958682119339528,-0.5758106657310548,-0.5788898726408979,-0.5650320466312655
-1.4054709134268744,1.5549958654342908,1.4292441375760572,1.3454655888594491,1.0090408669826858,-0.4250147577130797,-0.736220107210202,-0.6679308332270758,-0.5078007830046403,1.5878056431954701,-0.5039032598602688,-0.5896684618314822,1.7366819677269967,-0.5788898726408979,-0.5650320466312655
1.4657669076699071,0.9348389083792149,-0.45910484683491853,-0.06524538242175558,-0.9910401379383962,-0.4250147577130797,1.3582894438856787,-0.6679308332270758,-0.5078007830046403,-0.6298000037255774,1.9845078999435277,-0.5896684618314822,-0.5758106657310548,1.7274442813069022,-0.5650320466312655
1.2654479899189688,1.2687695775627172,-0.45910484683491853,1.3454655888594491,1.0090408669826858,-0.4250147577130797,-0.736220107210202,1.497161008675925,-0.5078007830046403,-0.6298000037255774,-0.5039032598602688,-0.5896684618314822,-0.5758106657310548,-0.5788898726408979,1.769811121266526
0.33062637374792375,-1.3549713945933728,0.24902602231919735,1.3454655888594491,1.0090408669826858,-0.4250147577130797,-0.736220107210202,1.497161008675925,-0.5078007830046403,-0.6298000037255774,-0.5039032598602688,-0.5896684618314822,-0.5758106657310548,-0.5788898726408979,1.769811121266526
-0.1367844343375988,0.45779509525992573,-0.9311920929376625,0.6401101032188468,-0.9910401379383962,-0.4250147577130797,1.3582894438856787,1.497161008675925,-0.5078007830046403,-0.6298000037255774,-0.5039032598602688,-0.5896684618314822,1.7366819677269967,-0.5788898726408979,-0.5650320466312655
0.9315831270007384,-0.9733363440979416,-0.6951484698862904,-0.06524538242175558,1.0090408669826858,-0.4250147577130797,-0.736220107210202,-0.6679308332270758,-0.5078007830046403,1.5878056431954701,-0.5039032598602688,-0.5896684618314822,-0.5758106657310548,1.7274442813069022,-0.5650320466312655
-1.7393357763451047,-0.5439969122905814,0.4850696453705693,0.6401101032188468,-0.9910401379383962,-0.4250147577130797,1.3582894438856787,-0.6679308332270758,1.9692762072618977,-0.6298000037255774,-0.5039032598602688,-0.5896684618314822,-0.5758106657310548,-0.5788898726408979,1.769811121266526
-1.6725628037614586,0.41009071394799684,0.7211132684219412,0.6401101032188468,-0.9910401379383962,-0.4250147577130797,1.3582894438856787,-0.6679308332270758,-0.5078007830046403,1.5878056431954701,-0.5039032598602688,1.6958682119339528,-0.5758106657310548,-0.5788898726408979,-0.5650320466312655
-0.33710335208853703,-0.6394056749144392,0.01298239926782539,-0.06524538242175558,1.0090408669826858,-0.4250147577130797,-0.736220107210202,-0.6679308332270758,-0.5078007830046403,1.5878056431954701,-0.5039032598602688,-0.5896684618314822,-0.5758106657310548,1.7274442813069022,-0.5650320466312655
-0.1367844343375988,1.2687695775627172,-1.1672357159890343,0.6401101032188468,-0.9910401379383962,-0.4250147577130797,1.3582894438856787,1.497161008675925,-0.5078007830046403,-0.6298000037255774,-0.5039032598602688,1.6958682119339528,-0.5758106657310548,-0.5788898726408979,-0.5650320466312655
-0.7377411875904135,-0.5917012936025103,0.9571568914733132,0.6401101032188468,1.0090408669826858,-0.4250147577130797,-0.736220107210202,-0.6679308332270758,-0.5078007830046403,-0.6298000037255774,1.9845078999435277,-0.5896684618314822,-0.5758106657310548,-0.5788898726408979,1.769811121266526
1.4657669076699071,0.9825432896911438,0.7211132684219412,-0.06524538242175558,-0.9910401379383962,2.352859475705742,-0.736220107210202,-0.6679308332270758,-0.5078007830046403,-0.6298000037255774,1.9845078999435277,1.6958682119339528,-0.5758106657310548,-0.5788898726408979,-0.5650320466312655
0.7312642092498002,-0.11465748048322119,0.01298239926782539,1.3454655888594491,1.0090408669826858,-0.4250147577130797,-0.736220107210202,-0.6679308332270758,-0.5078007830046403,1.5878056431954701,-0.5039032598602688,-0.5896684618314822,1.7366819677269967,-0.5788898726408979,-0.5650320466312655
-0.6709682150067674,0.9348389083792149,0.01298239926782539,1.3454655888594491,-0.9910401379383962,-0.4250147577130797,1.3582894438856787,-0.6679308332270758,-0.5078007830046403,-0.6298000037255774,1.9845078999435277,-0.5896684618314822,-0.5758106657310548,1.7274442813069022,-0.5650320466312655
0.7980371818334463,-0.9256319627860127,-1.6393229620917782,-0.06524538242175558,1.0090408669826858,-0.4250147577130797,-0.736220107210202,-0.6679308332270758,1.9692762072618977,-0.6298000037255774,-0.5039032598602688,1.6958682119339528,-0.5758106657310548,-0.5788898726408979,-0.5650320466312655
-0.6709682150067674,0.41009071394799684,0.7211132684219412,1.3454655888594491,1.0090408669826858,-0.4250147577130797,-0.736220107210202,-0.6679308332270758,-0.5078007830046403,1.5878056431954701,-0.5039032598602688,-0.5896684618314822,-0.5758106657310548,-0.5788898726408979,1.769811121266526
-0.7377411875904135,0.07616004476449445,-0.45910484683491853,-0.06524538242175558,1.0090408669826858,-0.4250147577130797,-0.736220107210202,1.497161008675925,-0.5078007830046403,-0.6298000037255774,-0.5039032598602688,-0.5896684618314822,-0.5758106657310548,1.7274442813069022,-0.5650320466312655
-0.9380601053413518,1.2210651962507884,1.665287760627429,1.3454655888594491,1.0090408669826858,-0.4250147577130797,-0.736220107210202,1.497161008675925,-0.5078007830046403,-0.6298000037255774,-0.5039032598602688,-0.5896684618314822,-0.5758106657310548,1.7274442813069022,-0.5650320466312655
0.46417231891521593,1.1733608149388595,0.24902602231919735,0.6401101032188468,1.0090408669826858,-0.4250147577130797,-0.736220107210202,-0.6679308332270758,-0.5078007830046403,-0.6298000037255774,1.9845078999435277,-0.5896684618314822,-0.5758106657310548,1.7274442813069022,-0.5650320466312655
-1.205151995675936,-0.21006624310707903,0.01298239926782539,1.3454655888594491,-0.9910401379383962,-0.4250147577130797,1.3582894438856787,1.497161008675925,-0.5078007830046403,-0.6298000037255774,-0.5039032598602688,-0.5896684618314822,1.7366819677269967,-0.5788898726408979,-0.5650320466312655
-1.4722438860105203,1.2210651962507884,-0.45910484683491853,-0.06524538242175558,1.0090408669826858,-0.4250147577130797,-0.736220107210202,1.497161008675925,-0.5078007830046403,-0.6298000037255774,-0.5039032598602688,1.6958682119339528,-0.5758106657310548,-0.5788898726408979,-0.5650320466312655
-0.07001146175395272,1.5072914841223617,0.24902602231919735,0.6401101032188468,1.0090408669826858,-0.4250147577130797,-0.736220107210202,1.497161008675925,-0.5078007830046403,-0.6298000037255774,-0.5039032598602688,-0.5896684618314822,-0.5758106657310548,1.7274442813069022,-0.5650320466312655
-0.9380601053413518,0.3623863326360679,0.24902602231919735,-1.4759563537029603,-0.9910401379383962,-0.4250147577130797,1.3582894438856787,-0.6679308332270758,1.9692762072618977,-0.6298000037255774,-0.5039032598602688,-0.5896684618314822,-0.5758106657310548,-0.5788898726408979,1.769811121266526
0.3973993463315698,0.2669775700122101,0.4850696453705693,1.3454655888594491,1.0090408669826858,-0.4250147577130797,-0.736220107210202,1.497161008675925,-0.5078007830046403,-0.6298000037255774,-0.5039032598602688,-0.5896684618314822,-0.5758106657310548,1.7274442813069022,-0.5650320466312655
-1.6725628037614586,0.8871345270672859,0.01298239926782539,-1.4759563537029603,1.0090408669826858,-0.4250147577130797,-0.736220107210202,-0.6679308332270758,-0.5078007830046403,1.5878056431954701,-0.5039032598602688,1.6958682119339528,-0.5758106657310548,-0.5788898726408979,-0.5650320466312655
0.9983560995843845,-0.25777062441900794,-0.9311920929376625,1.3454655888594491,-0.9910401379383962,-0.4250147577130797,1.3582894438856787,1.497161008675925,-0.5078007830046403,-0.6298000037255774,-0.5039032598602688,-0.5896684618314822,-0.5758106657310548,-0.5788898726408979,1.769811121266526
-0.9380601053413518,1.0302476710030728,-1.6393229620917782,-1.4759563537029603,-0.9910401379383962,-0.4250147577130797,1.3582894438856787,-0.6679308332270758,-0.5078007830046403,-0.6298000037255774,1.9845078999435277,-0.5896684618314822,1.7366819677269967,-0.5788898726408979,-0.5650320466312655
0.1970804285806316,0.2669775700122101,0.24902602231919735,0.6401101032188468,-0.9910401379383962,2.352859475705742,-0.736220107210202,-0.6679308332270758,1.9692762072618977,-0.6298000037255774,-0.5039032598602688,1.6958682119339528,-0.5758106657310548,-0.5788898726408979,-0.5650320466312655
-0.33710335208853703,-1.0210407254098706,0.01298239926782539,0.6401101032188468,-0.9910401379383962,2.352859475705742,-0.736220107210202,1.497161008675925,-0.5078007830046403,-0.6298000037255774,-0.5039032598602688,-0.5896684618314822,-0.5758106657310548,-0.5788898726408979,1.769811121266526
1.5993128528371992,-1.3549713945933728,-0.6951484698862904,0.6401101032188468,-0.9910401379383962,-0.4250147577130797,1.3582894438856787,-0.6679308332270758,-0.5078007830046403,-0.6298000037255774,1.9845078999435277,1.6958682119339528,-0.5758106657310548,-0.5788898726408979,-0.5650320466312655
-0.8712871327577056,0.7917257644434281,1.4292441375760572,-0.06524538242175558,1.0090408669826858,-0.4250147577130797,-0.736220107210202,-0.6679308332270758,-0.5078007830046403,-0.6298000037255774,1.9845078999435277,1.6958682119339528,-0.5758106657310548,-0.5788898726408979,-0.5650320466312655
0.1970804285806316,-0.1623618617951501,0.7211132684219412,0.6401101032188468,-0.9910401379383962,-0.4250147577130797,1.3582894438856787,1.497161008675925,-0.5078007830046403,-0.6298000037255774,-0.5039032598602688,1.6958682119339528,-0.5758106657310548,-0.5788898726408979,-0.5650320466312655
1.2654479899189688,-0.734814437538297,1.1932005145246851,-0.06524538242175558,1.0090408669826858,-0.4250147577130797,-0.736220107210202,-0.6679308332270758,1.9692762072618977,-0.6298000037255774,-0.5039032598602688,-0.5896684618314822,1.7366819677269967,-0.5788898726408979,-0.5650320466312655
-0.8045141601740596,1.5549958654342908,1.4292441375760572,-0.06524538242175558,-0.9910401379383962,2.352859475705742,-0.736220107210202,-0.6679308332270758,-0.5078007830046403,1.5878056431954701,-0.5039032598602688,-0.5896684618314822,-0.5758106657310548,-0.5788898726408979,1.769811121266526
0.9315831270007384,1.6027002467462197,0.9571568914733132,-0.06524538242175558,1.0090408669826858,-0.4250147577130797,-0.736220107210202,-0.6679308332270758,-0.5078007830046403,-0.6298000037255774,1.9845078999435277,-0.5896684618314822,-0.5758106657310548,1.7274442813069022,-0.5650320466312655
-0.5374222698394753,1.5072914841223617,-1.4032793390404064,-0.770600868062358,1.0090408669826858,-0.4250147577130797,-0.736220107210202,-0.6679308332270758,-0.5078007830046403,1.5878056431954701,-0.5039032598602688,-0.5896684618314822,-0.5758106657310548,-0.5788898726408979,1.769811121266526
-1.2719249682595821,0.839430145755357,0.01298239926782539,-0.770600868062358,-0.9910401379383962,2.352859475705742,-0.736220107210202,1.497161008675925,-0.5078007830046403,-0.6298000037255774,-0.5039032598602688,-0.5896684618314822,-0.5758106657310548,1.7274442813069022,-0.5650320466312655
1.1319020447516768,1.411882721498504,-1.4032793390404064,-1.4759563537029603,1.0090408669826858,-0.4250147577130797,-0.736220107210202,-0.6679308332270758,-0.5078007830046403,-0.6298000037255774,1.9845078999435277,1.6958682119339528,-0.5758106657310548,-0.5788898726408979,-0.5650320466312655
0.597718264082508,1.5549958654342908,1.1932005145246851,0.6401101032188468,1.0090408669826858,-0.4250147577130797,-0.736220107210202,-0.6679308332270758,-0.5078007830046403,-0.6298000037255774,1.9845078999435277,1.6958682119339528,-0.5758106657310548,-0.5788898726408979,-0.5650320466312655
1.5993128528371992,0.7917257644434281,1.665287760627429,1.3454655888594491,-0.9910401379383962,-0.4250147577130797,1.3582894438856787,-0.6679308332270758,-0.5078007830046403,1.5878056431954701,-0.5039032598602688,-0.5896684618314822,-0.5758106657310548,-0.5788898726408979,1.769811121266526
1.0651290721680307,1.411882721498504,-0.6951484698862904,-0.770600868062358,1.0090408669826858,-0.4250147577130797,-0.736220107210202,-0.6679308332270758,-0.5078007830046403,1.5878056431954701,-0.5039032598602688,-0.5896684618314822,1.7366819677269967,-0.5788898726408979,-0.5650320466312655
-0.4706492972558292,1.5072914841223617,0.4850696453705693,1.3454655888594491,1.0090408669826858,-0.4250147577130797,-0.736220107210202,-0.6679308332270758,1.9692762072618977,-0.6298000037255774,-0.5039032598602688,-0.5896684618314822,1.7366819677269967,-0.5788898726408979,-0.5650320466312655
-1.4054709134268744,0.5054994765718547,0.9571568914733132,0.6401101032188468,1.0090408669826858,-0.4250147577130797,-0.736220107210202,1.497161008675925,-0.5078007830046403,-0.6298000037255774,-0.5039032598602688,1.6958682119339528,-0.5758106657310548,-0.5788898726408979,-0.5650320466312655
-0.1367844343375988,-1.402675775905302,-1.6393229620917782,1.3454655888594491,-0.9910401379383962,-0.4250147577130797,1.3582894438856787,-0.6679308332270758,-0.5078007830046403,1.5878056431954701,-0.5039032598602688,1.6958682119339528,-0.5758106657310548,-0.5788898726408979,-0.5650320466312655
1.6660858254208453,-1.259562631969515,0.01298239926782539,-0.06524538242175558,-0.9910401379383962,-0.4250147577130797,1.3582894438856787,-0.6679308332270758,-0.5078007830046403,-0.6298000037255774,1.9845078999435277,-0.5896684618314822,-0.5758106657310548,1.7274442813069022,-0.5650320466312655
-0.4706492972558292,0.839430145755357,1.665287760627429,0.6401101032188468,1.0090408669826858,-0.4250147577130797,-0.736220107210202,-0.6679308332270758,-0.5078007830046403,-0.6298000037255774,1.9845078999435277,1.6958682119339528,-0.5758106657310548,-0.5788898726408979,-0.5650320466312655
0.8648101544170924,1.1256564336269306,1.665287760627429,-0.06524538242175558,-0.9910401379383962,-0.4250147577130797,1.3582894438856787,-0.6679308332270758,-0.5078007830046403,1.5878056431954701,-0.5039032598602688,1.6958682119339528,-0.5758106657310548,-0.5788898726408979,-0.5650320466312655
1.0651290721680307,-1.2118582506575861,-0.45910484683491853,0.6401101032188468,1.0090408669826858,-0.4250147577130797,-0.736220107210202,-0.6679308332270758,1.9692762072618977,-0.6298000037255774,-0.5039032598602688,1.6958682119339528,-0.5758106657310548,-0.5788898726408979,-0.5650320466312655
0.33062637374792375,-1.1164494880337283,-0.9311920929376625,-1.4759563537029603,-0.9910401379383962,-0.4250147577130797,1.3582894438856787,-0.6679308332270758,-0.5078007830046403,-0.6298000037255774,1.9845078999435277,-0.5896684618314822,-0.5758106657310548,-0.5788898726408979,1.769811121266526
0.5309452914988619,-1.259562631969515,1.1932005145246851,-0.770600868062358,1.0090408669826858,-0.4250147577130797,-0.736220107210202,1.497161008675925,-0.5078007830046403,-0.6298000037255774,-0.5039032598602688,-0.5896684618314822,-0.5758106657310548,-0.5788898726408979,1.769811121266526
-0.4038763246721831,-1.1641538693456572,-1.1672357159890343,1.3454655888594491,1.0090408669826858,-0.4250147577130797,-0.736220107210202,-0.6679308332270758,-0.5078007830046403,1.5878056431954701,-0.5039032598602688,-0.5896684618314822,-0.5758106657310548,1.7274442813069022,-0.5650320466312655
0.06353448341333943,0.6009082391957125,-0.6951484698862904,1.3454655888594491,1.0090408669826858,-0.4250147577130797,-0.736220107210202,-0.6679308332270758,-0.5078007830046403,1.5878056431954701,-0.5039032598602688,1.6958682119339528,-0.5758106657310548,-0.5788898726408979,-0.5650320466312655
0.597718264082508,-1.0210407254098706,0.9571568914733132,1.3454655888594491,-0.9910401379383962,-0.4250147577130797,1.3582894438856787,1.497161008675925,-0.5078007830046403,-0.6298000037255774,-0.5039032598602688,-0.5896684618314822,1.7366819677269967,-0.5788898726408979,-0.5650320466312655
-1.4054709134268744,0.6963170018195703,-0.6951484698862904,0.6401101032188468,-0.9910401379383962,-0.4250147577130797,1.3582894438856787,-0.6679308332270758,-0.5078007830046403,-0.6298000037255774,1.9845078999435277,-0.5896684618314822,1.7366819677269967,-0.5788898726408979,-0.5650320466312655
0.9983560995843845,-0.734814437538297,-0.22306122378354656,-0.06524538242175558,1.0090408669826858,-0.4250147577130797,-0.736220107210202,-0.6679308332270758,-0.5078007830046403,1.5878056431954701,-0.5039032598602688,1.6958682119339528,-0.5758106657310548,-0.5788898726408979,-0.5650320466312655
1.6660858254208453,1.411882721498504,1.665287760627429,1.3454655888594491,1.0090408669826858,-0.4250147577130797,-0.736220107210202,-0.6679308332270758,-0.5078007830046403,-0.6298000037255774,1.9845078999435277,-0.5896684618314822,-0.5758106657310548,1.7274442813069022,-0.5650320466312655
-1.071606050508644,-0.782518818850226,0.4850696453705693,0.6401101032188468,-0.9910401379383962,-0.4250147577130797,1.3582894438856787,-0.6679308332270758,-0.5078007830046403,-0.6298000037255774,1.9845078999435277,-0.5896684618314822,1.7366819677269967,-0.5788898726408979,-0.5650320466312655
-0.1367844343375988,-0.5439969122905814,1.4292441375760572,0.6401101032188468,-0.9910401379383962,2.352859475705742,-0.736220107210202,-0.6679308332270758,-0.5078007830046403,-0.6298000037255774,1.9845078999435277,-0.5896684618314822,1.7366819677269967,-0.5788898726408979,-0.5650320466312655
1.0651290721680307,0.6009082391957125,-0.9311920929376625,-0.06524538242175558,-0.9910401379383962,-0.4250147577130797,1.3582894438856787,-0.6679308332270758,-0.5078007830046403,-0.6298000037255774,1.9845078999435277,-0.5896684618314822,1.7366819677269967,-0.5788898726408979,-0.5650320466312655
0.9315831270007384,-0.734814437538297,1.4292441375760572,0.6401101032188468,1.0090408669826858,-0.4250147577130797,-0.736220107210202,1.497161008675925,-0.5078007830046403,-0.6298000037255774,-0.5039032598602688,-0.5896684618314822,1.7366819677269967,-0.5788898726408979,-0.5650320466312655
-0.0032384891703066414,-0.06695309917129227,-1.6393229620917782,0.6401101032188468,1.0090408669826858,-0.4250147577130797,-0.736220107210202,-0.6679308332270758,1.9692762072618977,-0.6298000037255774,-0.5039032598602688,-0.5896684618314822,-0.5758106657310548,-0.5788898726408979,1.769811121266526
0.5309452914988619,0.839430145755357,-0.6951484698862904,-0.06524538242175558,-0.9910401379383962,-0.4250147577130797,1.3582894438856787,-0.6679308332270758,-0.5078007830046403,-0.6298000037255774,1.9845078999435277,-0.5896684618314822,-0.5758106657310548,-0.5788898726408979,1.769811121266526
0.597718264082508,1.6027002467462197,-1.4032793390404064,1.3454655888594491,-0.9910401379383962,-0.4250147577130797,1.3582894438856787,-0.6679308332270758,-0.5078007830046403,1.5878056431954701,-0.5039032598602688,1.6958682119339528,-0.5758106657310548,-0.5788898726408979,-0.5650320466312655
-1.071606050508644,-1.6889020637768752,-1.1672357159890343,0.6401101032188468,-0.9910401379383962,2.352859475705742,-0.736220107210202,-0.6679308332270758,1.9692762072618977,-0.6298000037255774,-0.5039032598602688,-0.5896684618314822,-0.5758106657310548,1.7274442813069022,-0.5650320466312655
1.1986750173353227,-1.1641538693456572,-0.45910484683491853,1.3454655888594491,-0.9910401379383962,-0.4250147577130797,1.3582894438856787,-0.6679308332270758,-0.5078007830046403,-0.6298000037255774,1.9845078999435277,1.6958682119339528,-0.5758106657310548,-0.5788898726408979,-0.5650320466312655
-0.33710335208853703,0.5054994765718547,0.4850696453705693,-1.4759563537029603,1.0090408669826858,-0.4250147577130797,-0.736220107210202,1.497161008675925,-0.5078007830046403,-0.6298000037255774,-0.5039032598602688,-0.5896684618314822,1.7366819677269967,-0.5788898726408979,-0.5650320466312655
-1.1383790230922899,1.1733608149388595,1.1932005145246851,-0.06524538242175558,-0.9910401379383962,-0.4250147577130797,1.3582894438856787,1.497161008675925,-0.5078007830046403,-0.6298000037255774,-0.5039032598602688,-0.5896684618314822,-0.5758106657310548,-0.5788898726408979,1.769811121266526
0.7980371818334463,-0.8302232001621549,-0.6951484698862904,0.6401101032188468,1.0090408669826858,-0.4250147577130797,-0.736220107210202,-0.6679308332270758,1.9692762072618977,-0.6298000037255774,-0.5039032598602688,-0.5896684618314822,1.7366819677269967,-0.5788898726408979,-0.5650320466312655
-0.5374222698394753,0.839430145755357,0.01298239926782539,0.6401101032188468,-0.9910401379383962,-0.4250147577130797,1.3582894438856787,-0.6679308332270758,-0.5078007830046403,1.5878056431954701,-0.5039032598602688,-0.5896684618314822,1.7366819677269967,-0.5788898726408979,-0.5650320466312655
0.1970804285806316,-0.6394056749144392,1.665287760627429,-1.4759563537029603,-0.9910401379383962,-0.4250147577130797,1.3582894438856787,-0.6679308332270758,-0.5078007830046403,-0.6298000037255774,1.9845078999435277,-0.5896684618314822,1.7366819677269967,-0.5788898726408979,-0.5650320466312655
-1.6057898311778125,0.6486126205076413,0.9571568914733132,0.6401101032188468,1.0090408669826858,-0.4250147577130797,-0.736220107210202,-0.6679308332270758,1.9692762072618977,-0.6298000037255774,-0.5039032598602688,-0.5896684618314822,-0.5758106657310548,1.7274442813069022,-0.5650320466312655
-0.07001146175395272,0.5054994765718547,0.9571568914733132,0.6401101032188468,-0.9910401379383962,-0.4250147577130797,1.3582894438856787,-0.6679308332270758,-0.5078007830046403,-0.6298000037255774,1.9845078999435277,-0.5896684618314822,1.7366819677269967,-0.5788898726408979,-0.5650320466312655
0.6644912366661542,-1.259562631969515,0.4850696453705693,-0.06524538242175558,-0.9910401379383962,-0.4250147577130797,1.3582894438856787,1.497161008675925,-0.5078007830046403,-0.6298000037255774,-0.5039032598602688,-0.5896684618314822,1.7366819677269967,-0.5788898726408979,-0.5650320466312655
-0.0032384891703066414,0.6486126205076413,1.665287760627429,1.3454655888594491,1.0090408669826858,-0.4250147577130797,-0.736220107210202,-0.6679308332270758,1.9692762072618977,-0.6298000037255774,-0.5039032598602688,1.6958682119339528,-0.5758106657310548,-0.5788898726408979,-0.5650320466312655
-0.27033037950489097,-1.307267013281444,0.24902602231919735,1.3454655888594491,-0.9910401379383962,-0.4250147577130797,1.3582894438856787,-0.6679308332270758,-0.5078007830046403,1.5878056431954701,-0.5039032598602688,1.6958682119339528,-0.5758106657310548,-0.5788898726408979,-0.5650320466312655
1.0651290721680307,0.5532038578837836,1.4292441375760572,0.6401101032188468,1.0090408669826858,-0.4250147577130797,-0.736220107210202,1.497161008675925,-0.5078007830046403,-0.6298000037255774,-0.5039032598602688,-0.5896684618314822,-0.5758106657310548,-0.5788898726408979,1.769811121266526
-0.6041952424231214,-0.782518818850226,1.665287760627429,-1.4759563537029603,1.0090408669826858,-0.4250147577130797,-0.736220107210202,-0.6679308332270758,1.9692762072618977,-0.6298000037255774,-0.5039032598602688,-0.5896684618314822,1.7366819677269967,-0.5788898726408979,-0.5650320466312655
0.9983560995843845,-0.8779275814740838,-0.9311920929376625,-0.06524538242175558,1.0090408669826858,-0.4250147577130797,-0.736220107210202,-0.6679308332270758,-0.5078007830046403,1.5878056431954701,-0.5039032598602688,-0.5896684618314822,-0.5758106657310548,1.7274442813069022,-0.5650320466312655
0.1303074559969855,0.8871345270672859,0.24902602231919735,-1.4759563537029603,-0.9910401379383962,2.352859475705742,-0.736220107210202,1.497161008675925,-0.5078007830046403,-0.6298000037255774,-0.5039032598602688,-0.5896684618314822,1.7366819677269967,-0.5788898726408979,-0.5650320466312655
-0.4038763246721831,-1.3549713945933728,-0.45910484683491853,-1.4759563537029603,-0.9910401379383962,-0.4250147577130797,1.3582894438856787,1.497161008675925,-0.5078007830046403,-0.6298000037255774,-0.5039032598602688,-0.5896684618314822,-0.5758106657310548,1.7274442813069022,-0.5650320466312655
0.9315831270007384,0.6486126205076413,-0.45910484683491853,0.6401101032188468,-0.9910401379383962,-0.4250147577130797,1.3582894438856787,-0.6679308332270758,1.9692762072618977,-0.6298000037255774,-0.5039032598602688,-0.5896684618314822,-0.5758106657310548,-0.5788898726408979,1.769811121266526
-0.6709682150067674,0.6009082391957125,-0.9311920929376625,-1.4759563537029603,-0.9910401379383962,-0.4250147577130797,1.3582894438856787,-0.6679308332270758,-0.5078007830046403,-0.6298000037255774,1.9845078999435277,-0.5896684618314822,-0.5758106657310548,-0.5788898726408979,1.769811121266526
0.33062637374792375,0.7440213831314992,-0.6951484698862904,1.3454655888594491,-0.9910401379383962,-0.4250147577130797,1.3582894438856787,-0.6679308332270758,-0.5078007830046403,-0.6298000037255774,1.9845078999435277,1.6958682119339528,-0.5758106657310548,-0.5788898726408979,-0.5650320466312655
0.3973993463315698,-0.6394056749144392,-0.22306122378354656,-0.770600868062358,-0.9910401379383962,2.352859475705742,-0.736220107210202,-0.6679308332270758,1.9692762072618977,-0.6298000037255774,-0.5039032598602688,1.6958682119339528,-0.5758106657310548,-0.5788898726408979,-0.5650320466312655
-1.0048330779249979,-1.5457889198410886,1.4292441375760572,-1.4759563537029603,1.0090408669826858,-0.4250147577130797,-0.736220107210202,1.497161008675925,-0.5078007830046403,-0.6298000037255774,-0.5039032598602688,-0.5896684618314822,-0.5758106657310548,1.7274442813069022,-0.5650320466312655
1.5993128528371992,-0.6394056749144392,-0.22306122378354656,0.6401101032188468,1.0090408669826858,-0.4250147577130797,-0.736220107210202,-0.6679308332270758,-0.5078007830046403,-0.6298000037255774,1.9845078999435277,-0.5896684618314822,-0.5758106657310548,1.7274442813069022,-0.5650320466312655
0.33062637374792375,1.6981090093700775,-0.6951484698862904,1.3454655888594491,1.0090408669826858,-0.4250147577130797,-0.736220107210202,-0.6679308332270758,1.9692762072618977,-0.6298000037255774,-0.5039032598602688,-0.5896684618314822,-0.5758106657310548,-0.5788898726408979,1.769811121266526
-1.205151995675936,-1.4503801572172308,0.01298239926782539,1.3454655888594491,-0.9910401379383962,-0.4250147577130797,1.3582894438856787,1.497161008675925,-0.5078007830046403,-0.6298000037255774,-0.5039032598602688,-0.5896684618314822,-0.5758106657310548,1.7274442813069022,-0.5650320466312655
-0.07001146175395272,-1.4503801572172308,1.665287760627429,0.6401101032188468,1.0090408669826858,-0.4250147577130797,-0.736220107210202,-0.6679308332270758,-0.5078007830046403,1.5878056431954701,-0.5039032598602688,-0.5896684618314822,1.7366819677269967,-0.5788898726408979,-0.5650320466312655
0.1303074559969855,-0.30547500573093683,0.7211132684219412,-0.770600868062358,-0.9910401379383962,-0.4250147577130797,1.3582894438856787,-0.6679308332270758,-0.5078007830046403,1.5878056431954701,-0.5039032598602688,1.6958682119339528,-0.5758106657310548,-0.5788898726408979,-0.5650320466312655
-0.0032384891703066414,-1.402675775905302,-1.4032793390404064,-0.06524538242175558,1.0090408669826858,-0.4250147577130797,-0.736220107210202,1.497161008675925,-0.5078007830046403,-0.6298000037255774,-0.5039032598602688,-0.5896684618314822,-0.5758106657310548,-0.5788898726408979,1.769811121266526
1.398993935086261,1.411882721498504,-0.9311920929376625,1.3454655888594491,-0.9910401379383962,-0.4250147577130797,1.3582894438856787,-0.6679308332270758,-0.5078007830046403,-0.6298000037255774,1.9845078999435277,-0.5896684618314822,-0.5758106657310548,1.7274442813069022,-0.5650320466312655
0.7980371818334463,0.12386442607642337,-0.22306122378354656,1.3454655888594491,1.0090408669826858,-0.4250147577130797,-0.736220107210202,-0.6679308332270758,-0.5078007830046403,1.5878056431954701,-0.5039032598602688,-0.5896684618314822,-0.5758106657310548,-0.5788898726408979,1.769811121266526
1.1986750173353227,0.45779509525992573,1.665287760627429,-0.06524538242175558,1.0090408669826858,-0.4250147577130797,-0.736220107210202,-0.6679308332270758,1.9692762072618977,-0.6298000037255774,-0.5039032598602688,1.6958682119339528,-0.5758106657310548,-0.5788898726408979,-0.5650320466312655
0.06353448341333943,-1.4503801572172308,-0.45910484683491853,0.6401101032188468,-0.9910401379383962,2.352859475705742,-0.736220107210202,1.497161008675925,-0.5078007830046403,-0.6298000037255774,-0.5039032598602688,-0.5896684618314822,1.7366819677269967,-0.5788898726408979,-0.5650320466312655
-0.4706492972558292,-0.8779275814740838,1.1932005145246851,1.3454655888594491,-0.9910401379383962,-0.4250147577130797,1.3582894438856787,1.497161008675925,-0.5078007830046403,-0.6298000037255774,-0.5039032598602688,-0.5896684618314822,-0.5758106657310548,1.7274442813069022,-0.5650320466312655
-1.2719249682595821,0.6486126205076413,-0.9311920929376625,-0.06524538242175558,-0.9910401379383962,2.352859475705742,-0.736220107210202,1.497161008675925,-0.5078007830046403,-0.6298000037255774,-0.5039032598602688,-0.5896684618314822,-0.5758106657310548,-0.5788898726408979,1.769811121266526
0.7980371818334463,-1.6411976824649464,1.1932005145246851,-1.4759563537029603,-0.9910401379383962,2.352859475705742,-0.736220107210202,-0.6679308332270758,-0.5078007830046403,-0.6298000037255774,1.9845078999435277,1.6958682119339528,-0.5758106657310548,-0.5788898726408979,-0.5650320466312655
-1.6725628037614586,-0.5439969122905814,1.665287760627429,-0.770600868062358,1.0090408669826858,-0.4250147577130797,-0.736220107210202,-0.6679308332270758,-0.5078007830046403,1.5878056431954701,-0.5039032598602688,-0.5896684618314822,1.7366819677269967,-0.5788898726408979,-0.5650320466312655
-1.3386979408432282,0.028455663452565543,0.01298239926782539,-0.06524538242175558,1.0090408669826858,-0.4250147577130797,-0.736220107210202,1.497161008675925,-0.5078007830046403,-0.6298000037255774,-0.5039032598602688,-0.5896684618314822,-0.5758106657310548,1.7274442813069022,-0.5650320466312655
-0.9380601053413518,-1.4503801572172308,-0.6951484698862904,0.6401101032188468,1.0090408669826858,-0.4250147577130797,-0.736220107210202,-0.6679308332270758,-0.5078007830046403,1.5878056431954701,-0.5039032598602688,-0.5896684618314822,-0.5758106657310548,-0.5788898726408979,1.769811121266526
0.8648101544170924,0.3623863326360679,-1.4032793390404064,-0.06524538242175558,1.0090408669826858,-0.4250147577130797,-0.736220107210202,-0.6679308332270758,-0.5078007830046403,-0.6298000037255774,1.9845078999435277,-0.5896684618314822,1.7366819677269967,-0.5788898726408979,-0.5650320466312655
0.2638534011642777,0.7917257644434281,0.4850696453705693,1.3454655888594491,-0.9910401379383962,2.352859475705742,-0.736220107210202,1.497161008675925,-0.5078007830046403,-0.6298000037255774,-0.5039032598602688,1.6958682119339528,-0.5758106657310548,-0.5788898726408979,-0.5650320466312655
-0.4038763246721831,-0.8779275814740838,-0.6951484698862904,0.6401101032188468,1.0090408669826858,-0.4250147577130797,-0.736220107210202,-0.6679308332270758,-0.5078007830046403,1.5878056431954701,-0.5039032598602688,1.6958682119339528,-0.5758106657310548,-0.5788898726408979,-0.5650320466312655
-1.4722438860105203,-0.5917012936025103,0.24902602231919735,1.3454655888594491,1.0090408669826858,-0.4250147577130797,-0.736220107210202,1.497161008675925,-0.5078007830046403,-0.6298000037255774,-0.5039032598602688,-0.5896684618314822,-0.5758106657310548,1.7274442813069022,-0.5650320466312655
0.5309452914988619,-0.5917012936025103,-1.6393229620917782,0.6401101032188468,-0.9910401379383962,-0.4250147577130797,1.3582894438856787,-0.6679308332270758,-0.5078007830046403,1.5878056431954701,-0.5039032598602688,-0.5896684618314822,1.7366819677269967,-0.5788898726408979,-0.5650320466312655
-0.6041952424231214,1.5072914841223617,0.7211132684219412,-0.06524538242175558,-0.9910401379383962,2.352859475705742,-0.736220107210202,-0.6679308332270758,-0.5078007830046403,-0.6298000037255774,1.9845078999435277,1.6958682119339528,-0.5758106657310548,-0.5788898726408979,-0.5650320466312655
1.0651290721680307,-1.1164494880337283,0.24902602231919735,-1.4759563537029603,-0.9910401379383962,-0.4250147577130797,1.3582894438856787,-0.6679308332270758,-0.5078007830046403,-0.6298000037255774,1.9845078999435277,-0.5896684618314822,-0.5758106657310548,-0.5788898726408979,1.769811121266526
1.0651290721680307,-1.4980845385291597,1.665287760627429,0.6401101032188468,1.0090408669826858,-0.4250147577130797,-0.736220107210202,-0.6679308332270758,-0.5078007830046403,1.5878056431954701,-0.5039032598602688,1.6958682119339528,-0.5758106657310548,-0.5788898726408979,-0.5650320466312655
-0.33710335208853703,1.364178340186575,1.4292441375760572,-1.4759563537029603,-0.9910401379383962,-0.4250147577130797,1.3582894438856787,1.497161008675925,-0.5078007830046403,-0.6298000037255774,-0.5039032598602688,-0.5896684618314822,-0.5758106657310548,-0.5788898726408979,1.769811121266526
-1.4722438860105203,0.8871345270672859,-1.1672357159890343,0.6401101032188468,1.0090408669826858,-0.4250147577130797,-0.736220107210202,1.497161008675925,-0.5078007830046403,-0.6298000037255774,-0.5039032598602688,1.6958682119339528,-0.5758106657310548,-0.5788898726408979,-0.5650320466312655
0.8648101544170924,-0.8779275814740838,1.4292441375760572,-1.4759563537029603,1.0090408669826858,-0.4250147577130797,-0.736220107210202,-0.6679308332270758,1.9692762072618977,-0.6298000037255774,-0.5039032598602688,-0.5896684618314822,-0.5758106657310548,-0.5788898726408979,1.769811121266526
0.7312642092498002,1.1733608149388595,0.4850696453705693,0.6401101032188468,-0.9910401379383962,2.352859475705742,-0.736220107210202,1.497161008675925,-0.5078007830046403,-0.6298000037255774,-0.5039032598602688,-0.5896684618314822,-0.5758106657310548,-0.5788898726408979,1.769811121266526
-1.4054709134268744,1.0302476710030728,1.1932005145246851,-0.770600868062358,-0.9910401379383962,-0.4250147577130797,1.3582894438856787,-0.6679308332270758,-0.5078007830046403,1.5878056431954701,-0.5039032598602688,-0.5896684618314822,1.7366819677269967,-0.5788898726408979,-0.5650320466312655
1.4657669076699071,0.5054994765718547,-0.22306122378354656,1.3454655888594491,1.0090408669826858,-0.4250147577130797,-0.736220107210202,1.497161008675925,-0.5078007830046403,-0.6298000037255774,-0.5039032598602688,1.6958682119339528,-0.5758106657310548,-0.5788898726408979,-0.5650320466312655
1.398993935086261,-1.2118582506575861,0.7211132684219412,-0.770600868062358,1.0090408669826858,-0.4250147577130797,-0.736220107210202,1.497161008675925,-0.5078007830046403,-0.6298000037255774,-0.5039032598602688,-0.5896684618314822,-0.5758106657310548,1.7274442813069022,-0.5650320466312655
0.7980371818334463,-0.6394056749144392,0.9571568914733132,1.3454655888594491,-0.9910401379383962,-0.4250147577130797,1.3582894438856787,1.497161008675925,-0.5078007830046403,-0.6298000037255774,-0.5039032598602688,-0.5896684618314822,-0.5758106657310548,-0.5788898726408979,1.769811121266526
-0.4038763246721831,-0.06695309917129227,0.4850696453705693,0.6401101032188468,1.0090408669826858,-0.4250147577130797,-0.736220107210202,-0.6679308332270758,-0.5078007830046403,-0.6298000037255774,1.9845078999435277,-0.5896684618314822,-0.5758106657310548,-0.5788898726408979,1.769811121266526
1.5325398802535533,-0.019248717859363367,1.4292441375760572,-1.4759563537029603,-0.9910401379383962,-0.4250147577130797,1.3582894438856787,1.497161008675925,-0.5078007830046403,-0.6298000037255774,-0.5039032598602688,1.6958682119339528,-0.5758106657310548,-0.5788898726408979,-0.5650320466312655
-1.5390168585941664,1.5549958654342908,-0.22306122378354656,0.6401101032188468,1.0090408669826858,-0.4250147577130797,-0.736220107210202,-0.6679308332270758,-0.5078007830046403,1.5878056431954701,-0.5039032598602688,1.6958682119339528,-0.5758106657310548,-0.5788898726408979,-0.5650320466312655
-0.20355740692124488,1.4595871028104328,1.665287760627429,-0.06524538242175558,-0.9910401379383962,-0.4250147577130797,1.3582894438856787,1.497161008675925,-0.5078007830046403,-0.6298000037255774,-0.5039032598602688,-0.5896684618314822,-0.5758106657310548,-0.5788898726408979,1.769811121266526
0.1303074559969855,-0.5439969122905814,0.24902602231919735,-0.06524538242175558,1.0090408669826858,-0.4250147577130797,-0.736220107210202,1.497161008675925,-0.5078007830046403,-0.6298000037255774,-0.5039032598602688,1.6958682119339528,-0.5758106657310548,-0.5788898726408979,-0.5650320466312655
0.3973993463315698,1.2687695775627172,0.01298239926782539,0.6401101032188468,-0.9910401379383962,-0.4250147577130797,1.3582894438856787,-0.6679308332270758,-0.5078007830046403,1.5878056431954701,-0.5039032598602688,-0.5896684618314822,-0.5758106657310548,-0.5788898726408979,1.769811121266526
-0.9380601053413518,-0.3531793870428657,1.1932005145246851,-0.06524538242175558,1.0090408669826858,-0.4250147577130797,-0.736220107210202,-0.6679308332270758,-0.5078007830046403,1.5878056431954701,-0.5039032598602688,-0.5896684618314822,-0.5758106657310548,1.7274442813069022,-0.5650320466312655
0.597718264082508,0.5054994765718547,1.665287760627429,0.6401101032188468,1.0090408669826858,-0.4250147577130797,-0.736220107210202,-0.6679308332270758,-0.5078007830046403,-0.6298000037255774,1.9845078999435277,-0.5896684618314822,-0.5758106657310548,1.7274442813069022,-0.5650320466312655
0.46417231891521593,1.5549958654342908,-0.22306122378354656,-1.4759563537029603,-0.9910401379383962,-0.4250147577130797,1.3582894438856787,-0.6679308332270758,-0.5078007830046403,1.5878056431954701,-0.5039032598602688,-0.5896684618314822,-0.5758106657310548,-0.5788898726408979,1.769811121266526
1.5993128528371992,1.6504046280581486,1.1932005145246851,1.3454655888594491,-0.9910401379383962,2.352859475705742,-0.736220107210202,-0.6679308332270758,-0.5078007830046403,1.5878056431954701,-0.5039032598602688,-0.5896684618314822,-0.5758106657310548,-0.5788898726408979,1.769811121266526
1.1319020447516768,0.45779509525992573,0.4850696453705693,1.3454655888594491,-0.9910401379383962,2.352859475705742,-0.736220107210202,1.497161008675925,-0.5078007830046403,-0.6298000037255774,-0.5039032598602688,-0.5896684618314822,-0.5758106657310548,-0.5788898726408979,1.769811121266526
-1.4054709134268744,-0.21006624310707903,-1.6393229620917782,-0.06524538242175558,-0.9910401379383962,2.352859475705742,-0.736220107210202,-0.6679308332270758,1.9692762072618977,-0.6298000037255774,-0.5039032598602688,-0.5896684618314822,1.7366819677269967,-0.5788898726408979,-0.5650320466312655
0.1970804285806316,-1.6411976824649464,-0.45910484683491853,-0.06524538242175558,1.0090408669826858,-0.4250147577130797,-0.736220107210202,1.497161008675925,-0.5078007830046403,-0.6298000037255774,-0.5039032598602688,-0.5896684618314822,1.7366819677269967,-0.5788898726408979,-0.5650320466312655
-1.205151995675936,-0.782518818850226,1.665287760627429,0.6401101032188468,1.0090408669826858,-0.4250147577130797,-0.736220107210202,-0.6679308332270758,-0.5078007830046403,-0.6298000037255774,1.9845078999435277,-0.5896684618314822,1.7366819677269967,-0.5788898726408979,-0.5650320466312655
1.398993935086261,-0.5439969122905814,-1.6393229620917782,1.3454655888594491,1.0090408669826858,-0.4250147577130797,-0.736220107210202,-0.6679308332270758,-0.5078007830046403,-0.6298000037255774,1.9845078999435277,-0.5896684618314822,-0.5758106657310548,-0.5788898726408979,1.769811121266526
1.398993935086261,-1.259562631969515,1.1932005145246851,-1.4759563537029603,1.0090408669826858,-0.4250147577130797,-0.736220107210202,-0.6679308332270758,-0.5078007830046403,-0.6298000037255774,1.9845078999435277,-0.5896684618314822,-0.5758106657310548,1.7274442813069022,-0.5650320466312655
0.9983560995843845,-0.40088376835479467,-1.4032793390404064,1.3454655888594491,1.0090408669826858,-0.4250147577130797,-0.736220107210202,1.497161008675925,-0.5078007830046403,-0.6298000037255774,-0.5039032598602688,-0.5896684618314822,-0.5758106657310548,1.7274442813069022,-0.5650320466312655
-0.8712871327577056,-1.5457889198410886,-0.9311920929376625,-1.4759563537029603,1.0090408669826858,-0.4250147577130797,-0.736220107210202,-0.6679308332270758,-0.5078007830046403,-0.6298000037255774,1.9845078999435277,1.6958682119339528,-0.5758106657310548,-0.5788898726408979,-0.5650320466312655
0.33062637374792375,-0.9256319627860127,-0.9311920929376625,-0.06524538242175558,-0.9910401379383962,2.352859475705742,-0.736220107210202,-0.6679308332270758,-0.5078007830046403,1.5878056431954701,-0.5039032598602688,1.6958682119339528,-0.5758106657310548,-0.5788898726408979,-0.5650320466312655
-1.7393357763451047,0.41009071394799684,-0.22306122378354656,0.6401101032188468,1.0090408669826858,-0.4250147577130797,-0.736220107210202,-0.6679308332270758,-0.5078007830046403,1.5878056431954701,-0.5039032598602688,-0.5896684618314822,1.7366819677269967,-0.5788898726408979,-0.5650320466312655
-0.07001146175395272,-0.9256319627860127,0.24902602231919735,-0.770600868062358,-0.9910401379383962,-0.4250147577130797,1.3582894438856787,1.497161008675925,-0.5078007830046403,-0.6298000037255774,-0.5039032598602688,-0.5896684618314822,1.7366819677269967,-0.5788898726408979,-0.5650320466312655
0.5309452914988619,-0.6871100562263681,-1.4032793390404064,-0.770600868062358,1.0090408669826858,-0.4250147577130797,-0.736220107210202,-0.6679308332270758,-0.5078007830046403,-0.6298000037255774,1.9845078999435277,-0.5896684618314822,-0.5758106657310548,1.7274442813069022,-0.5650320466312655
-0.6041952424231214,1.411882721498504,-1.6393229620917782,1.3454655888594491,1.0090408669826858,-0.4250147577130797,-0.736220107210202,-0.6679308332270758,-0.5078007830046403,1.5878056431954701,-0.5039032598602688,-0.5896684618314822,1.7366819677269967,-0.5788898726408979,-0.5650320466312655
-1.205151995675936,0.314681951324139,1.4292441375760572,-0.770600868062358,-0.9910401379383962,-0.4250147577130797,1.3582894438856787,1.497161008675925,-0.5078007830046403,-0.6298000037255774,-0.5039032598602688,-0.5896684618314822,1.7366819677269967,-0.5788898726408979,-0.5650320466312655
0.6644912366661542,1.5549958654342908,-1.6393229620917782,-0.770600868062358,-0.9910401379383962,2.352859475705742,-0.736220107210202,-0.6679308332270758,-0.5078007830046403,-0.6298000037255774,1.9845078999435277,1.6958682119339528,-0.5758106657310548,-0.5788898726408979,-0.5650320466312655
-0.0032384891703066414,-1.6411976824649464,-0.6951484698862904,-1.4759563537029603,-0.9910401379383962,2.352859475705742,-0.736220107210202,-0.6679308332270758,1.9692762072618977,-0.6298000037255774,-0.5039032598602688,-0.5896684618314822,-0.5758106657310548,-0.5788898726408979,1.769811121266526
0.2638534011642777,0.17156880738835228,-0.45910484683491853,1.3454655888594491,-0.9910401379383962,-0.4250147577130797,1.3582894438856787,-0.6679308332270758,1.9692762072618977,-0.6298000037255774,-0.5039032598602688,-0.5896684618314822,1.7366819677269967,-0.5788898726408979,-0.5650320466312655
0.1303074559969855,0.9348389083792149,1.1932005145246851,-1.4759563537029603,1.0090408669826858,-0.4250147577130797,-0.736220107210202,-0.6679308332270758,-0.5078007830046403,1.5878056431954701,-0.5039032598602688,-0.5896684618314822,1.7366819677269967,-0.5788898726408979,-0.5650320466312655
0.9983560995843845,0.3623863326360679,-0.22306122378354656,-0.770600868062358,-0.9910401379383962,-0.4250147577130797,1.3582894438856787,-0.6679308332270758,-0.5078007830046403,1.5878056431954701,-0.5039032598602688,1.6958682119339528,-0.5758106657310548,-0.5788898726408979,-0.5650320466312655
1.6660858254208453,1.2687695775627172,0.7211132684219412,-0.06524538242175558,-0.9910401379383962,-0.4250147577130797,1.3582894438856787,1.497161008675925,-0.5078007830046403,-0.6298000037255774,-0.5039032598602688,-0.5896684618314822,-0.5758106657310548,1.7274442813069022,-0.5650320466312655
-1.6057898311778125,-0.06695309917129227,0.24902602231919735,0.6401101032188468,-0.9910401379383962,-0.4250147577130797,1.3582894438856787,-0.6679308332270758,1.9692762072618977,-0.6298000037255774,-0.5039032598602688,-0.5896684618314822,-0.5758106657310548,-0.5788898726408979,1.769811121266526
-1.0048330779249979,0.6963170018195703,0.24902602231919735,-1.4759563537029603,1.0090408669826858,-0.4250147577130797,-0.736220107210202,-0.6679308332270758,-0.5078007830046403,1.5878056431954701,-0.5039032598602688,-0.5896684618314822,-0.5758106657310548,1.7274442813069022,-0.5650320466312655
1.6660858254208453,0.9348389083792149,1.4292441375760572,0.6401101032188468,1.0090408669826858,-0.4250147577130797,-0.736220107210202,-0.6679308332270758,-0.5078007830046403,1.5878056431954701,-0.5039032598602688,-0.5896684618314822,1.7366819677269967,-0.5788898726408979,-0.5650320466312655
-0.7377411875904135,0.5054994765718547,0.9571568914733132,-0.770600868062358,1.0090408669826858,-0.4250147577130797,-0.736220107210202,-0.6679308332270758,-0.5078007830046403,1.5878056431954701,-0.5039032598602688,-0.5896684618314822,-0.5758106657310548,-0.5788898726408979,1.769811121266526
-0.07001146175395272,0.12386442607642337,0.01298239926782539,-0.06524538242175558,-0.9910401379383962,-0.4250147577130797,1.3582894438856787,-0.6679308332270758,-0.5078007830046403,-0.6298000037255774,1.9845078999435277,1.6958682119339528,-0.5758106657310548,-0.5788898726408979,-0.5650320466312655
1.6660858254208453,-0.8302232001621549,0.01298239926782539,0.6401101032188468,-0.9910401379383962,2.352859475705742,-0.736220107210202,1.497161008675925,-0.5078007830046403,-0.6298000037255774,-0.5039032598602688,-0.5896684618314822,1.7366819677269967,-0.5788898726408979,-0.5650320466312655
-0.1367844343375988,1.4595871028104328,-0.9311920929376625,-0.770600868062358,-0.9910401379383962,-0.4250147577130797,1.3582894438856787,-0.6679308332270758,1.9692762072618977,-0.6298000037255774,-0.5039032598602688,-0.5896684618314822,-0.5758106657310548,1.7274442813069022,-0.5650320466312655
-1.6057898311778125,1.2687695775627172,-0.45910484683491853,-1.4759563537029603,1.0090408669826858,-0.4250147577130797,-0.736220107210202,1.497161008675925,-0.5078007830046403,-0.6298000037255774,-0.5039032598602688,1.6958682119339528,-0.5758106657310548,-0.5788898726408979,-0.5650320466312655
-1.205151995675936,-1.1164494880337283,1.4292441375760572,1.3454655888594491,-0.9910401379383962,2.352859475705742,-0.736220107210202,-0.6679308332270758,-0.5078007830046403,1.5878056431954701,-0.5039032598602688,-0.5896684618314822,-0.5758106657310548,-0.5788898726408979,1.769811121266526
-0.6709682150067674,-0.6394056749144392,-0.22306122378354656,0.6401101032188468,1.0090408669826858,-0.4250147577130797,-0.736220107210202,-0.6679308332270758,-0.5078007830046403,1.5878056431954701,-0.5039032598602688,-0.5896684618314822,-0.5758106657310548,1.7274442813069022,-0.5650320466312655
1.2654479899189688,-0.21006624310707903,1.1932005145246851,1.3454655888594491,1.0090408669826858,-0.4250147577130797,-0.736220107210202,-0.6679308332270758,1.9692762072618977,-0.6298000037255774,-0.5039032598602688,-0.5896684618314822,-0.5758106657310548,-0.5788898726408979,1.769811121266526
-0.4706492972558292,-1.1164494880337283,-1.4032793390404064,-0.06524538242175558,-0.9910401379383962,-0.4250147577130797,1.3582894438856787,-0.6679308332270758,-0.5078007830046403,1.5878056431954701,-0.5039032598602688,-0.5896684618314822,1.7366819677269967,-0.5788898726408979,-0.5650320466312655
-1.6057898311778125,-1.259562631969515,1.4292441375760572,0.6401101032188468,1.0090408669826858,-0.4250147577130797,-0.736220107210202,-0.6679308332270758,-0.5078007830046403,-0.6298000037255774,1.9845078999435277,-0.5896684618314822,-0.5758106657310548,1.7274442813069022,-0.5650320466312655
0.1970804285806316,1.6027002467462197,0.4850696453705693,-0.770600868062358,-0.9910401379383962,-0.4250147577130797,1.3582894438856787,-0.6679308332270758,-0.5078007830046403,1.5878056431954701,-0.5039032598602688,1.6958682119339528,-0.5758106657310548,-0.5788898726408979,-0.5650320466312655
-1.205151995675936,1.3164739588746461,1.665287760627429,-0.770600868062358,1.0090408669826858,-0.4250147577130797,-0.736220107210202,-0.6679308332270758,1.9692762072618977,-0.6298000037255774,-0.5039032598602688,1.6958682119339528,-0.5758106657310548,-0.5788898726408979,-0.5650320466312655
-1.0048330779249979,-1.4980845385291597,1.1932005145246851,1.3454655888594491,1.0090408669826858,-0.4250147577130797,-0.736220107210202,-0.6679308332270758,1.9692762072618977,-0.6298000037255774,-0.5039032598602688,-0.5896684618314822,-0.5758106657310548,-0.5788898726408979,1.769811121266526
-0.7377411875904135,-0.44858814966672356,-0.45910484683491853,0.6401101032188468,1.0090408669826858,-0.4250147577130797,-0.736220107210202,-0.6679308332270758,1.9692762072618977,-0.6298000037255774,-0.5039032598602688,-0.5896684618314822,-0.5758106657310548,1.7274442813069022,-0.5650320466312655
-0.0032384891703066414,-0.734814437538297,-0.9311920929376625,-0.770600868062358,-0.9910401379383962,2.352859475705742,-0.736220107210202,-0.6679308332270758,-0.5078007830046403,-0.6298000037255774,1.9845078999435277,-0.5896684618314822,1.7366819677269967,-0.5788898726408979,-0.5650320466312655
-0.4038763246721831,1.1256564336269306,0.4850696453705693,-0.06524538242175558,-0.9910401379383962,-0.4250147577130797,1.3582894438856787,-0.6679308332270758,-0.5078007830046403,-0.6298000037255774,1.9845078999435277,-0.5896684618314822,-0.5758106657310548,1.7274442813069022,-0.5650320466312655
-0.0032384891703066414,0.12386442607642337,0.01298239926782539,1.3454655888594491,1.0090408669826858,-0.4250147577130797,-0.736220107210202,-0.6679308332270758,1.9692762072618977,-0.6298000037255774,-0.5039032598602688,1.6958682119339528,-0.5758106657310548,-0.5788898726408979,-0.5650320466312655
1.332220962502615,-0.40088376835479467,1.1932005145246851,0.6401101032188468,-0.9910401379383962,2.352859475705742,-0.736220107210202,1.497161008675925,-0.5078007830046403,-0.6298000037255774,-0.5039032598602688,1.6958682119339528,-0.5758106657310548,-0.5788898726408979,-0.5650320466312655
-1.4054709134268744,0.5532038578837836,0.9571568914733132,1.3454655888594491,1.0090408669826858,-0.4250147577130797,-0.736220107210202,1.497161008675925,-0.5078007830046403,-0.6298000037255774,-0.5039032598602688,-0.5896684618314822,-0.5758106657310548,-0.5788898726408979,1.769811121266526
0.7312642092498002,0.12386442607642337,-0.9311920929376625,0.6401101032188468,-0.9910401379383962,2.352859475705742,-0.736220107210202,1.497161008675925,-0.5078007830046403,-0.6298000037255774,-0.5039032598602688,-0.5896684618314822,1.7366819677269967,-0.5788898726408979,-0.5650320466312655
-1.071606050508644,-1.3549713945933728,-0.6951484698862904,1.3454655888594491,-0.9910401379383962,-0.4250147577130797,1.3582894438856787,-0.6679308332270758,1.9692762072618977,-0.6298000037255774,-0.5039032598602688,-0.5896684618314822,1.7366819677269967,-0.5788898726408979,-0.5650320466312655
-1.0048330779249979,0.45779509525992573,-0.45910484683491853,-1.4759563537029603,-0.9910401379383962,2.352859475705742,-0.736220107210202,-0.6679308332270758,1.9692762072618977,-0.6298000037255774,-0.5039032598602688,-0.5896684618314822,-0.5758106657310548,1.7274442813069022,-0.5650320466312655
1.2654479899189688,-0.5917012936025103,-1.6393229620917782,-1.4759563537029603,-0.9910401379383962,-0.4250147577130797,1.3582894438856787,1.497161008675925,-0.5078007830046403,-0.6298000037255774,-0.5039032598602688,-0.5896684618314822,-0.5758106657310548,-0.5788898726408979,1.769811121266526
0.5309452914988619,-1.5934933011530175,0.4850696453705693,1.3454655888594491,-0.9910401379383962,-0.4250147577130797,1.3582894438856787,-0.6679308332270758,-0.5078007830046403,-0.6298000037255774,1.9845078999435277,-0.5896684618314822,-0.5758106657310548,1.7274442813069022,-0.5650320466312655
1.1319020447516768,-1.4980845385291597,-0.22306122378354656,-0.770600868062358,1.0090408669826858,-0.4250147577130797,-0.736220107210202,-0.6679308332270758,-0.5078007830046403,1.5878056431954701,-0.5039032598602688,-0.5896684618314822,1.7366819677269967,-0.5788898726408979,-0.5650320466312655
0.06353448341333943,0.7440213831314992,0.01298239926782539,1.3454655888594491,-0.9910401379383962,-0.4250147577130797,1.3582894438856787,1.497161008675925,-0.5078007830046403,-0.6298000037255774,-0.5039032598602688,-0.5896684618314822,1.7366819677269967,-0.5788898726408979,-0.5650320466312655
-0.27033037950489097,-0.4962925309786525,0.01298239926782539,0.6401101032188468,-0.9910401379383962,2.352859475705742,-0.736220107210202,1.497161008675925,-0.5078007830046403,-0.6298000037255774,-0.5039032598602688,1.6958682119339528,-0.5758106657310548,-0.5788898726408979,-0.5650320466312655
-1.3386979408432282,-1.2118582506575861,-0.9311920929376625,1.3454655888594491,1.0090408669826858,-0.4250147577130797,-0.736220107210202,1.497161008675925,-0.5078007830046403,-0.6298000037255774,-0.5039032598602688,-0.5896684618314822,-0.5758106657310548,-0.5788898726408979,1.769811121266526
0.7312642092498002,-0.8302232001621549,1.4292441375760572,-0.06524538242175558,1.0090408669826858,-0.4250147577130797,-0.736220107210202,-0.6679308332270758,1.9692762072618977,-0.6298000037255774,-0.5039032598602688,-0.5896684618314822,1.7366819677269967,-0.5788898726408979,-0.5650320466312655
0.597718264082508,-0.25777062441900794,0.4850696453705693,-0.770600868062358,1.0090408669826858,-0.4250147577130797,-0.736220107210202,-0.6679308332270758,-0.5078007830046403,1.5878056431954701,-0.5039032598602688,-0.5896684618314822,1.7366819677269967,-0.5788898726408979,-0.5650320466312655
-0.8712871327577056,1.1256564336269306,-0.9311920929376625,-0.770600868062358,1.0090408669826858,-0.4250147577130797,-0.736220107210202,-0.6679308332270758,-0.5078007830046403,1.5878056431954701,-0.5039032598602688,-0.5896684618314822,-0.5758106657310548,-0.5788898726408979,1.769811121266526
1.5325398802535533,0.5054994765718547,-1.1672357159890343,-0.770600868062358,1.0090408669826858,-0.4250147577130797,-0.736220107210202,-0.6679308332270758,-0.5078007830046403,-0.6298000037255774,1.9845078999435277,1.6958682119339528,-0.5758106657310548,-0.5788898726408979,-0.5650320466312655
1.398993935086261,0.6009082391957125,0.4850696453705693,-1.4759563537029603,1.0090408669826858,-0.4250147577130797,-0.736220107210202,-0.6679308332270758,1.9692762072618977,-0.6298000037255774,-0.5039032598602688,-0.5896684618314822,-0.5758106657310548,1.7274442813069022,-0.5650320466312655
0.3973993463315698,0.17156880738835228,-0.9311920929376625,-0.06524538242175558,1.0090408669826858,-0.4250147577130797,-0.736220107210202,-0.6679308332270758,-0.5078007830046403,-0.6298000037255774,1.9845078999435277,-0.5896684618314822,-0.5758106657310548,-0.5788898726408979,1.769811121266526
-0.4038763246721831,1.4595871028104328,0.7211132684219412,-0.06524538242175558,-0.9910401379383962,2.352859475705742,-0.736220107210202,1.497161008675925,-0.5078007830046403,-0.6298000037255774,-0.5039032598602688,-0.5896684618314822,-0.5758106657310548,1.7274442813069022,-0.5650320466312655
0.597718264082508,1.2210651962507884,-0.6951484698862904,-1.4759563537029603,-0.9910401379383962,-0.4250147577130797,1.3582894438856787,-0.6679308332270758,-0.5078007830046403,-0.6298000037255774,1.9845078999435277,-0.5896684618314822,1.7366819677269967,-0.5788898726408979,-0.5650320466312655
0.3973993463315698,-0.1623618617951501,-1.1672357159890343,1.3454655888594491,1.0090408669826858,-0.4250147577130797,-0.736220107210202,-0.6679308332270758,-0.5078007830046403,-0.6298000037255774,1.9845078999435277,-0.5896684618314822,-0.5758106657310548,-0.5788898726408979,1.769811121266526
-1.4722438860105203,-0.44858814966672356,-0.9311920929376625,-0.770600868062358,-0.9910401379383962,-0.4250147577130797,1.3582894438856787,1.497161008675925,-0.5078007830046403,-0.6298000037255774,-0.5039032598602688,1.6958682119339528,-0.5758106657310548,-0.5788898726408979,-0.5650320466312655
0.5309452914988619,-0.06695309917129227,-0.22306122378354656,-1.4759563537029603,-0.9910401379383962,-0.4250147577130797,1.3582894438856787,1.497161008675925,-0.5078007830046403,-0.6298000037255774,-0.5039032598602688,-0.5896684618314822,1.7366819677269967,-0.5788898726408979,-0.5650320466312655
-0.4038763246721831,0.9825432896911438,-1.4032793390404064,0.6401101032188468,1.0090408669826858,-0.4250147577130797,-0.736220107210202,-0.6679308332270758,-0.5078007830046403,1.5878056431954701,-0.5039032598602688,-0.5896684618314822,-0.5758106657310548,1.7274442813069022,-0.5650320466312655
1.0651290721680307,0.6009082391957125,1.1932005145246851,0.6401101032188468,-0.9910401379383962,-0.4250147577130797,1.3582894438856787,-0.6679308332270758,1.9692762072618977,-0.6298000037255774,-0.5039032598602688,-0.5896684618314822,1.7366819677269967,-0.5788898726408979,-0.5650320466312655
1.4657669076699071,-0.9733363440979416,-0.6951484698862904,-1.4759563537029603,-0.9910401379383962,2.352859475705742,-0.736220107210202,1.497161008675925,-0.5078007830046403,-0.6298000037255774,-0.5039032598602688,-0.5896684618314822,-0.5758106657310548,1.7274442813069022,-0.5650320466312655
1.5325398802535533,-0.3531793870428657,-1.1672357159890343,-0.770600868062358,1.0090408669826858,-0.4250147577130797,-0.736220107210202,-0.6679308332270758,-0.5078007830046403,1.5878056431954701,-0.5039032598602688,-0.5896684618314822,1.7366819677269967,-0.5788898726408979,-0.5650320466312655
-1.2719249682595821,0.12386442607642337,1.665287760627429,-1.4759563537029603,1.0090408669826858,-0.4250147577130797,-0.736220107210202,-0.6679308332270758,1.9692762072618977,-0.6298000037255774,-0.5039032598602688,-0.5896684618314822,-0.5758106657310548,1.7274442813069022,-0.5650320466312655
0.7980371818334463,-0.6871100562263681,0.9571568914733132,-0.770600868062358,1.0090408669826858,-0.4250147577130797,-0.736220107210202,1.497161008675925,-0.5078007830046403,-0.6298000037255774,-0.5039032598602688,1.6958682119339528,-0.5758106657310548,-0.5788898726408979,-0.5650320466312655
0.2638534011642777,1.1256564336269306,1.1932005145246851,-1.4759563537029603,1.0090408669826858,-0.4250147577130797,-0.736220107210202,-0.6679308332270758,-0.5078007830046403,1.5878056431954701,-0.5039032598602688,-0.5896684618314822,-0.5758106657310548,1.7274442813069022,-0.5650320466312655
-0.20355740692124488,-0.6394056749144392,-1.4032793390404064,-1.4759563537029603,1.0090408669826858,-0.4250147577130797,-0.736220107210202,-0.6679308332270758,1.9692762072618977,-0.6298000037255774,-0.5039032598602688,-0.5896684618314822,1.7366819677269967,-0.5788898726408979,-0.5650320466312655
0.3973993463315698,-0.30547500573093683,-1.6393229620917782,1.3454655888594491,1.0090408669826858,-0.4250147577130797,-0.736220107210202,-0.6679308332270758,1.9692762072618977,-0.6298000037255774,-0.5039032598602688,-0.5896684618314822,1.7366819677269967,-0.5788898726408979,-0.5650320466312655
0.9983560995843845,-1.0210407254098706,1.4292441375760572,-0.06524538242175558,-0.9910401379383962,-0.4250147577130797,1.3582894438856787,-0.6679308332270758,-0.5078007830046403,-0.6298000037255774,1.9845078999435277,-0.5896684618314822,-0.5758106657310548,1.7274442813069022,-0.5650320466312655
1.4657669076699071,1.411882721498504,0.24902602231919735,-0.06524538242175558,1.0090408669826858,-0.4250147577130797,-0.736220107210202,1.497161008675925,-0.5078007830046403,-0.6298000037255774,-0.5039032598602688,-0.5896684618314822,-0.5758106657310548,-0.5788898726408979,1.769811121266526
0.9983560995843845,-0.019248717859363367,0.9571568914733132,0.6401101032188468,1.0090408669826858,-0.4250147577130797,-0.736220107210202,-0.6679308332270758,-0.5078007830046403,-0.6298000037255774,1.9845078999435277,-0.5896684618314822,1.7366819677269967,-0.5788898726408979,-0.5650320466312655
0.5309452914988619,1.6027002467462197,-0.45910484683491853,1.3454655888594491,1.0090408669826858,-0.4250147577130797,-0.736220107210202,1.497161008675925,-0.5078007830046403,-0.6298000037255774,-0.5039032598602688,1.6958682119339528,-0.5758106657310548,-0.5788898726408979,-0.5650320466312655
0.9983560995843845,-1.1641538693456572,-0.45910484683491853,-0.770600868062358,-0.9910401379383962,-0.4250147577130797,1.3582894438856787,1.497161008675925,-0.5078007830046403,-0.6298000037255774,-0.5039032598602688,-0.5896684618314822,1.7366819677269967,-0.5788898726408979,-0.5650320466312655
1.1319020447516768,0.07616004476449445,0.4850696453705693,0.6401101032188468,-0.9910401379383962,-0.4250147577130797,1.3582894438856787,-0.6679308332270758,-0.5078007830046403,1.5878056431954701,-0.5039032598602688,-0.5896684618314822,-0.5758106657310548,-0.5788898726408979,1.769811121266526
0.1303074559969855,0.2192731887002812,-0.6951484698862904,-0.06524538242175558,1.0090408669826858,-0.4250147577130797,-0.736220107210202,-0.6679308332270758,1.9692762072618977,-0.6298000037255774,-0.5039032598602688,1.6958682119339528,-0.5758106657310548,-0.5788898726408979,-0.5650320466312655
0.2638534011642777,-0.40088376835479467,0.7211132684219412,1.3454655888594491,-0.9910401379383962,-0.4250147577130797,1.3582894438856787,-0.6679308332270758,-0.5078007830046403,1.5878056431954701,-0.5039032598602688,1.6958682119339528,-0.5758106657310548,-0.5788898726408979,-0.5650320466312655
1.5993128528371992,1.6027002467462197,-0.45910484683491853,0.6401101032188468,1.0090408669826858,-0.4250147577130797,-0.736220107210202,-0.6679308332270758,1.9692762072618977,-0.6298000037255774,-0.5039032598602688,1.6958682119339528,-0.5758106657310548,-0.5788898726408979,-0.5650320466312655
1.0651290721680307,0.6486126205076413,-0.6951484698862904,1.3454655888594491,1.0090408669826858,-0.4250147577130797,-0.736220107210202,1.497161008675925,-0.5078007830046403,-0.6298000037255774,-0.5039032598602688,-0.5896684618314822,-0.5758106657310548,1.7274442813069022,-0.5650320466312655
1.0651290721680307,0.5532038578837836,-0.6951484698862904,0.6401101032188468,-0.9910401379383962,-0.4250147577130797,1.3582894438856787,-0.6679308332270758,-0.5078007830046403,-0.6298000037255774,1.9845078999435277,-0.5896684618314822,1.7366819677269967,-0.5788898726408979,-0.5650320466312655
-0.4038763246721831,0.6963170018195703,1.1932005145246851,-0.770600868062358,-0.9910401379383962,-0.4250147577130797,1.3582894438856787,-0.6679308332270758,-0.5078007830046403,1.5878056431954701,-0.5039032598602688,-0.5896684618314822,-0.5758106657310548,1.7274442813069022,-0.5650320466312655
0.1970804285806316,0.45779509525992573,-0.22306122378354656,1.3454655888594491,1.0090408669826858,-0.4250147577130797,-0.736220107210202,-0.6679308332270758,-0.5078007830046403,-0.6298000037255774,1.9845078999435277,-0.5896684618314822,-0.5758106657310548,-0.5788898726408979,1.769811121266526
-0.33710335208853703,-1.4980845385291597,1.1932005145246851,1.3454655888594491,-0.9910401379383962,-0.4250147577130797,1.3582894438856787,-0.6679308332270758,-0.5078007830046403,1.5878056431954701,-0.5039032598602688,-0.5896684618314822,-0.5758106657310548,1.7274442813069022,-0.5650320466312655
0.7980371818334463,-0.9256319627860127,-0.22306122378354656,-1.4759563537029603,1.0090408669826858,-0.4250147577130797,-0.736220107210202,-0.6679308332270758,-0.5078007830046403,1.5878056431954701,-0.5039032598602688,-0.5896684618314822,-0.5758106657310548,1.7274442813069022,-0.5650320466312655
0.7980371818334463,0.6009082391957125,0.4850696453705693,1.3454655888594491,-0.9910401379383962,-0.4250147577130797,1.3582894438856787,-0.6679308332270758,-0.5078007830046403,-0.6298000037255774,1.9845078999435277,1.6958682119339528,-0.5758106657310548,-0.5788898726408979,-0.5650320466312655
-0.7377411875904135,1.6981090093700775,0.9571568914733132,-0.06524538242175558,-0.9910401379383962,-0.4250147577130797,1.3582894438856787,-0.6679308332270758,-0.5078007830046403,-0.6298000037255774,1.9845078999435277,-0.5896684618314822,-0.5758106657310548,-0.5788898726408979,1.769811121266526
-0.8712871327577056,0.5054994765718547,0.9571568914733132,-1.4759563537029603,1.0090408669826858,-0.4250147577130797,-0.736220107210202,-0.6679308332270758,1.9692762072618977,-0.6298000037255774,-0.5039032598602688,1.6958682119339528,-0.5758106657310548,-0.5788898726408979,-0.5650320466312655
0.1303074559969855,-0.6394056749144392,0.24902602231919735,0.6401101032188468,-0.9910401379383962,-0.4250147577130797,1.3582894438856787,-0.6679308332270758,-0.5078007830046403,1.5878056431954701,-0.5039032598602688,-0.5896684618314822,-0.5758106657310548,-0.5788898726408979,1.769811121266526
-0.33710335208853703,0.8871345270672859,-1.4032793390404064,-1.4759563537029603,1.0090408669826858,-0.4250147577130797,-0.736220107210202,1.497161008675925,-0.5078007830046403,-0.6298000037255774,-0.5039032598602688,-0.5896684618314822,-0.5758106657310548,-0.5788898726408979,1.769811121266526
0.1303074559969855,0.9825432896911438,-1.1672357159890343,1.3454655888594491,-0.9910401379383962,-0.4250147577130797,1.3582894438856787,-0.6679308332270758,-0.5078007830046403,1.5878056431954701,-0.5039032598602688,-0.5896684618314822,-0.5758106657310548,1.7274442813069022,-0.5650320466312655
-0.4038763246721831,-1.259562631969515,1.4292441375760572,-1.4759563537029603,-0.9910401379383962,2.352859475705742,-0.736220107210202,1.497161008675925,-0.5078007830046403,-0.6298000037255774,-0.5039032598602688,-0.5896684618314822,-0.5758106657310548,1.7274442813069022,-0.5650320466312655
-1.1383790230922899,0.6963170018195703,0.24902602231919735,-1.4759563537029603,1.0090408669826858,-0.4250147577130797,-0.736220107210202,-0.6679308332270758,-0.5078007830046403,-0.6298000037255774,1.9845078999435277,-0.5896684618314822,-0.5758106657310548,1.7274442813069022,-0.5650320466312655
-0.9380601053413518,-1.4503801572172308,0.01298239926782539,-0.770600868062358,1.0090408669826858,-0.4250147577130797,-0.736220107210202,-0.6679308332270758,1.9692762072618977,-0.6298000037255774,-0.5039032598602688,-0.5896684618314822,1.7366819677269967,-0.5788898726408979,-0.5650320466312655
-1.4722438860105203,-0.1623618617951501,0.9571568914733132,-0.770600868062358,1.0090408669826858,-0.4250147577130797,-0.736220107210202,-0.6679308332270758,-0.5078007830046403,1.5878056431954701,-0.5039032598602688,-0.5896684618314822,1.7366819677269967,-0.5788898726408979,-0.5650320466312655
-1.205151995675936,0.6963170018195703,-0.9311920929376625,1.3454655888594491,-0.9910401379383962,2.352859475705742,-0.736220107210202,1.497161008675925,-0.5078007830046403,-0.6298000037255774,-0.5039032598602688,-0.5896684618314822,-0.5758106657310548,-0.5788898726408979,1.769811121266526
0.33062637374792375,0.2669775700122101,1.1932005145246851,-0.06524538242175558,-0.9910401379383962,-0.4250147577130797,1.3582894438856787,-0.6679308332270758,-0.5078007830046403,1.5878056431954701,-0.5039032598602688,-0.5896684618314822,-0.5758106657310548,1.7274442813069022,-0.5650320466312655
-0.5374222698394753,-1.6411976824649464,-1.6393229620917782,0.6401101032188468,-0.9910401379383962,-0.4250147577130797,1.3582894438856787,1.497161008675925,-0.5078007830046403,-0.6298000037255774,-0.5039032598602688,-0.5896684618314822,-0.5758106657310548,1.7274442813069022,-0.5650320466312655
1.2654479899189688,-0.8302232001621549,-0.6951484698862904,-0.770600868062358,1.0090408669826858,-0.4250147577130797,-0.736220107210202,-0.6679308332270758,1.9692762072618977,-0.6298000037255774,-0.5039032598602688,1.6958682119339528,-0.5758106657310548,-0.5788898726408979,-0.5650320466312655
0.9983560995843845,-1.1164494880337283,0.7211132684219412,1.3454655888594491,1.0090408669826858,-0.4250147577130797,-0.736220107210202,1.497161008675925,-0.5078007830046403,-0.6298000037255774,-0.5039032598602688,1.6958682119339528,-0.5758106657310548,-0.5788898726408979,-0.5650320466312655
-1.2719249682595821,-0.44858814966672356,1.1932005145246851,-1.4759563537029603,-0.9910401379383962,-0.4250147577130797,1.3582894438856787,-0.6679308332270758,-0.5078007830046403,-0.6298000037255774,1.9845078999435277,1.6958682119339528,-0.5758106657310548,-0.5788898726408979,-0.5650320466312655
0.2638534011642777,-0.9256319627860127,-1.6393229620917782,-1.4759563537029603,-0.9910401379383962,-0.4250147577130797,1.3582894438856787,-0.6679308332270758,-0.5078007830046403,-0.6298000037255774,1.9845078999435277,-0.5896684618314822,-0.5758106657310548,-0.5788898726408979,1.769811121266526
-1.071606050508644,-0.44858814966672356,0.01298239926782539,-0.770600868062358,-0.9910401379383962,2.352859475705742,-0.736220107210202,1.497161008675925,-0.5078007830046403,-0.6298000037255774,-0.5039032598602688,1.6958682119339528,-0.5758106657310548,-0.5788898726408979,-0.5650320466312655
-0.07001146175395272,-1.6889020637768752,0.7211132684219412,-1.4759563537029603,-0.9910401379383962,-0.4250147577130797,1.3582894438856787,-0.6679308332270758,-0.5078007830046403,1.5878056431954701,-0.5039032598602688,-0.5896684618314822,-0.5758106657310548,-0.5788898726408979,1.769811121266526
0.33062637374792375,0.6009082391957125,1.4292441375760572,1.3454655888594491,-0.9910401379383962,-0.4250147577130797,1.3582894438856787,-0.6679308332270758,-0.5078007830046403,1.5878056431954701,-0.5039032598602688,-0.5896684618314822,-0.5758106657310548,1.7274442813069022,-0.5650320466312655
0.8648101544170924,-1.2118582506575861,0.01298239926782539,1.3454655888594491,1.0090408669826858,-0.4250147577130797,-0.736220107210202,1.497161008675925,-0.5078007830046403,-0.6298000037255774,-0.5039032598602688,1.6958682119339528,-0.5758106657310548,-0.5788898726408979,-0.5650320466312655
-0.0032384891703066414,-1.1641538693456572,1.665287760627429,-0.770600868062358,-0.9910401379383962,-0.4250147577130797,1.3582894438856787,-0.6679308332270758,1.9692762072618977,-0.6298000037255774,-0.5039032598602688,-0.5896684618314822,1.7366819677269967,-0.5788898726408979,-0.5650320466312655
-1.1383790230922899,0.2192731887002812,0.4850696453705693,-0.06524538242175558,-0.9910401379383962,-0.4250147577130797,1.3582894438856787,-0.6679308332270758,-0.5078007830046403,-0.6298000037255774,1.9845078999435277,-0.5896684618314822,1.7366819677269967,-0.5788898726408979,-0.5650320466312655
0.1303074559969855,0.8871345270672859,0.4850696453705693,-0.06524538242175558,1.0090408669826858,-0.4250147577130797,-0.736220107210202,-0.6679308332270758,-0.5078007830046403,1.5878056431954701,-0.5039032598602688,1.6958682119339528,-0.5758106657310548,-0.5788898726408979,-0.5650320466312655
-0.9380601053413518,-0.6871100562263681,0.9571568914733132,0.6401101032188468,-0.9910401379383962,-0.4250147577130797,1.3582894438856787,-0.6679308332270758,1.9692762072618977,-0.6298000037255774,-0.5039032598602688,-0.5896684618314822,-0.5758106657310548,1.7274442813069022,-0.5650320466312655
1.332220962502615,0.6009082391957125,-1.4032793390404064,-0.770600868062358,1.0090408669826858,-0.4250147577130797,-0.736220107210202,-0.6679308332270758,-0.5078007830046403,-0.6298000037255774,1.9845078999435277,1.6958682119339528,-0.5758106657310548,-0.5788898726408979,-0.5650320466312655
1.2654479899189688,-0.6394056749144392,-0.9311920929376625,-1.4759563537029603,-0.9910401379383962,-0.4250147577130797,1.3582894438856787,-0.6679308332270758,-0.5078007830046403,1.5878056431954701,-0.5039032598602688,-0.5896684618314822,-0.5758106657310548,-0.5788898726408979,1.769811121266526
-0.33710335208853703,-0.9733363440979416,0.01298239926782539,-0.06524538242175558,1.0090408669826858,-0.4250147577130797,-0.736220107210202,-0.6679308332270758,-0.5078007830046403,1.5878056431954701,-0.5039032598602688,-0.5896684618314822,-0.5758106657310548,1.7274442813069022,-0.5650320466312655
-1.205151995675936,-0.06695309917129227,-0.6951484698862904,0.6401101032188468,1.0090408669826858,-0.4250147577130797,-0.736220107210202,-0.6679308332270758,-0.5078007830046403,-0.6298000037255774,1.9845078999435277,-0.5896684618314822,-0.5758106657310548,1.7274442813069022,-0.5650320466312655
-1.0048330779249979,-0.9256319627860127,-1.1672357159890343,1.3454655888594491,-0.9910401379383962,2.352859475705742,-0.736220107210202,-0.6679308332270758,1.9692762072618977,-0.6298000037255774,-0.5039032598602688,1.6958682119339528,-0.5758106657310548,-0.5788898726408979,-0.5650320466312655
0.597718264082508,0.6963170018195703,-1.1672357159890343,-1.4759563537029603,-0.9910401379383962,-0.4250147577130797,1.3582894438856787,1.497161008675925,-0.5078007830046403,-0.6298000037255774,-0.5039032598602688,-0.5896684618314822,-0.5758106657310548,-0.5788898726408979,1.769811121266526
0.5309452914988619,0.2192731887002812,-0.6951484698862904,1.3454655888594491,-0.9910401379383962,-0.4250147577130797,1.3582894438856787,-0.6679308332270758,-0.5078007830046403,1.5878056431954701,-0.5039032598602688,-0.5896684618314822,-0.5758106657310548,-0.5788898726408979,1.769811121266526
-0.6709682150067674,1.411882721498504,-1.6393229620917782,0.6401101032188468,-0.9910401379383962,2.352859475705742,-0.736220107210202,1.497161008675925,-0.5078007830046403,-0.6298000037255774,-0.5039032598602688,-0.5896684618314822,1.7366819677269967,-0.5788898726408979,-0.5650320466312655
1.5325398802535533,-0.6871100562263681,-0.45910484683491853,0.6401101032188468,1.0090408669826858,-0.4250147577130797,-0.736220107210202,-0.6679308332270758,-0.5078007830046403,1.5878056431954701,-0.5039032598602688,-0.5896684618314822,1.7366819677269967,-0.5788898726408979,-0.5650320466312655
1.398993935086261,-1.3549713945933728,-1.1672357159890343,-0.06524538242175558,1.0090408669826858,-0.4250147577130797,-0.736220107210202,-0.6679308332270758,-0.5078007830046403,-0.6298000037255774,1.9845078999435277,-0.5896684618314822,1.7366819677269967,-0.5788898726408979,-0.5650320466312655
-1.4722438860105203,1.6504046280581486,0.01298239926782539,1.3454655888594491,1.0090408669826858,-0.4250147577130797,-0.736220107210202,1.497161008675925,-0.5078007830046403,-0.6298000037255774,-0.5039032598602688,-0.5896684618314822,-0.5758106657310548,-0.5788898726408979,1.769811121266526
-1.0048330779249979,0.9825432896911438,0.9571568914733132,1.3454655888594491,1.0090408669826858,-0.4250147577130797,-0.736220107210202,-0.6679308332270758,-0.5078007830046403,1.5878056431954701,-0.5039032598602688,1.6958682119339528,-0.5758106657310548,-0.5788898726408979,-0.5650320466312655
0.1970804285806316,-0.5917012936025103,0.01298239926782539,0.6401101032188468,1.0090408669826858,-0.4250147577130797,-0.736220107210202,1.497161008675925,-0.5078007830046403,-0.6298000037255774,-0.5039032598602688,-0.5896684618314822,1.7366819677269967,-0.5788898726408979,-0.5650320466312655
-1.5390168585941664,-0.782518818850226,0.24902602231919735,1.3454655888594491,-0.9910401379383962,-0.4250147577130797,1.3582894438856787,1.497161008675925,-0.5078007830046403,-0.6298000037255774,-0.5039032598602688,-0.5896684618314822,-0.5758106657310548,1.7274442813069022,-0.5650320466312655
-0.8045141601740596,1.0779520523150017,0.24902602231919735,1.3454655888594491,1.0090408669826858,-0.4250147577130797,-0.736220107210202,1.497161008675925,-0.5078007830046403,-0.6298000037255774,-0.5039032598602688,-0.5896684618314822,-0.5758106657310548,1.7274442813069022,-0.5650320466312655
0.46417231891521593,-0.9256319627860127,-0.9311920929376625,1.3454655888594491,-0.9910401379383962,-0.4250147577130797,1.3582894438856787,-0.6679308332270758,-0.5078007830046403,1.5878056431954701,-0.5039032598602688,-0.5896684618314822,1.7366819677269967,-0.5788898726408979,-0.5650320466312655
-0.20355740692124488,0.9348389083792149,0.01298239926782539,1.3454655888594491,1.0090408669826858,-0.4250147577130797,-0.736220107210202,-0.6679308332270758,-0.5078007830046403,1.5878056431954701,-0.5039032598602688,1.6958682119339528,-0.5758106657310548,-0.5788898726408979,-0.5650320466312655
0.46417231891521593,1.3164739588746461,-0.22306122378354656,0.6401101032188468,-0.9910401379383962,2.352859475705742,-0.736220107210202,-0.6679308332270758,1.9692762072618977,-0.6298000037255774,-0.5039032598602688,-0.5896684618314822,1.7366819677269967,-0.5788898726408979,-0.5650320466312655
1.1319020447516768,0.6963170018195703,-0.6951484698862904,-0.770600868062358,-0.9910401379383962,-0.4250147577130797,1.3582894438856787,-0.6679308332270758,1.9692762072618977,-0.6298000037255774,-0.5039032598602688,-0.5896684618314822,1.7366819677269967,-0.5788898726408979,-0.5650320466312655
-0.20355740692124488,-0.30547500573093683,0.9571568914733132,-1.4759563537029603,-0.9910401379383962,-0.4250147577130797,1.3582894438856787,-0.6679308332270758,-0.5078007830046403,1.5878056431954701,-0.5039032598602688,-0.5896684618314822,-0.5758106657310548,1.7274442813069022,-0.5650320466312655
-1.4722438860105203,-1.0687451067217995,-0.45910484683491853,0.6401101032188468,1.0090408669826858,-0.4250147577130797,-0.736220107210202,-0.6679308332270758,-0.5078007830046403,1.5878056431954701,-0.5039032598602688,-0.5896684618314822,-0.5758106657310548,1.7274442813069022,-0.5650320466312655
1.5993128528371992,1.1733608149388595,0.9571568914733132,1.3454655888594491,1.0090408669826858,-0.4250147577130797,-0.736220107210202,-0.6679308332270758,-0.5078007830046403,1.5878056431954701,-0.5039032598602688,-0.5896684618314822,1.7366819677269967,-0.5788898726408979,-0.5650320466312655
-0.20355740692124488,-0.6871100562263681,0.24902602231919735,0.6401101032188468,1.0090408669826858,-0.4250147577130797,-0.736220107210202,-0.6679308332270758,-0.5078007830046403,-0.6298000037255774,1.9845078999435277,-0.5896684618314822,1.7366819677269967,-0.5788898726408979,-0.5650320466312655
0.2638534011642777,1.1733608149388595,0.9571568914733132,-0.770600868062358,1.0090408669826858,-0.4250147577130797,-0.736220107210202,-0.6679308332270758,-0.5078007830046403,-0.6298000037255774,1.9845078999435277,-0.5896684618314822,-0.5758106657310548,-0.5788898726408979,1.769811121266526
-1.3386979408432282,1.6027002467462197,0.24902602231919735,-0.06524538242175558,1.0090408669826858,-0.4250147577130797,-0.736220107210202,1.497161008675925,-0.5078007830046403,-0.6298000037255774,-0.5039032598602688,-0.5896684618314822,1.7366819677269967,-0.5788898726408979,-0.5650320466312655
-1.2719249682595821,-0.8302232001621549,-1.1672357159890343,-0.06524538242175558,-0.9910401379383962,2.352859475705742,-0.736220107210202,-0.6679308332270758,-0.5078007830046403,1.5878056431954701,-0.5039032598602688,-0.5896684618314822,1.7366819677269967,-0.5788898726408979,-0.5650320466312655
-0.6041952424231214,1.411882721498504,1.4292441375760572,-0.06524538242175558,-0.9910401379383962,-0.4250147577130797,1.3582894438856787,1.497161008675925,-0.5078007830046403,-0.6298000037255774,-0.5039032598602688,1.6958682119339528,-0.5758106657310548,-0.5788898726408979,-0.5650320466312655
-0.4038763246721831,0.5054994765718547,0.01298239926782539,-1.4759563537029603,1.0090408669826858,-0.4250147577130797,-0.736220107210202,-0.6679308332270758,-0.5078007830046403,1.5878056431954701,-0.5039032598602688,-0.5896684618314822,-0.5758106657310548,-0.5788898726408979,1.769811121266526
1.5325398802535533,-0.30547500573093683,1.4292441375760572,1.3454655888594491,-0.9910401379383962,-0.4250147577130797,1.3582894438856787,-0.6679308332270758,-0.5078007830046403,1.5878056431954701,-0.5039032598602688,-0.5896684618314822,-0.5758106657310548,1.7274442813069022,-0.5650320466312655
1.6660858254208453,0.9348389083792149,-0.6951484698862904,-1.4759563537029603,1.0090408669826858,-0.4250147577130797,-0.736220107210202,1.497161008675925,-0.5078007830046403,-0.6298000037255774,-0.5039032598602688,1.6958682119339528,-0.5758106657310548,-0.5788898726408979,-0.5650320466312655
-0.6041952424231214,1.0302476710030728,-0.45910484683491853,-0.770600868062358,1.0090408669826858,-0.4250147577130797,-0.736220107210202,-0.6679308332270758,-0.5078007830046403,-0.6298000037255774,1.9845078999435277,1.6958682119339528,-0.5758106657310548,-0.5788898726408979,-0.5650320466312655
1.5993128528371992,0.5532038578837836,-0.9311920929376625,0.6401101032188468,-0.9910401379383962,2.352859475705742,-0.736220107210202,-0.6679308332270758,1.9692762072618977,-0.6298000037255774,-0.5039032598602688,-0.5896684618314822,-0.5758106657310548,-0.5788898726408979,1.769811121266526
1.5993128528371992,0.41009071394799684,-0.6951484698862904,-0.06524538242175558,-0.9910401379383962,2.352859475705742,-0.736220107210202,-0.6679308332270758,-0.5078007830046403,-0.6298000037255774,1.9845078999435277,-0.5896684618314822,1.7366819677269967,-0.5788898726408979,-0.5650320466312655
1.2654479899189688,0.028455663452565543,-1.1672357159890343,-1.4759563537029603,1.0090408669826858,-0.4250147577130797,-0.736220107210202,-0.6679308332270758,1.9692762072618977,-0.6298000037255774,-0.5039032598602688,-0.5896684618314822,1.7366819677269967,-0.5788898726408979,-0.5650320466312655
-1.3386979408432282,-0.1623618617951501,1.4292441375760572,-0.770600868062358,-0.9910401379383962,-0.4250147577130797,1.3582894438856787,-0.6679308332270758,1.9692762072618977,-0.6298000037255774,-0.5039032598602688,-0.5896684618314822,-0.5758106657310548,-0.5788898726408979,1.769811121266526
1.0651290721680307,-0.4962925309786525,0.01298239926782539,-0.770600868062358,-0.9910401379383962,-0.4250147577130797,1.3582894438856787,-0.6679308332270758,-0.5078007830046403,1.5878056431954701,-0.5039032598602688,-0.5896684618314822,-0.5758106657310548,-0.5788898726408979,1.769811121266526
0.33062637374792375,1.0779520523150017,-1.6393229620917782,0.6401101032188468,-0.9910401379383962,-0.4250147577130797,1.3582894438856787,1.497161008675925,-0.5078007830046403,-0.6298000037255774,-0.5039032598602688,-0.5896684618314822,-0.5758106657310548,-0.5788898726408979,1.769811121266526
1.2654479899189688,-0.6871100562263681,0.01298239926782539,-1.4759563537029603,1.0090408669826858,-0.4250147577130797,-0.736220107210202,-0.6679308332270758,-0.5078007830046403,-0.6298000037255774,1.9845078999435277,-0.5896684618314822,-0.5758106657310548,1.7274442813069022,-0.5650320466312655
-0.8045141601740596,1.1733608149388595,-1.1672357159890343,1.3454655888594491,-0.9910401379383962,-0.4250147577130797,1.3582894438856787,-0.6679308332270758,-0.5078007830046403,-0.6298000037255774,1.9845078999435277,-0.5896684618314822,-0.5758106657310548,1.7274442813069022,-0.5650320466312655
1.1319020447516768,-0.9256319627860127,-0.45910484683491853,0.6401101032188468,1.0090408669826858,-0.4250147577130797,-0.736220107210202,-0.6679308332270758,-0.5078007830046403,1.5878056431954701,-0.5039032598602688,-0.5896684618314822,1.7366819677269967,-0.5788898726408979,-0.5650320466312655
1.6660858254208453,0.6486126205076413,0.4850696453705693,-0.06524538242175558,1.0090408669826858,-0.4250147577130797,-0.736220107210202,1.497161008675925,-0.5078007830046403,-0.6298000037255774,-0.5039032598602688,-0.5896684618314822,1.7366819677269967,-0.5788898726408979,-0.5650320466312655
-1.6725628037614586,1.6981090093700775,-1.6393229620917782,-0.06524538242175558,1.0090408669826858,-0.4250147577130797,-0.736220107210202,1.497161008675925,-0.5078007830046403,-0.6298000037255774,-0.5039032598602688,1.6958682119339528,-0.5758106657310548,-0.5788898726408979,-0.5650320466312655
-1.7393357763451047,-0.3531793870428657,0.01298239926782539,0.6401101032188468,1.0090408669826858,-0.4250147577130797,-0.736220107210202,-0.6679308332270758,-0.5078007830046403,1.5878056431954701,-0.5039032598602688,-0.5896684618314822,1.7366819677269967,-0.5788898726408979,-0.5650320466312655
-1.4722438860105203,-0.1623618617951501,-0.6951484698862904,0.6401101032188468,-0.9910401379383962,-0.4250147577130797,1.3582894438856787,1.497161008675925,-0.5078007830046403,-0.6298000037255774,-0.5039032598602688,1.6958682119339528,-0.5758106657310548,-0.5788898726408979,-0.5650320466312655
0.46417231891521593,0.41009071394799684,0.24902602231919735,0.6401101032188468,1.0090408669826858,-0.4250147577130797,-0.736220107210202,-0.6679308332270758,-0.5078007830046403,-0.6298000037255774,1.9845078999435277,-0.5896684618314822,-0.5758106657310548,-0.5788898726408979,1.769811121266526
1.4657669076699071,0.07616004476449445,1.665287760627429,1.3454655888594491,1.0090408669826858,-0.4250147577130797,-0.736220107210202,-0.6679308332270758,-0.5078007830046403,1.5878056431954701,-0.5039032598602688,1.6958682119339528,-0.5758106657310548,-0.5788898726408979,-0.5650320466312655
-1.5390168585941664,0.9348389083792149,0.01298239926782539,-0.770600868062358,-0.9910401379383962,-0.4250147577130797,1.3582894438856787,-0.6679308332270758,1.9692762072618977,-0.6298000037255774,-0.5039032598602688,1.6958682119339528,-0.5758106657310548,-0.5788898726408979,-0.5650320466312655
-0.20355740692124488,-1.259562631969515,-1.4032793390404064,-1.4759563537029603,1.0090408669826858,-0.4250147577130797,-0.736220107210202,-0.6679308332270758,1.9692762072618977,-0.6298000037255774,-0.5039032598602688,-0.5896684618314822,1.7366819677269967,-0.5788898726408979,-0.5650320466312655
-1.3386979408432282,-1.6411976824649464,0.9571568914733132,-0.770600868062358,-0.9910401379383962,-0.4250147577130797,1.3582894438856787,1.497161008675925,-0.5078007830046403,-0.6298000037255774,-0.5039032598602688,-0.5896684618314822,1.7366819677269967,-0.5788898726408979,-0.5650320466312655
-1.5390168585941664,0.2669775700122101,-0.22306122378354656,-1.4759563537029603,1.0090408669826858,-0.4250147577130797,-0.736220107210202,-0.6679308332270758,-0.5078007830046403,1.5878056431954701,-0.5039032598602688,-0.5896684618314822,-0.5758106657310548,-0.5788898726408979,1.769811121266526
-1.205151995675936,1.5549958654342908,-1.4032793390404064,-1.4759563537029603,-0.9910401379383962,-0.4250147577130797,1.3582894438856787,-0.6679308332270758,-0.5078007830046403,1.5878056431954701,-0.5039032598602688,-0.5896684618314822,1.7366819677269967,-0.5788898726408979,-0.5650320466312655
0.9315831270007384,-1.1641538693456572,0.9571568914733132,-1.4759563537029603,-0.9910401379383962,2.352859475705742,-0.736220107210202,-0.6679308332270758,1.9692762072618977,-0.6298000037255774,-0.5039032598602688,-0.5896684618314822,-0.5758106657310548,1.7274442813069022,-0.5650320466312655
1.2654479899189688,1.2687695775627172,-1.1672357159890343,-1.4759563537029603,-0.9910401379383962,-0.4250147577130797,1.3582894438856787,-0.6679308332270758,-0.5078007830046403,1.5878056431954701,-0.5039032598602688,1.6958682119339528,-0.5758106657310548,-0.5788898726408979,-0.5650320466312655
-1.071606050508644,1.5549958654342908,-1.1672357159890343,1.3454655888594491,-0.9910401379383962,-0.4250147577130797,1.3582894438856787,-0.6679308332270758,-0.5078007830046403,-0.6298000037255774,1.9845078999435277,1.6958682119339528,-0.5758106657310548,-0.5788898726408979,-0.5650320466312655
-0.4706492972558292,1.3164739588746461,-1.6393229620917782,-0.770600868062358,1.0090408669826858,-0.4250147577130797,-0.736220107210202,-0.6679308332270758,1.9692762072618977,-0.6298000037255774,-0.5039032598602688,-0.5896684618314822,-0.5758106657310548,1.7274442813069022,-0.5650320466312655
0.6644912366661542,-1.3549713945933728,1.1932005145246851,0.6401101032188468,-0.9910401379383962,-0.4250147577130797,1.3582894438856787,1.497161008675925,-0.5078007830046403,-0.6298000037255774,-0.5039032598602688,-0.5896684618314822,1.7366819677269967,-0.5788898726408979,-0.5650320466312655
-0.5374222698394753,-1.5457889198410886,1.4292441375760572,-0.770600868062358,-0.9910401379383962,-0.4250147577130797,1.3582894438856787,1.497161008675925,-0.5078007830046403,-0.6298000037255774,-0.5039032598602688,-0.5896684618314822,-0.5758106657310548,1.7274442813069022,-0.5650320466312655
0.1303074559969855,-1.402675775905302,-0.45910484683491853,0.6401101032188468,-0.9910401379383962,-0.4250147577130797,1.3582894438856787,-0.6679308332270758,-0.5078007830046403,-0.6298000037255774,1.9845078999435277,-0.5896684618314822,-0.5758106657310548,1.7274442813069022,-0.5650320466312655
0.7980371818334463,-1.1164494880337283,0.24902602231919735,-1.4759563537029603,-0.9910401379383962,-0.4250147577130797,1.3582894438856787,-0.6679308332270758,1.9692762072618977,-0.6298000037255774,-0.5039032598602688,-0.5896684618314822,-0.5758106657310548,1.7274442813069022,-0.5650320466312655
-1.071606050508644,-0.06695309917129227,-0.45910484683491853,-0.770600868062358,1.0090408669826858,-0.4250147577130797,-0.736220107210202,1.497161008675925,-0.5078007830046403,-0.6298000037255774,-0.5039032598602688,-0.5896684618314822,1.7366819677269967,-0.5788898726408979,-0.5650320466312655
-0.6041952424231214,0.5054994765718547,-0.6951484698862904,-0.770600868062358,1.0090408669826858,-0.4250147577130797,-0.736220107210202,1.497161008675925,-0.5078007830046403,-0.6298000037255774,-0.5039032598602688,1.6958682119339528,-0.5758106657310548,-0.5788898726408979,-0.5650320466312655
-1.5390168585941664,-0.4962925309786525,0.01298239926782539,-1.4759563537029603,-0.9910401379383962,-0.4250147577130797,1.3582894438856787,-0.6679308332270758,-0.5078007830046403,1.5878056431954701,-0.5039032598602688,-0.5896684618314822,-0.5758106657310548,-0.5788898726408979,1.769811121266526
-1.205151995675936,0.6486126205076413,0.9571568914733132,0.6401101032188468,1.0090408669826858,-0.4250147577130797,-0.736220107210202,1.497161008675925,-0.5078007830046403,-0.6298000037255774,-0.5039032598602688,-0.5896684618314822,-0.5758106657310548,1.7274442813069022,-0.5650320466312655
0.1970804285806316,1.0302476710030728,0.4850696453705693,1.3454655888594491,1.0090408669826858,-0.4250147577130797,-0.736220107210202,1.497161008675925,-0.5078007830046403,-0.6298000037255774,-0.5039032598602688,-0.5896684618314822,1.7366819677269967,-0.5788898726408979,-0.5650320466312655
-0.9380601053413518,-1.307267013281444,1.1932005145246851,0.6401101032188468,1.0090408669826858,-0.4250147577130797,-0.736220107210202,-0.6679308332270758,-0.5078007830046403,1.5878056431954701,-0.5039032598602688,-0.5896684618314822,-0.5758106657310548,-0.5788898726408979,1.769811121266526
0.5309452914988619,1.5549958654342908,-0.22306122378354656,0.6401101032188468,-0.9910401379383962,-0.4250147577130797,1.3582894438856787,-0.6679308332270758,-0.5078007830046403,-0.6298000037255774,1.9845078999435277,-0.5896684618314822,-0.5758106657310548,-0.5788898726408979,1.769811121266526
-1.0048330779249979,-1.259562631969515,-1.1672357159890343,-0.06524538242175558,1.0090408669826858,-0.4250147577130797,-0.736220107210202,-0.6679308332270758,-0.5078007830046403,1.5878056431954701,-0.5039032598602688,-0.5896684618314822,-0.5758106657310548,1.7274442813069022,-0.5650320466312655
1.5325398802535533,-1.1641538693456572,0.01298239926782539,0.6401101032188468,-0.9910401379383962,-0.4250147577130797,1.3582894438856787,1.497161008675925,-0.5078007830046403,-0.6298000037255774,-0.5039032598602688,1.6958682119339528,-0.5758106657310548,-0.5788898726408979,-0.5650320466312655
1.1319020447516768,0.45779509525992573,1.1932005145246851,0.6401101032188468,-0.9910401379383962,2.352859475705742,-0.736220107210202,1.497161008675925,-0.5078007830046403,-0.6298000037255774,-0.5039032598602688,-0.5896684618314822,-0.5758106657310548,1.7274442813069022,-0.5650320466312655
-1.4722438860105203,-1.6889020637768752,-0.45910484683491853,0.6401101032188468,-0.9910401379383962,-0.4250147577130797,1.3582894438856787,-0.6679308332270758,-0.5078007830046403,-0.6298000037255774,1.9845078999435277,-0.5896684618314822,-0.5758106657310548,1.7274442813069022,-0.5650320466312655
-0.9380601053413518,0.6486126205076413,0.7211132684219412,1.3454655888594491,-0.9910401379383962,2.352859475705742,-0.736220107210202,-0.6679308332270758,-0.5078007830046403,-0.6298000037255774,1.9845078999435277,-0.5896684618314822,-0.5758106657310548,-0.5788898726408979,1.769811121266526
0.7312642092498002,-1.6411976824649464,1.1932005145246851,1.3454655888594491,1.0090408669826858,-0.4250147577130797,-0.736220107210202,-0.6679308332270758,1.9692762072618977,-0.6298000037255774,-0.5039032598602688,1.6958682119339528,-0.5758106657310548,-0.5788898726408979,-0.5650320466312655
-1.2719249682595821,1.6504046280581486,-0.45910484683491853,-0.06524538242175558,-0.9910401379383962,2.352859475705742,-0.736220107210202,1.497161008675925,-0.5078007830046403,-0.6298000037255774,-0.5039032598602688,-0.5896684618314822,-0.5758106657310548,1.7274442813069022,-0.5650320466312655
-0.4706492972558292,0.6009082391957125,0.4850696453705693,-0.06524538242175558,-0.9910401379383962,-0.4250147577130797,1.3582894438856787,1.497161008675925,-0.5078007830046403,-0.6298000037255774,-0.5039032598602688,-0.5896684618314822,-0.5758106657310548,1.7274442813069022,-0.5650320466312655
-1.071606050508644,-1.5934933011530175,-1.6393229620917782,-0.770600868062358,-0.9910401379383962,-0.4250147577130797,1.3582894438856787,1.497161008675925,-0.5078007830046403,-0.6298000037255774,-0.5039032598602688,1.6958682119339528,-0.5758106657310548,-0.5788898726408979,-0.5650320466312655
0.7312642092498002,-1.6411976824649464,0.4850696453705693,-0.06524538242175558,-0.9910401379383962,-0.4250147577130797,1.3582894438856787,1.497161008675925,-0.5078007830046403,-0.6298000037255774,-0.5039032598602688,-0.5896684618314822,-0.5758106657310548,-0.5788898726408979,1.769811121266526
-0.7377411875904135,-0.5917012936025103,0.9571568914733132,1.3454655888594491,1.0090408669826858,-0.4250147577130797,-0.736220107210202,1.497161008675925,-0.5078007830046403,-0.6298000037255774,-0.5039032598602688,1.6958682119339528,-0.5758106657310548,-0.5788898726408979,-0.5650320466312655
-0.4038763246721831,0.7917257644434281,-0.45910484683491853,1.3454655888594491,1.0090408669826858,-0.4250147577130797,-0.736220107210202,-0.6679308332270758,-0.5078007830046403,1.5878056431954701,-0.5039032598602688,1.6958682119339528,-0.5758106657310548,-0.5788898726408979,-0.5650320466312655
0.597718264082508,0.9348389083792149,-1.4032793390404064,-0.06524538242175558,-0.9910401379383962,2.352859475705742,-0.736220107210202,-0.6679308332270758,-0.5078007830046403,1.5878056431954701,-0.5039032598602688,-0.5896684618314822,-0.5758106657310548,-0.5788898726408979,1.769811121266526
-0.4038763246721831,0.07616004476449445,-1.6393229620917782,-0.06524538242175558,-0.9910401379383962,-0.4250147577130797,1.3582894438856787,1.497161008675925,-0.5078007830046403,-0.6298000037255774,-0.5039032598602688,-0.5896684618314822,1.7366819677269967,-0.5788898726408979,-0.5650320466312655
1.5325398802535533,-1.402675775905302,0.9571568914733132,1.3454655888594491,-0.9910401379383962,-0.4250147577130797,1.3582894438856787,1.497161008675925,-0.5078007830046403,-0.6298000037255774,-0.5039032598602688,-0.5896684618314822,1.7366819677269967,-0.5788898726408979,-0.5650320466312655
1.1319020447516768,1.6981090093700775,0.24902602231919735,-0.06524538242175558,-0.9910401379383962,-0.4250147577130797,1.3582894438856787,-0.6679308332270758,-0.5078007830046403,1.5878056431954701,-0.5039032598602688,-0.5896684618314822,-0.5758106657310548,-0.5788898726408979,1.769811121266526
-0.20355740692124488,1.364178340186575,-1.6393229620917782,1.3454655888594491,1.0090408669826858,-0.4250147577130797,-0.736220107210202,-0.6679308332270758,-0.5078007830046403,1.5878056431954701,-0.5039032598602688,-0.5896684618314822,1.7366819677269967,-0.5788898726408979,-0.5650320466312655
-1.5390168585941664,1.0302476710030728,-0.6951484698862904,-1.4759563537029603,1.0090408669826858,-0.4250147577130797,-0.736220107210202,1.497161008675925,-0.5078007830046403,-0.6298000037255774,-0.5039032598602688,1.6958682119339528,-0.5758106657310548,-0.5788898726408979,-0.5650320466312655
0.9983560995843845,1.411882721498504,-1.6393229620917782,1.3454655888594491,-0.9910401379383962,-0.4250147577130797,1.3582894438856787,-0.6679308332270758,-0.5078007830046403,-0.6298000037255774,1.9845078999435277,1.6958682119339528,-0.5758106657310548,-0.5788898726408979,-0.5650320466312655
0.1303074559969855,1.2210651962507884,-0.22306122378354656,-1.4759563537029603,-0.9910401379383962,-0.4250147577130797,1.3582894438856787,-0.6679308332270758,1.9692762072618977,-0.6298000037255774,-0.5039032598602688,-0.5896684618314822,1.7366819677269967,-0.5788898726408979,-0.5650320466312655
1.5993128528371992,1.0302476710030728,-0.9311920929376625,-0.770600868062358,-0.9910401379383962,-0.4250147577130797,1.3582894438856787,-0.6679308332270758,-0.5078007830046403,1.5878056431954701,-0.5039032598602688,-0.5896684618314822,-0.5758106657310548,-0.5788898726408979,1.769811121266526
1.4657669076699071,-1.1641538693456572,-0.22306122378354656,1.3454655888594491,1.0090408669826858,-0.4250147577130797,-0.736220107210202,-0.6679308332270758,1.9692762072618977,-0.6298000037255774,-0.5039032598602688,-0.5896684618314822,-0.5758106657310548,1.7274442813069022,-0.5650320466312655
-0.6709682150067674,-1.5457889198410886,-0.9311920929376625,-0.770600868062358,1.0090408669826858,-0.4250147577130797,-0.736220107210202,1.497161008675925,-0.5078007830046403,-0.6298000037255774,-0.5039032598602688,-0.5896684618314822,-0.5758106657310548,-0.5788898726408979,1.769811121266526
-1.6057898311778125,1.6504046280581486,0.7211132684219412,-0.770600868062358,-0.9910401379383962,-0.4250147577130797,1.3582894438856787,-0.6679308332270758,-0.5078007830046403,1.5878056431954701,-0.5039032598602688,-0.5896684618314822,-0.5758106657310548,1.7274442813069022,-0.5650320466312655
-1.071606050508644,-0.9256319627860127,0.01298239926782539,0.6401101032188468,1.0090408669826858,-0.4250147577130797,-0.736220107210202,1.497161008675925,-0.5078007830046403,-0.6298000037255774,-0.5039032598602688,-0.5896684618314822,-0.5758106657310548,1.7274442813069022,-0.5650320466312655
0.5309452914988619,0.8871345270672859,-1.6393229620917782,-1.4759563537029603,1.0090408669826858,-0.4250147577130797,-0.736220107210202,-0.6679308332270758,-0.5078007830046403,1.5878056431954701,-0.5039032598602688,-0.5896684618314822,-0.5758106657310548,1.7274442813069022,-0.5650320466312655
0.33062637374792375,-1.259562631969515,0.9571568914733132,-0.770600868062358,1.0090408669826858,-0.4250147577130797,-0.736220107210202,-0.6679308332270758,-0.5078007830046403,1.5878056431954701,-0.5039032598602688,-0.5896684618314822,-0.5758106657310548,1.7274442813069022,-0.5650320466312655
-0.6709682150067674,-1.1641538693456572,-0.6951484698862904,-0.770600868062358,-0.9910401379383962,2.352859475705742,-0.736220107210202,-0.6679308332270758,1.9692762072618977,-0.6298000037255774,-0.5039032598602688,1.6958682119339528,-0.5758106657310548,-0.5788898726408979,-0.5650320466312655
0.1303074559969855,1.5549958654342908,-1.4032793390404064,-1.4759563537029603,1.0090408669826858,-0.4250147577130797,-0.736220107210202,-0.6679308332270758,-0.5078007830046403,1.5878056431954701,-0.5039032598602688,-0.5896684618314822,1.7366819677269967,-0.5788898726408979,-0.5650320466312655
-1.205151995675936,-1.1164494880337283,-1.1672357159890343,-0.770600868062358,1.0090408669826858,-0.4250147577130797,-0.736220107210202,1.497161008675925,-0.5078007830046403,-0.6298000037255774,-0.5039032598602688,1.6958682119339528,-0.5758106657310548,-0.5788898726408979,-0.5650320466312655
-0.6709682150067674,0.5054994765718547,0.01298239926782539,-0.06524538242175558,1.0090408669826858,-0.4250147577130797,-0.736220107210202,-0.6679308332270758,-0.5078007830046403,1.5878056431954701,-0.5039032598602688,-0.5896684618314822,-0.5758106657310548,-0.5788898726408979,1.769811121266526
-1.7393357763451047,-0.9733363440979416,-0.22306122378354656,0.6401101032188468,1.0090408669826858,-0.4250147577130797,-0.736220107210202,-0.6679308332270758,-0.5078007830046403,1.5878056431954701,-0.5039032598602688,1.6958682119339528,-0.5758106657310548,-0.5788898726408979,-0.5650320466312655
1.4657669076699071,-1.2118582506575861,-1.4032793390404064,-0.06524538242175558,-0.9910401379383962,-0.4250147577130797,1.3582894438856787,1.497161008675925,-0.5078007830046403,-0.6298000037255774,-0.5039032598602688,1.6958682119339528,-0.5758106657310548,-0.5788898726408979,-0.5650320466312655
-0.6709682150067674,-1.5457889198410886,0.4850696453705693,-0.770600868062358,1.0090408669826858,-0.4250147577130797,-0.736220107210202,-0.6679308332270758,-0.5078007830046403,1.5878056431954701,-0.5039032598602688,1.6958682119339528,-0.5758106657310548,-0.5788898726408979,-0.5650320466312655
-0.6709682150067674,-0.3531793870428657,-1.4032793390404064,-0.770600868062358,-0.9910401379383962,2.352859475705742,-0.736220107210202,-0.6679308332270758,1.9692762072618977,-0.6298000037255774,-0.5039032598602688,1.6958682119339528,-0.5758106657310548,-0.5788898726408979,-0.5650320466312655
-0.7377411875904135,1.0302476710030728,-1.4032793390404064,-0.770600868062358,1.0090408669826858,-0.4250147577130797,-0.736220107210202,-0.6679308332270758,-0.5078007830046403,1.5878056431954701,-0.5039032598602688,-0.5896684618314822,-0.5758106657310548,1.7274442813069022,-0.5650320466312655
-0.8712871327577056,1.0779520523150017,-1.1672357159890343,1.3454655888594491,1.0090408669826858,-0.4250147577130797,-0.736220107210202,-0.6679308332270758,-0.5078007830046403,-0.6298000037255774,1.9845078999435277,-0.5896684618314822,-0.5758106657310548,1.7274442813069022,-0.5650320466312655
1.4657669076699071,-1.4980845385291597,0.01298239926782539,-0.770600868062358,1.0090408669826858,-0.4250147577130797,-0.736220107210202,1.497161008675925,-0.5078007830046403,-0.6298000037255774,-0.5039032598602688,1.6958682119339528,-0.5758106657310548,-0.5788898726408979,-0.5650320466312655
0.7980371818334463,-1.5457889198410886,0.01298239926782539,-0.770600868062358,1.0090408669826858,-0.4250147577130797,-0.736220107210202,1.497161008675925,-0.5078007830046403,-0.6298000037255774,-0.5039032598602688,-0.5896684618314822,-0.5758106657310548,-0.5788898726408979,1.769811121266526
-1.6725628037614586,1.5072914841223617,-1.4032793390404064,-0.06524538242175558,-0.9910401379383962,-0.4250147577130797,1.3582894438856787,-0.6679308332270758,-0.5078007830046403,1.5878056431954701,-0.5039032598602688,1.6958682119339528,-0.5758106657310548,-0.5788898726408979,-0.5650320466312655
-1.4722438860105203,1.6504046280581486,-1.6393229620917782,-0.770600868062358,-0.9910401379383962,2.352859475705742,-0.736220107210202,-0.6679308332270758,-0.5078007830046403,-0.6298000037255774,1.9845078999435277,-0.5896684618314822,-0.5758106657310548,-0.5788898726408979,1.769811121266526
-1.6057898311778125,-1.3549713945933728,0.4850696453705693,0.6401101032188468,1.0090408669826858,-0.4250147577130797,-0.736220107210202,1.497161008675925,-0.5078007830046403,-0.6298000037255774,-0.5039032598602688,-0.5896684618314822,-0.5758106657310548,-0.5788898726408979,1.769811121266526
-1.4054709134268744,0.07616004476449445,1.665287760627429,-0.06524538242175558,-0.9910401379383962,-0.4250147577130797,1.3582894438856787,-0.6679308332270758,-0.5078007830046403,1.5878056431954701,-0.5039032598602688,1.6958682119339528,-0.5758106657310548,-0.5788898726408979,-0.5650320466312655
1.6660858254208453,-0.6871100562263681,-0.45910484683491853,-0.770600868062358,-0.9910401379383962,-0.4250147577130797,1.3582894438856787,1.497161008675925,-0.5078007830046403,-0.6298000037255774,-0.5039032598602688,-0.5896684618314822,-0.5758106657310548,1.7274442813069022,-0.5650320466312655
0.1303074559969855,1.4595871028104328,-0.22306122378354656,0.6401101032188468,-0.9910401379383962,-0.4250147577130797,1.3582894438856787,-0.6679308332270758,1.9692762072618977,-0.6298000037255774,-0.5039032598602688,-0.5896684618314822,-0.5758106657310548,1.7274442813069022,-0.5650320466312655
-0.33710335208853703,1.411882721498504,0.24902602231919735,-0.770600868062358,-0.9910401379383962,-0.4250147577130797,1.3582894438856787,-0.6679308332270758,-0.5078007830046403,1.5878056431954701,-0.5039032598602688,-0.5896684618314822,-0.5758106657310548,-0.5788898726408979,1.769811121266526
1.6660858254208453,1.411882721498504,-1.6393229620917782,1.3454655888594491,-0.9910401379383962,-0.4250147577130797,1.3582894438856787,-0.6679308332270758,-0.5078007830046403,1.5878056431954701,-0.5039032598602688,-0.5896684618314822,1.7366819677269967,-0.5788898726408979,-0.5650320466312655
0.2638534011642777,1.6027002467462197,-0.9311920929376625,-0.770600868062358,1.0090408669826858,-0.4250147577130797,-0.736220107210202,1.497161008675925,-0.5078007830046403,-0.6298000037255774,-0.5039032598602688,1.6958682119339528,-0.5758106657310548,-0.5788898726408979,-0.5650320466312655
0.9315831270007384,-0.734814437538297,-0.45910484683491853,0.6401101032188468,1.0090408669826858,-0.4250147577130797,-0.736220107210202,-0.6679308332270758,-0.5078007830046403,-0.6298000037255774,1.9845078999435277,1.6958682119339528,-0.5758106657310548,-0.5788898726408979,-0.5650320466312655
0.597718264082508,0.3623863326360679,1.4292441375760572,-0.06524538242175558,1.0090408669826858,-0.4250147577130797,-0.736220107210202,-0.6679308332270758,-0.5078007830046403,-0.6298000037255774,1.9845078999435277,1.6958682119339528,-0.5758106657310548,-0.5788898726408979,-0.5650320466312655
0.6644912366661542,-1.0210407254098706,-1.1672357159890343,-0.770600868062358,-0.9910401379383962,-0.4250147577130797,1.3582894438856787,1.497161008675925,-0.5078007830046403,-0.6298000037255774,-0.5039032598602688,-0.5896684618314822,-0.5758106657310548,1.7274442813069022,-0.5650320466312655
-0.5374222698394753,-1.1641538693456572,0.01298239926782539,-0.770600868062358,-0.9910401379383962,-0.4250147577130797,1.3582894438856787,-0.6679308332270758,-0.5078007830046403,-0.6298000037255774,1.9845078999435277,-0.5896684618314822,-0.5758106657310548,-0.5788898726408979,1.769811121266526
-0.4706492972558292,-1.1641538693456572,-0.45910484683491853,-0.770600868062358,-0.9910401379383962,-0.4250147577130797,1.3582894438856787,-0.6679308332270758,1.9692762072618977,-0.6298000037255774,-0.5039032598602688,-0.5896684618314822,-0.5758106657310548,-0.5788898726408979,1.769811121266526
-1.2719249682595821,0.9348389083792149,0.7211132684219412,-1.4759563537029603,-0.9910401379383962,-0.4250147577130797,1.3582894438856787,-0.6679308332270758,-0.5078007830046403,-0.6298000037255774,1.9845078999435277,1.6958682119339528,-0.5758106657310548,-0.5788898726408979,-0.5650320466312655
-1.4722438860105203,1.6981090093700775,-1.4032793390404064,0.6401101032188468,-0.9910401379383962,2.352859475705742,-0.736220107210202,1.497161008675925,-0.5078007830046403,-0.6298000037255774,-0.5039032598602688,-0.5896684618314822,-0.5758106657310548,1.7274442813069022,-0.5650320466312655
0.6644912366661542,0.6009082391957125,1.665287760627429,1.3454655888594491,1.0090408669826858,-0.4250147577130797,-0.736220107210202,-0.6679308332270758,1.9692762072618977,-0.6298000037255774,-0.5039032598602688,-0.5896684618314822,1.7366819677269967,-0.5788898726408979,-0.5650320466312655
-0.4706492972558292,-0.8779275814740838,1.665287760627429,-1.4759563537029603,-0.9910401379383962,-0.4250147577130797,1.3582894438856787,-0.6679308332270758,1.9692762072618977,-0.6298000037255774,-0.5039032598602688,-0.5896684618314822,-0.5758106657310548,1.7274442813069022,-0.5650320466312655
0.06353448341333943,0.6009082391957125,0.7211132684219412,1.3454655888594491,1.0090408669826858,-0.4250147577130797,-0.736220107210202,1.497161008675925,-0.5078007830046403,-0.6298000037255774,-0.5039032598602688,-0.5896684618314822,-0.5758106657310548,1.7274442813069022,-0.5650320466312655
-1.7393357763451047,-0.11465748048322119,1.665287760627429,0.6401101032188468,-0.9910401379383962,-0.4250147577130797,1.3582894438856787,1.497161008675925,-0.5078007830046403,-0.6298000037255774,-0.5039032598602688,-0.5896684618314822,1.7366819677269967,-0.5788898726408979,-0.5650320466312655
1.6660858254208453,1.0779520523150017,-0.6951484698862904,-1.4759563537029603,-0.9910401379383962,-0.4250147577130797,1.3582894438856787,-0.6679308332270758,-0.5078007830046403,1.5878056431954701,-0.5039032598602688,1.6958682119339528,-0.5758106657310548,-0.5788898726408979,-0.5650320466312655
0.46417231891521593,-1.2118582506575861,0.24902602231919735,-1.4759563537029603,1.0090408669826858,-0.4250147577130797,-0.736220107210202,-0.6679308332270758,1.9692762072618977,-0.6298000037255774,-0.5039032598602688,1.6958682119339528,-0.5758106657310548,-0.5788898726408979,-0.5650320466312655
0.06353448341333943,1.411882721498504,-0.22306122378354656,0.6401101032188468,-0.9910401379383962,2.352859475705742,-0.736220107210202,-0.6679308332270758,-0.5078007830046403,1.5878056431954701,-0.5039032598602688,-0.5896684618314822,-0.5758106657310548,1.7274442813069022,-0.5650320466312655
1.2654479899189688,0.9348389083792149,0.24902602231919735,1.3454655888594491,-0.9910401379383962,-0.4250147577130797,1.3582894438856787,1.497161008675925,-0.5078007830046403,-0.6298000037255774,-0.5039032598602688,1.6958682119339528,-0.5758106657310548,-0.5788898726408979,-0.5650320466312655
0.2638534011642777,0.41009071394799684,0.9571568914733132,-0.06524538242175558,-0.9910401379383962,-0.4250147577130797,1.3582894438856787,-0.6679308332270758,1.9692762072618977,-0.6298000037255774,-0.5039032598602688,-0.5896684618314822,-0.5758106657310548,-0.5788898726408979,1.769811121266526
0.1303074559969855,-0.4962925309786525,0.01298239926782539,0.6401101032188468,-0.9910401379383962,-0.4250147577130797,1.3582894438856787,-0.6679308332270758,-0.5078007830046403,1.5878056431954701,-0.5039032598602688,-0.5896684618314822,-0.5758106657310548,1.7274442813069022,-0.5650320466312655
1.2654479899189688,0.6009082391957125,1.4292441375760572,0.6401101032188468,1.0090408669826858,-0.4250147577130797,-0.736220107210202,1.497161008675925,-0.5078007830046403,-0.6298000037255774,-0.5039032598602688,-0.5896684618314822,1.7366819677269967,-0.5788898726408979,-0.5650320466312655
1.1986750173353227,-0.4962925309786525,0.9571568914733132,0.6401101032188468,-0.9910401379383962,-0.4250147577130797,1.3582894438856787,1.497161008675925,-0.5078007830046403,-0.6298000037255774,-0.5039032598602688,-0.5896684618314822,1.7366819677269967,-0.5788898726408979,-0.5650320466312655
-0.1367844343375988,0.839430145755357,-0.6951484698862904,1.3454655888594491,-0.9910401379383962,2.352859475705742,-0.736220107210202,-0.6679308332270758,-0.5078007830046403,-0.6298000037255774,1.9845078999435277,-0.5896684618314822,-0.5758106657310548,1.7274442813069022,-0.5650320466312655
-0.1367844343375988,-0.734814437538297,-1.1672357159890343,-1.4759563537029603,1.0090408669826858,-0.4250147577130797,-0.736220107210202,-0.6679308332270758,-0.5078007830046403,-0.6298000037255774,1.9845078999435277,1.6958682119339528,-0.5758106657310548,-0.5788898726408979,-0.5650320466312655
1.1986750173353227,-1.6889020637768752,-0.22306122378354656,-0.770600868062358,-0.9910401379383962,-0.4250147577130797,1.3582894438856787,1.497161008675925,-0.5078007830046403,-0.6298000037255774,-0.5039032598602688,-0.5896684618314822,-0.5758106657310548,1.7274442813069022,-0.5650320466312655
-0.7377411875904135,-1.6411976824649464,0.01298239926782539,-0.770600868062358,1.0090408669826858,-0.4250147577130797,-0.736220107210202,-0.6679308332270758,1.9692762072618977,-0.6298000037255774,-0.5039032598602688,1.6958682119339528,-0.5758106657310548,-0.5788898726408979,-0.5650320466312655
-1.1383790230922899,-0.782518818850226,0.01298239926782539,1.3454655888594491,1.0090408669826858,-0.4250147577130797,-0.736220107210202,-0.6679308332270758,1.9692762072618977,-0.6298000037255774,-0.5039032598602688,-0.5896684618314822,1.7366819677269967,-0.5788898726408979,-0.5650320466312655
-0.6709682150067674,-0.06695309917129227,-0.9311920929376625,-0.770600868062358,1.0090408669826858,-0.4250147577130797,-0.736220107210202,-0.6679308332270758,1.9692762072618977,-0.6298000037255774,-0.5039032598602688,1.6958682119339528,-0.5758106657310548,-0.5788898726408979,-0.5650320466312655
-1.7393357763451047,-0.9256319627860127,0.01298239926782539,0.6401101032188468,1.0090408669826858,-0.4250147577130797,-0.736220107210202,-0.6679308332270758,1.9692762072618977,-0.6298000037255774,-0.5039032598602688,1.6958682119339528,-0.5758106657310548,-0.5788898726408979,-0.5650320466312655
1.1986750173353227,1.364178340186575,0.9571568914733132,-0.06524538242175558,1.0090408669826858,-0.4250147577130797,-0.736220107210202,-0.6679308332270758,-0.5078007830046403,1.5878056431954701,-0.5039032598602688,1.6958682119339528,-0.5758106657310548,-0.5788898726408979,-0.5650320466312655
0.46417231891521593,1.6504046280581486,1.665287760627429,-0.06524538242175558,1.0090408669826858,-0.4250147577130797,-0.736220107210202,-0.6679308332270758,-0.5078007830046403,1.5878056431954701,-0.5039032598602688,1.6958682119339528,-0.5758106657310548,-0.5788898726408979,-0.5650320466312655
1.398993935086261,0.07616004476449445,0.7211132684219412,-0.06524538242175558,1.0090408669826858,-0.4250147577130797,-0.736220107210202,-0.6679308332270758,-0.5078007830046403,1.5878056431954701,-0.5039032598602688,1.6958682119339528,-0.5758106657310548,-0.5788898726408979,-0.5650320466312655
0.6644912366661542,-0.8779275814740838,-1.4032793390404064,-0.770600868062358,1.0090408669826858,-0.4250147577130797,-0.736220107210202,-0.6679308332270758,-0.5078007830046403,-0.6298000037255774,1.9845078999435277,-0.5896684618314822,-0.5758106657310548,1.7274442813069022,-0.5650320466312655
-0.5374222698394753,-0.5917012936025103,-1.6393229620917782,-0.06524538242175558,-0.9910401379383962,2.352859475705742,-0.736220107210202,1.497161008675925,-0.5078007830046403,-0.6298000037255774,-0.5039032598602688,1.6958682119339528,-0.5758106657310548,-0.5788898726408979,-0.5650320466312655
-1.1383790230922899,1.3164739588746461,-0.45910484683491853,-0.06524538242175558,1.0090408669826858,-0.4250147577130797,-0.736220107210202,-0.6679308332270758,-0.5078007830046403,1.5878056431954701,-0.5039032598602688,-0.5896684618314822,1.7366819677269967,-0.5788898726408979,-0.5650320466312655
-1.7393357763451047,-0.734814437538297,0.7211132684219412,1.3454655888594491,-0.9910401379383962,-0.4250147577130797,1.3582894438856787,1.497161008675925,-0.5078007830046403,-0.6298000037255774,-0.5039032598602688,1.6958682119339528,-0.5758106657310548,-0.5788898726408979,-0.5650320466312655
-1.0048330779249979,0.12386442607642337,-0.45910484683491853,1.3454655888594491,-0.9910401379383962,-0.4250147577130797,1.3582894438856787,1.497161008675925,-0.5078007830046403,-0.6298000037255774,-0.5039032598602688,-0.5896684618314822,1.7366819677269967,-0.5788898726408979,-0.5650320466312655
-0.07001146175395272,0.6963170018195703,0.7211132684219412,-0.770600868062358,-0.9910401379383962,-0.4250147577130797,1.3582894438856787,-0.6679308332270758,1.9692762072618977,-0.6298000037255774,-0.5039032598602688,1.6958682119339528,-0.5758106657310548,-0.5788898726408979,-0.5650320466312655
0.9983560995843845,1.1256564336269306,0.24902602231919735,-1.4759563537029603,1.0090408669826858,-0.4250147577130797,-0.736220107210202,1.497161008675925,-0.5078007830046403,-0.6298000037255774,-0.5039032598602688,-0.5896684618314822,-0.5758106657310548,-0.5788898726408979,1.769811121266526
1.0651290721680307,-1.0210407254098706,1.4292441375760572,-1.4759563537029603,1.0090408669826858,-0.4250147577130797,-0.736220107210202,1.497161008675925,-0.5078007830046403,-0.6298000037255774,-0.5039032598602688,-0.5896684618314822,1.7366819677269967,-0.5788898726408979,-0.5650320466312655
-0.8712871327577056,0.5054994765718547,-0.45910484683491853,1.3454655888594491,-0.9910401379383962,2.352859475705742,-0.736220107210202,-0.6679308332270758,-0.5078007830046403,-0.6298000037255774,1.9845078999435277,1.6958682119339528,-0.5758106657310548,-0.5788898726408979,-0.5650320466312655
0.06353448341333943,-0.9733363440979416,-1.1672357159890343,-0.770600868062358,-0.9910401379383962,-0.4250147577130797,1.3582894438856787,1.497161008675925,-0.5078007830046403,-0.6298000037255774,-0.5039032598602688,1.6958682119339528,-0.5758106657310548,-0.5788898726408979,-0.5650320466312655
-1.205151995675936,-0.21006624310707903,-0.22306122378354656,-1.4759563537029603,-0.9910401379383962,-0.4250147577130797,1.3582894438856787,-0.6679308332270758,-0.5078007830046403,-0.6298000037255774,1.9845078999435277,-0.5896684618314822,-0.5758106657310548,-0.5788898726408979,1.769811121266526
-1.2719249682595821,-0.30547500573093683,-1.6393229620917782,-0.770600868062358,1.0090408669826858,-0.4250147577130797,-0.736220107210202,-0.6679308332270758,-0.5078007830046403,1.5878056431954701,-0.5039032598602688,1.6958682119339528,-0.5758106657310548,-0.5788898726408979,-0.5650320466312655
0.33062637374792375,0.9825432896911438,1.1932005145246851,0.6401101032188468,-0.9910401379383962,2.352859475705742,-0.736220107210202,-0.6679308332270758,1.9692762072618977,-0.6298000037255774,-0.5039032598602688,-0.5896684618314822,1.7366819677269967,-0.5788898726408979,-0.5650320466312655
0.7980371818334463,1.0779520523150017,0.01298239926782539,-0.06524538242175558,-0.9910401379383962,-0.4250147577130797,1.3582894438856787,1.497161008675925,-0.5078007830046403,-0.6298000037255774,-0.5039032598602688,1.6958682119339528,-0.5758106657310548,-0.5788898726408979,-0.5650320466312655
0.46417231891521593,0.45779509525992573,-0.22306122378354656,-0.06524538242175558,-0.9910401379383962,-0.4250147577130797,1.3582894438856787,-0.6679308332270758,-0.5078007830046403,-0.6298000037255774,1.9845078999435277,1.6958682119339528,-0.5758106657310548,-0.5788898726408979,-0.5650320466312655
1.332220962502615,0.12386442607642337,0.9571568914733132,-0.770600868062358,1.0090408669826858,-0.4250147577130797,-0.736220107210202,-0.6679308332270758,1.9692762072618977,-0.6298000037255774,-0.5039032598602688,-0.5896684618314822,1.7366819677269967,-0.5788898726408979,-0.5650320466312655
0.2638534011642777,-0.4962925309786525,-1.6393229620917782,-0.06524538242175558,-0.9910401379383962,2.352859475705742,-0.736220107210202,-0.6679308332270758,1.9692762072618977,-0.6298000037255774,-0.5039032598602688,-0.5896684618314822,-0.5758106657310548,-0.5788898726408979,1.769811121266526
-1.6725628037614586,0.314681951324139,-1.4032793390404064,-0.770600868062358,-0.9910401379383962,-0.4250147577130797,1.3582894438856787,-0.6679308332270758,-0.5078007830046403,1.5878056431954701,-0.5039032598602688,-0.5896684618314822,1.7366819677269967,-0.5788898726408979,-0.5650320466312655
0.33062637374792375,-0.44858814966672356,0.24902602231919735,-0.06524538242175558,1.0090408669826858,-0.4250147577130797,-0.736220107210202,-0.6679308332270758,-0.5078007830046403,1.5878056431954701,-0.5039032598602688,-0.5896684618314822,1.7366819677269967,-0.5788898726408979,-0.5650320466312655
-0.4038763246721831,-0.4962925309786525,1.1932005145246851,1.3454655888594491,1.0090408669826858,-0.4250147577130797,-0.736220107210202,1.497161008675925,-0.5078007830046403,-0.6298000037255774,-0.5039032598602688,-0.5896684618314822,1.7366819677269967,-0.5788898726408979,-0.5650320466312655
-0.8045141601740596,1.4595871028104328,0.9571568914733132,0.6401101032188468,1.0090408669826858,-0.4250147577130797,-0.736220107210202,-0.6679308332270758,-0.5078007830046403,-0.6298000037255774,1.9845078999435277,-0.5896684618314822,-0.5758106657310548,1.7274442813069022,-0.5650320466312655
-0.33710335208853703,0.8871345270672859,1.665287760627429,1.3454655888594491,-0.9910401379383962,-0.4250147577130797,1.3582894438856787,1.497161008675925,-0.5078007830046403,-0.6298000037255774,-0.5039032598602688,1.6958682119339528,-0.5758106657310548,-0.5788898726408979,-0.5650320466312655
-0.8712871327577056,0.314681951324139,-1.1672357159890343,0.6401101032188468,-0.9910401379383962,-0.4250147577130797,1.3582894438856787,-0.6679308332270758,1.9692762072618977,-0.6298000037255774,-0.5039032598602688,1.6958682119339528,-0.5758106657310548,-0.5788898726408979,-0.5650320466312655
0.7312642092498002,-0.9256319627860127,0.01298239926782539,0.6401101032188468,1.0090408669826858,-0.4250147577130797,-0.736220107210202,1.497161008675925,-0.5078007830046403,-0.6298000037255774,-0.5039032598602688,1.6958682119339528,-0.5758106657310548,-0.5788898726408979,-0.5650320466312655
-0.6709682150067674,0.6486126205076413,-0.6951484698862904,-1.4759563537029603,-0.9910401379383962,-0.4250147577130797,1.3582894438856787,-0.6679308332270758,-0.5078007830046403,-0.6298000037255774,1.9845078999435277,-0.5896684618314822,-0.5758106657310548,1.7274442813069022,-0.5650320466312655
-0.1367844343375988,-0.5439969122905814,-0.9311920929376625,1.3454655888594491,-0.9910401379383962,-0.4250147577130797,1.3582894438856787,-0.6679308332270758,-0.5078007830046403,-0.6298000037255774,1.9845078999435277,1.6958682119339528,-0.5758106657310548,-0.5788898726408979,-0.5650320466312655
-1.071606050508644,0.45779509525992573,-0.6951484698862904,1.3454655888594491,-0.9910401379383962,-0.4250147577130797,1.3582894438856787,1.497161008675925,-0.5078007830046403,-0.6298000037255774,-0.5039032598602688,1.6958682119339528,-0.5758106657310548,-0.5788898726408979,-0.5650320466312655
0.8648101544170924,-0.734814437538297,1.1932005145246851,-0.06524538242175558,-0.9910401379383962,2.352859475705742,-0.736220107210202,-0.6679308332270758,-0.5078007830046403,1.5878056431954701,-0.5039032598602688,-0.5896684618314822,-0.5758106657310548,-0.5788898726408979,1.769811121266526
0.1970804285806316,-0.11465748048322119,0.01298239926782539,-0.770600868062358,1.0090408669826858,-0.4250147577130797,-0.736220107210202,-0.6679308332270758,-0.5078007830046403,1.5878056431954701,-0.5039032598602688,-0.5896684618314822,-0.5758106657310548,-0.5788898726408979,1.769811121266526
1.6660858254208453,0.6963170018195703,0.24902602231919735,-0.06524538242175558,1.0090408669826858,-0.4250147577130797,-0.736220107210202,-0.6679308332270758,-0.5078007830046403,1.5878056431954701,-0.5039032598602688,1.6958682119339528,-0.5758106657310548,-0.5788898726408979,-0.5650320466312655
0.33062637374792375,-0.5917012936025103,-0.22306122378354656,-1.4759563537029603,-0.9910401379383962,2.352859475705742,-0.736220107210202,-0.6679308332270758,-0.5078007830046403,1.5878056431954701,-0.5039032598602688,1.6958682119339528,-0.5758106657310548,-0.5788898726408979,-0.5650320466312655
-1.1383790230922899,0.7917257644434281,0.01298239926782539,-0.06524538242175558,1.0090408669826858,-0.4250147577130797,-0.736220107210202,-0.6679308332270758,-0.5078007830046403,1.5878056431954701,-0.5039032598602688,-0.5896684618314822,-0.5758106657310548,1.7274442813069022,-0.5650320466312655
1.4657669076699071,-1.4980845385291597,-0.22306122378354656,-1.4759563537029603,-0.9910401379383962,-0.4250147577130797,1.3582894438856787,1.497161008675925,-0.5078007830046403,-0.6298000037255774,-0.5039032598602688,1.6958682119339528,-0.5758106657310548,-0.5788898726408979,-0.5650320466312655
0.8648101544170924,1.4595871028104328,-0.9311920929376625,-1.4759563537029603,-0.9910401379383962,-0.4250147577130797,1.3582894438856787,1.497161008675925,-0.5078007830046403,-0.6298000037255774,-0.5039032598602688,-0.5896684618314822,1.7366819677269967,-0.5788898726408979,-0.5650320466312655
1.4657669076699071,0.314681951324139,-0.9311920929376625,1.3454655888594491,-0.9910401379383962,-0.4250147577130797,1.3582894438856787,-0.6679308332270758,-0.5078007830046403,1.5878056431954701,-0.5039032598602688,-0.5896684618314822,-0.5758106657310548,1.7274442813069022,-0.5650320466312655
0.46417231891521593,0.9348389083792149,0.4850696453705693,0.6401101032188468,1.0090408669826858,-0.4250147577130797,-0.736220107210202,1.497161008675925,-0.5078007830046403,-0.6298000037255774,-0.5039032598602688,1.6958682119339528,-0.5758106657310548,-0.5788898726408979,-0.5650320466312655
-0.6041952424231214,0.9825432896911438,0.24902602231919735,1.3454655888594491,-0.9910401379383962,2.352859475705742,-0.736220107210202,1.497161008675925,-0.5078007830046403,-0.6298000037255774,-0.5039032598602688,-0.5896684618314822,-0.5758106657310548,1.7274442813069022,-0.5650320466312655
0.2638534011642777,0.2669775700122101,-0.6951484698862904,-0.06524538242175558,-0.9910401379383962,-0.4250147577130797,1.3582894438856787,1.497161008675925,-0.5078007830046403,-0.6298000037255774,-0.5039032598602688,-0.5896684618314822,-0.5758106657310548,-0.5788898726408979,1.769811121266526
-0.5374222698394753,-0.06695309917129227,-0.22306122378354656,-0.770600868062358,1.0090408669826858,-0.4250147577130797,-0.736220107210202,-0.6679308332270758,-0.5078007830046403,1.5878056431954701,-0.5039032598602688,-0.5896684618314822,-0.5758106657310548,1.7274442813069022,-0.5650320466312655
1.0651290721680307,-0.8302232001621549,-1.1672357159890343,-1.4759563537029603,1.0090408669826858,-0.4250147577130797,-0.736220107210202,-0.6679308332270758,-0.5078007830046403,-0.6298000037255774,1.9845078999435277,1.6958682119339528,-0.5758106657310548,-0.5788898726408979,-0.5650320466312655
1.4657669076699071,1.1256564336269306,1.665287760627429,-0.770600868062358,-0.9910401379383962,2.352859475705742,-0.736220107210202,-0.6679308332270758,-0.5078007830046403,1.5878056431954701,-0.5039032598602688,-0.5896684618314822,1.7366819677269967,-0.5788898726408979,-0.5650320466312655
0.1303074559969855,-1.307267013281444,1.665287760627429,-0.770600868062358,-0.9910401379383962,-0.4250147577130797,1.3582894438856787,-0.6679308332270758,1.9692762072618977,-0.6298000037255774,-0.5039032598602688,-0.5896684618314822,-0.5758106657310548,1.7274442813069022,-0.5650320466312655
-1.4722438860105203,-1.1641538693456572,0.7211132684219412,0.6401101032188468,-0.9910401379383962,-0.4250147577130797,1.3582894438856787,-0.6679308332270758,-0.5078007830046403,1.5878056431954701,-0.5039032598602688,-0.5896684618314822,-0.5758106657310548,-0.5788898726408979,1.769811121266526
-0.8712871327577056,-1.0687451067217995,-0.6951484698862904,1.3454655888594491,-0.9910401379383962,-0.4250147577130797,1.3582894438856787,-0.6679308332270758,-0.5078007830046403,1.5878056431954701,-0.5039032598602688,-0.5896684618314822,-0.5758106657310548,-0.5788898726408979,1.769811121266526
0.06353448341333943,1.2210651962507884,-0.45910484683491853,0.6401101032188468,1.0090408669826858,-0.4250147577130797,-0.736220107210202,-0.6679308332270758,1.9692762072618977,-0.6298000037255774,-0.5039032598602688,-0.5896684618314822,-0.5758106657310548,-0.5788898726408979,1.769811121266526
0.8648101544170924,-1.6411976824649464,-0.9311920929376625,-1.4759563537029603,-0.9910401379383962,2.352859475705742,-0.736220107210202,1.497161008675925,-0.5078007830046403,-0.6298000037255774,-0.5039032598602688,-0.5896684618314822,-0.5758106657310548,1.7274442813069022,-0.5650320466312655
-1.5390168585941664,0.5054994765718547,-1.4032793390404064,-0.770600868062358,-0.9910401379383962,-0.4250147577130797,1.3582894438856787,-0.6679308332270758,-0.5078007830046403,1.5878056431954701,-0.5039032598602688,-0.5896684618314822,1.7366819677269967,-0.5788898726408979,-0.5650320466312655
-0.5374222698394753,1.5072914841223617,-0.22306122378354656,-1.4759563537029603,-0.9910401379383962,-0.4250147577130797,1.3582894438856787,1.497161008675925,-0.5078007830046403,-0.6298000037255774,-0.5039032598602688,-0.5896684618314822,-0.5758106657310548,-0.5788898726408979,1.769811121266526
0.1970804285806316,-1.6411976824649464,0.4850696453705693,1.3454655888594491,-0.9910401379383962,2.352859475705742,-0.736220107210202,-0.6679308332270758,-0.5078007830046403,1.5878056431954701,-0.5039032598602688,-0.5896684618314822,-0.5758106657310548,1.7274442813069022,-0.5650320466312655
0.33062637374792375,1.1256564336269306,-0.45910484683491853,0.6401101032188468,-0.9910401379383962,-0.4250147577130797,1.3582894438856787,-0.6679308332270758,-0.5078007830046403,1.5878056431954701,-0.5039032598602688,-0.5896684618314822,-0.5758106657310548,-0.5788898726408979,1.769811121266526
-0.5374222698394753,-1.6411976824649464,-1.6393229620917782,-0.06524538242175558,1.0090408669826858,-0.4250147577130797,-0.736220107210202,-0.6679308332270758,1.9692762072618977,-0.6298000037255774,-0.5039032598602688,-0.5896684618314822,-0.5758106657310548,-0.5788898726408979,1.769811121266526
-1.5390168585941664,0.839430145755357,-0.9311920929376625,-0.770600868062358,-0.9910401379383962,-0.4250147577130797,1.3582894438856787,-0.6679308332270758,1.9692762072618977,-0.6298000037255774,-0.5039032598602688,-0.5896684618314822,-0.5758106657310548,-0.5788898726408979,1.769811121266526
-1.0048330779249979,1.6981090093700775,-0.6951484698862904,-0.06524538242175558,1.0090408669826858,-0.4250147577130797,-0.736220107210202,-0.6679308332270758,1.9692762072618977,-0.6298000037255774,-0.5039032598602688,-0.5896684618314822,-0.5758106657310548,1.7274442813069022,-0.5650320466312655
-1.0048330779249979,0.7440213831314992,-0.45910484683491853,1.3454655888594491,-0.9910401379383962,-0.4250147577130797,1.3582894438856787,1.497161008675925,-0.5078007830046403,-0.6298000037255774,-0.5039032598602688,-0.5896684618314822,-0.5758106657310548,1.7274442813069022,-0.5650320466312655
-1.4722438860105203,0.9348389083792149,-0.6951484698862904,1.3454655888594491,-0.9910401379383962,-0.4250147577130797,1.3582894438856787,-0.6679308332270758,-0.5078007830046403,1.5878056431954701,-0.5039032598602688,-0.5896684618314822,-0.5758106657310548,1.7274442813069022,-0.5650320466312655
0.7312642092498002,0.7440213831314992,1.665287760627429,0.6401101032188468,1.0090408669826858,-0.4250147577130797,-0.736220107210202,-0.6679308332270758,1.9692762072618977,-0.6298000037255774,-0.5039032598602688,-0.5896684618314822,-0.5758106657310548,1.7274442813069022,-0.5650320466312655
1.2654479899189688,-0.11465748048322119,0.4850696453705693,-0.770600868062358,-0.9910401379383962,-0.4250147577130797,1.3582894438856787,1.497161008675925,-0.5078007830046403,-0.6298000037255774,-0.5039032598602688,1.6958682119339528,-0.5758106657310548,-0.5788898726408979,-0.5650320466312655
-1.6057898311778125,0.17156880738835228,0.24902602231919735,-0.06524538242175558,-0.9910401379383962,-0.4250147577130797,1.3582894438856787,-0.6679308332270758,-0.5078007830046403,1.5878056431954701,-0.5039032598602688,-0.5896684618314822,1.7366819677269967,-0.5788898726408979,-0.5650320466312655
0.33062637374792375,-0.5917012936025103,-0.9311920929376625,-1.4759563537029603,-0.9910401379383962,-0.4250147577130797,1.3582894438856787,-0.6679308332270758,1.9692762072618977,-0.6298000037255774,-0.5039032598602688,-0.5896684618314822,-0.5758106657310548,1.7274442813069022,-0.5650320466312655
-0.1367844343375988,1.6504046280581486,1.1932005145246851,-0.770600868062358,-0.9910401379383962,-0.4250147577130797,1.3582894438856787,1.497161008675925,-0.5078007830046403,-0.6298000037255774,-0.5039032598602688,1.6958682119339528,-0.5758106657310548,-0.5788898726408979,-0.5650320466312655
0.6644912366661542,1.3164739588746461,0.01298239926782539,-1.4759563537029603,-0.9910401379383962,-0.4250147577130797,1.3582894438856787,-0.6679308332270758,-0.5078007830046403,-0.6298000037255774,1.9845078999435277,-0.5896684618314822,-0.5758106657310548,-0.5788898726408979,1.769811121266526
-1.071606050508644,-0.11465748048322119,0.01298239926782539,0.6401101032188468,1.0090408669826858,-0.4250147577130797,-0.736220107210202,-0.6679308332270758,-0.5078007830046403,-0.6298000037255774,1.9845078999435277,1.6958682119339528,-0.5758106657310548,-0.5788898726408979,-0.5650320466312655
0.8648101544170924,1.6027002467462197,-0.45910484683491853,0.6401101032188468,1.0090408669826858,-0.4250147577130797,-0.736220107210202,1.497161008675925,-0.5078007830046403,-0.6298000037255774,-0.5039032598602688,-0.5896684618314822,-0.5758106657310548,1.7274442813069022,-0.5650320466312655
-0.8045141601740596,0.41009071394799684,1.665287760627429,1.3454655888594491,1.0090408669826858,-0.4250147577130797,-0.736220107210202,1.497161008675925,-0.5078007830046403,-0.6298000037255774,-0.5039032598602688,-0.5896684618314822,-0.5758106657310548,-0.5788898726408979,1.769811121266526
1.332220962502615,0.3623863326360679,0.9571568914733132,-0.06524538242175558,-0.9910401379383962,2.352859475705742,-0.736220107210202,-0.6679308332270758,1.9692762072618977,-0.6298000037255774,-0.5039032598602688,-0.5896684618314822,1.7366819677269967,-0.5788898726408979,-0.5650320466312655
0.8648101544170924,1.2687695775627172,-0.45910484683491853,-0.770600868062358,1.0090408669826858,-0.4250147577130797,-0.736220107210202,1.497161008675925,-0.5078007830046403,-0.6298000037255774,-0.5039032598602688,-0.5896684618314822,-0.5758106657310548,1.7274442813069022,-0.5650320466312655
-1.6725628037614586,1.6027002467462197,0.4850696453705693,0.6401101032188468,-0.9910401379383962,2.352859475705742,-0.736220107210202,-0.6679308332270758,-0.5078007830046403,1.5878056431954701,-0.5039032598602688,-0.5896684618314822,-0.5758106657310548,1.7274442813069022,-0.5650320466312655
1.6660858254208453,-1.259562631969515,0.7211132684219412,0.6401101032188468,-0.9910401379383962,-0.4250147577130797,1.3582894438856787,-0.6679308332270758,-0.5078007830046403,-0.6298000037255774,1.9845078999435277,-0.5896684618314822,1.7366819677269967,-0.5788898726408979,-0.5650320466312655
0.5309452914988619,0.5054994765718547,-0.22306122378354656,0.6401101032188468,1.0090408669826858,-0.4250147577130797,-0.736220107210202,-0.6679308332270758,-0.5078007830046403,-0.6298000037255774,1.9845078999435277,1.6958682119339528,-0.5758106657310548,-0.5788898726408979,-0.5650320466312655
0.1970804285806316,-1.5457889198410886,0.7211132684219412,1.3454655888594491,-0.9910401379383962,-0.4250147577130797,1.3582894438856787,-0.6679308332270758,1.9692762072618977,-0.6298000037255774,-0.5039032598602688,-0.5896684618314822,1.7366819677269967,-0.5788898726408979,-0.5650320466312655
1.2654479899189688,-0.06695309917129227,1.1932005145246851,1.3454655888594491,1.0090408669826858,-0.4250147577130797,-0.736220107210202,-0.6679308332270758,-0.5078007830046403,-0.6298000037255774,1.9845078999435277,-0.5896684618314822,-0.5758106657310548,1.7274442813069022,-0.5650320466312655
0.33062637374792375,0.3623863326360679,-1.1672357159890343,1.3454655888594491,-0.9910401379383962,2.352859475705742,-0.736220107210202,-0.6679308332270758,-0.5078007830046403,-0.6298000037255774,1.9845078999435277,-0.5896684618314822,-0.5758106657310548,-0.5788898726408979,1.769811121266526
0.8648101544170924,-1.4503801572172308,0.01298239926782539,0.6401101032188468,1.0090408669826858,-0.4250147577130797,-0.736220107210202,-0.6679308332270758,-0.5078007830046403,1.5878056431954701,-0.5039032598602688,1.6958682119339528,-0.5758106657310548,-0.5788898726408979,-0.5650320466312655
0.7312642092498002,-1.6889020637768752,1.1932005145246851,0.6401101032188468,-0.9910401379383962,2.352859475705742,-0.736220107210202,1.497161008675925,-0.5078007830046403,-0.6298000037255774,-0.5039032598602688,-0.5896684618314822,-0.5758106657310548,-0.5788898726408979,1.769811121266526
-0.6709682150067674,-0.3531793870428657,-0.45910484683491853,1.3454655888594491,1.0090408669826858,-0.4250147577130797,-0.736220107210202,-0.6679308332270758,-0.5078007830046403,1.5878056431954701,-0.5039032598602688,-0.5896684618314822,-0.5758106657310548,-0.5788898726408979,1.769811121266526
-0.33710335208853703,0.314681951324139,-1.6393229620917782,1.3454655888594491,-0.9910401379383962,2.352859475705742,-0.736220107210202,1.497161008675925,-0.5078007830046403,-0.6298000037255774,-0.5039032598602688,-0.5896684618314822,-0.5758106657310548,1.7274442813069022,-0.5650320466312655
-0.20355740692124488,-0.11465748048322119,-0.9311920929376625,1.3454655888594491,-0.9910401379383962,-0.4250147577130797,1.3582894438856787,-0.6679308332270758,-0.5078007830046403,1.5878056431954701,-0.5039032598602688,-0.5896684618314822,1.7366819677269967,-0.5788898726408979,-0.5650320466312655
-1.6725628037614586,1.411882721498504,1.1932005145246851,-0.770600868062358,-0.9910401379383962,-0.4250147577130797,1.3582894438856787,-0.6679308332270758,-0.5078007830046403,1.5878056431954701,-0.5039032598602688,-0.5896684618314822,-0.5758106657310548,1.7274442813069022,-0.5650320466312655
0.2638534011642777,0.6963170018195703,-1.1672357159890343,0.6401101032188468,-0.9910401379383962,-0.4250147577130797,1.3582894438856787,-0.6679308332270758,-0.5078007830046403,1.5878056431954701,-0.5039032598602688,-0.5896684618314822,-0.5758106657310548,1.7274442813069022,-0.5650320466312655
1.0651290721680307,-0.019248717859363367,0.24902602231919735,-1.4759563537029603,-0.9910401379383962,-0.4250147577130797,1.3582894438856787,-0.6679308332270758,-0.5078007830046403,1.5878056431954701,-0.5039032598602688,-0.5896684618314822,-0.5758106657310548,1.7274442813069022,-0.5650320466312655
-0.5374222698394753,-0.21006624310707903,-0.22306122378354656,0.6401101032188468,-0.9910401379383962,2.352859475705742,-0.736220107210202,-0.6679308332270758,1.9692762072618977,-0.6298000037255774,-0.5039032598602688,-0.5896684618314822,-0.5758106657310548,1.7274442813069022,-0.5650320466312655
-1.6725628037614586,-1.0210407254098706,-1.1672357159890343,0.6401101032188468,-0.9910401379383962,-0.4250147577130797,1.3582894438856787,-0.6679308332270758,-0.5078007830046403,1.5878056431954701,-0.5039032598602688,-0.5896684618314822,1.7366819677269967,-0.5788898726408979,-0.5650320466312655
0.1303074559969855,-1.4980845385291597,0.7211132684219412,0.6401101032188468,-0.9910401379383962,2.352859475705742,-0.736220107210202,-0.6679308332270758,1.9692762072618977,-0.6298000037255774,-0.5039032598602688,-0.5896684618314822,-0.5758106657310548,1.7274442813069022,-0.5650320466312655
-0.4038763246721831,-0.782518818850226,-0.45910484683491853,1.3454655888594491,1.0090408669826858,-0.4250147577130797,-0.736220107210202,-0.6679308332270758,-0.5078007830046403,-0.6298000037255774,1.9845078999435277,1.6958682119339528,-0.5758106657310548,-0.5788898726408979,-0.5650320466312655
0.9983560995843845,0.12386442607642337,1.4292441375760572,0.6401101032188468,-0.9910401379383962,2.352859475705742,-0.736220107210202,1.497161008675925,-0.5078007830046403,-0.6298000037255774,-0.5039032598602688,-0.5896684618314822,1.7366819677269967,-0.5788898726408979,-0.5650320466312655
-0.07001146175395272,-0.11465748048322119,0.24902602231919735,1.3454655888594491,-0.9910401379383962,2.352859475705742,-0.736220107210202,-0.6679308332270758,-0.5078007830046403,-0.6298000037255774,1.9845078999435277,-0.5896684618314822,1.7366819677269967,-0.5788898726408979,-0.5650320466312655
1.5993128528371992,-0.30547500573093683,0.24902602231919735,-0.06524538242175558,-0.9910401379383962,-0.4250147577130797,1.3582894438856787,1.497161008675925,-0.5078007830046403,-0.6298000037255774,-0.5039032598602688,-0.5896684618314822,-0.5758106657310548,-0.5788898726408979,1.769811121266526
-1.3386979408432282,-0.11465748048322119,-0.22306122378354656,-0.06524538242175558,1.0090408669826858,-0.4250147577130797,-0.736220107210202,1.497161008675925,-0.5078007830046403,-0.6298000037255774,-0.5039032598602688,-0.5896684618314822,-0.5758106657310548,1.7274442813069022,-0.5650320466312655
-1.205151995675936,-1.259562631969515,1.665287760627429,0.6401101032188468,-0.9910401379383962,-0.4250147577130797,1.3582894438856787,-0.6679308332270758,-0.5078007830046403,-0.6298000037255774,1.9845078999435277,-0.5896684618314822,-0.5758106657310548,1.7274442813069022,-0.5650320466312655
1.2654479899189688,-0.782518818850226,0.7211132684219412,-0.770600868062358,-0.9910401379383962,-0.4250147577130797,1.3582894438856787,-0.6679308332270758,-0.5078007830046403,1.5878056431954701,-0.5039032598602688,-0.5896684618314822,-0.5758106657310548,1.7274442813069022,-0.5650320466312655
-0.6709682150067674,1.364178340186575,1.4292441375760572,-0.06524538242175558,1.0090408669826858,-0.4250147577130797,-0.736220107210202,-0.6679308332270758,1.9692762072618977,-0.6298000037255774,-0.5039032598602688,1.6958682119339528,-0.5758106657310548,-0.5788898726408979,-0.5650320466312655
0.7980371818334463,0.3623863326360679,1.665287760627429,1.3454655888594491,-0.9910401379383962,-0.4250147577130797,1.3582894438856787,1.497161008675925,-0.5078007830046403,-0.6298000037255774,-0.5039032598602688,-0.5896684618314822,-0.5758106657310548,-0.5788898726408979,1.769811121266526
0.8648101544170924,1.2687695775627172,-0.6951484698862904,1.3454655888594491,-0.9910401379383962,-0.4250147577130797,1.3582894438856787,1.497161008675925,-0.5078007830046403,-0.6298000037255774,-0.5039032598602688,-0.5896684618314822,-0.5758106657310548,-0.5788898726408979,1.769811121266526
-0.6041952424231214,0.2669775700122101,1.1932005145246851,-0.770600868062358,-0.9910401379383962,-0.4250147577130797,1.3582894438856787,1.497161008675925,-0.5078007830046403,-0.6298000037255774,-0.5039032598602688,-0.5896684618314822,-0.5758106657310548,-0.5788898726408979,1.769811121266526
0.1303074559969855,-0.8779275814740838,-1.6393229620917782,-1.4759563537029603,1.0090408669826858,-0.4250147577130797,-0.736220107210202,1.497161008675925,-0.5078007830046403,-0.6298000037255774,-0.5039032598602688,-0.5896684618314822,-0.5758106657310548,-0.5788898726408979,1.769811121266526
-0.27033037950489097,-0.11465748048322119,0.24902602231919735,-0.06524538242175558,-0.9910401379383962,-0.4250147577130797,1.3582894438856787,1.497161008675925,-0.5078007830046403,-0.6298000037255774,-0.5039032598602688,-0.5896684618314822,1.7366819677269967,-0.5788898726408979,-0.5650320466312655
-1.4054709134268744,-1.5934933011530175,0.24902602231919735,0.6401101032188468,-0.9910401379383962,-0.4250147577130797,1.3582894438856787,-0.6679308332270758,-0.5078007830046403,-0.6298000037255774,1.9845078999435277,-0.5896684618314822,1.7366819677269967,-0.5788898726408979,-0.5650320466312655
-1.7393357763451047,1.411882721498504,0.9571568914733132,-0.06524538242175558,-0.9910401379383962,2.352859475705742,-0.736220107210202,-0.6679308332270758,-0.5078007830046403,1.5878056431954701,-0.5039032598602688,-0.5896684618314822,-0.5758106657310548,1.7274442813069022,-0.5650320466312655
-1.071606050508644,0.9348389083792149,0.01298239926782539,1.3454655888594491,-0.9910401379383962,-0.4250147577130797,1.3582894438856787,-0.6679308332270758,-0.5078007830046403,1.5878056431954701,-0.5039032598602688,-0.5896684618314822,-0.5758106657310548,1.7274442813069022,-0.5650320466312655
0.5309452914988619,1.364178340186575,1.665287760627429,1.3454655888594491,1.0090408669826858,-0.4250147577130797,-0.736220107210202,1.497161008675925,-0.5078007830046403,-0.6298000037255774,-0.5039032598602688,-0.5896684618314822,1.7366819677269967,-0.5788898726408979,-0.5650320466312655
1.6660858254208453,-0.9256319627860127,-1.4032793390404064,1.3454655888594491,-0.9910401379383962,-0.4250147577130797,1.3582894438856787,-0.6679308332270758,-0.5078007830046403,1.5878056431954701,-0.5039032598602688,-0.5896684618314822,-0.5758106657310548,-0.5788898726408979,1.769811121266526
1.2654479899189688,1.1733608149388595,-0.22306122378354656,-0.770600868062358,-0.9910401379383962,-0.4250147577130797,1.3582894438856787,1.497161008675925,-0.5078007830046403,-0.6298000037255774,-0.5039032598602688,-0.5896684618314822,1.7366819677269967,-0.5788898726408979,-0.5650320466312655
-1.6725628037614586,1.1733608149388595,-1.6393229620917782,-0.06524538242175558,1.0090408669826858,-0.4250147577130797,-0.736220107210202,1.497161008675925,-0.5078007830046403,-0.6298000037255774,-0.5039032598602688,-0.5896684618314822,1.7366819677269967,-0.5788898726408979,-0.5650320466312655
-0.1367844343375988,1.6504046280581486,0.7211132684219412,0.6401101032188468,1.0090408669826858,-0.4250147577130797,-0.736220107210202,-0.6679308332270758,-0.5078007830046403,1.5878056431954701,-0.5039032598602688,-0.5896684618314822,-0.5758106657310548,1.7274442813069022,-0.5650320466312655
0.9315831270007384,-0.019248717859363367,1.665287760627429,-0.06524538242175558,-0.9910401379383962,-0.4250147577130797,1.3582894438856787,-0.6679308332270758,-0.5078007830046403,1.5878056431954701,-0.5039032598602688,-0.5896684618314822,-0.5758106657310548,1.7274442813069022,-0.5650320466312655
1.398993935086261,-1.1164494880337283,1.1932005145246851,1.3454655888594491,-0.9910401379383962,-0.4250147577130797,1.3582894438856787,-0.6679308332270758,1.9692762072618977,-0.6298000037255774,-0.5039032598602688,-0.5896684618314822,1.7366819677269967,-0.5788898726408979,-0.5650320466312655
1.6660858254208453,1.1256564336269306,-0.9311920929376625,0.6401101032188468,1.0090408669826858,-0.4250147577130797,-0.736220107210202,-0.6679308332270758,-0.5078007830046403,1.5878056431954701,-0.5039032598602688,-0.5896684618314822,-0.5758106657310548,1.7274442813069022,-0.5650320466312655
-1.6057898311778125,-1.1641538693456572,-1.4032793390404064,0.6401101032188468,-0.9910401379383962,-0.4250147577130797,1.3582894438856787,-0.6679308332270758,-0.5078007830046403,1.5878056431954701,-0.5039032598602688,-0.5896684618314822,-0.5758106657310548,1.7274442813069022,-0.5650320466312655
0.8648101544170924,0.7440213831314992,0.7211132684219412,-1.4759563537029603,-0.9910401379383962,2.352859475705742,-0.736220107210202,-0.6679308332270758,1.9692762072618977,-0.6298000037255774,-0.5039032598602688,-0.5896684618314822,-0.5758106657310548,1.7274442813069022,-0.5650320466312655
1.5325398802535533,-0.734814437538297,1.1932005145246851,-0.06524538242175558,1.0090408669826858,-0.4250147577130797,-0.736220107210202,1.497161008675925,-0.5078007830046403,-0.6298000037255774,-0.5039032598602688,-0.5896684618314822,-0.5758106657310548,1.7274442813069022,-0.5650320466312655
0.7312642092498002,1.364178340186575,-1.1672357159890343,-1.4759563537029603,1.0090408669826858,-0.4250147577130797,-0.736220107210202,-0.6679308332270758,-0.5078007830046403,1.5878056431954701,-0.5039032598602688,-0.5896684618314822,1.7366819677269967,-0.5788898726408979,-0.5650320466312655
-0.8712871327577056,-1.5457889198410886,0.24902602231919735,1.3454655888594491,1.0090408669826858,-0.4250147577130797,-0.736220107210202,-0.6679308332270758,-0.5078007830046403,-0.6298000037255774,1.9845078999435277,-0.5896684618314822,-0.5758106657310548,-0.5788898726408979,1.769811121266526
-0.8045141601740596,-1.0687451067217995,-0.22306122378354656,0.6401101032188468,1.0090408669826858,-0.4250147577130797,-0.736220107210202,1.497161008675925,-0.5078007830046403,-0.6298000037255774,-0.5039032598602688,-0.5896684618314822,1.7366819677269967,-0.5788898726408979,-0.5650320466312655
-0.1367844343375988,-0.6394056749144392,0.01298239926782539,-0.06524538242175558,-0.9910401379383962,-0.4250147577130797,1.3582894438856787,-0.6679308332270758,1.9692762072618977,-0.6298000037255774,-0.5039032598602688,-0.5896684618314822,1.7366819677269967,-0.5788898726408979,-0.5650320466312655
-1.071606050508644,0.314681951324139,-1.4032793390404064,-0.770600868062358,1.0090408669826858,-0.4250147577130797,-0.736220107210202,-0.6679308332270758,-0.5078007830046403,-0.6298000037255774,1.9845078999435277,-0.5896684618314822,-0.5758106657310548,-0.5788898726408979,1.769811121266526
-1.6057898311778125,0.07616004476449445,-1.1672357159890343,-0.770600868062358,-0.9910401379383962,-0.4250147577130797,1.3582894438856787,-0.6679308332270758,1.9692762072618977,-0.6298000037255774,-0.5039032598602688,-0.5896684618314822,-0.5758106657310548,-0.5788898726408979,1.769811121266526
-1.3386979408432282,0.3623863326360679,0.9571568914733132,0.6401101032188468,-0.9910401379383962,-0.4250147577130797,1.3582894438856787,1.497161008675925,-0.5078007830046403,-0.6298000037255774,-0.5039032598602688,-0.5896684618314822,1.7366819677269967,-0.5788898726408979,-0.5650320466312655
1.398993935086261,-0.40088376835479467,0.01298239926782539,-1.4759563537029603,-0.9910401379383962,-0.4250147577130797,1.3582894438856787,1.497161008675925,-0.5078007830046403,-0.6298000037255774,-0.5039032598602688,-0.5896684618314822,-0.5758106657310548,-0.5788898726408979,1.769811121266526
-0.27033037950489097,0.9825432896911438,0.01298239926782539,-0.06524538242175558,-0.9910401379383962,2.352859475705742,-0.736220107210202,1.497161008675925,-0.5078007830046403,-0.6298000037255774,-0.5039032598602688,1.6958682119339528,-0.5758106657310548,-0.5788898726408979,-0.5650320466312655
1.1319020447516768,0.41009071394799684,0.7211132684219412,-1.4759563537029603,-0.9910401379383962,-0.4250147577130797,1.3582894438856787,1.497161008675925,-0.5078007830046403,-0.6298000037255774,-0.5039032598602688,-0.5896684618314822,-0.5758106657310548,1.7274442813069022,-0.5650320466312655
0.7980371818334463,0.2669775700122101,-0.9311920929376625,-1.4759563537029603,-0.9910401379383962,-0.4250147577130797,1.3582894438856787,1.497161008675925,-0.5078007830046403,-0.6298000037255774,-0.5039032598602688,1.6958682119339528,-0.5758106657310548,-0.5788898726408979,-0.5650320466312655
1.1319020447516768,0.6963170018195703,0.4850696453705693,-0.770600868062358,-0.9910401379383962,-0.4250147577130797,1.3582894438856787,-0.6679308332270758,-0.5078007830046403,1.5878056431954701,-0.5039032598602688,1.6958682119339528,-0.5758106657310548,-0.5788898726408979,-0.5650320466312655
0.8648101544170924,1.3164739588746461,-1.1672357159890343,-0.770600868062358,-0.9910401379383962,2.352859475705742,-0.736220107210202,-0.6679308332270758,-0.5078007830046403,1.5878056431954701,-0.5039032598602688,-0.5896684618314822,1.7366819677269967,-0.5788898726408979,-0.5650320466312655
0.597718264082508,1.3164739588746461,0.24902602231919735,0.6401101032188468,1.0090408669826858,-0.4250147577130797,-0.736220107210202,-0.6679308332270758,-0.5078007830046403,-0.6298000037255774,1.9845078999435277,-0.5896684618314822,-0.5758106657310548,-0.5788898726408979,1.769811121266526
0.3973993463315698,-1.5457889198410886,1.1932005145246851,0.6401101032188468,-0.9910401379383962,2.352859475705742,-0.736220107210202,-0.6679308332270758,-0.5078007830046403,1.5878056431954701,-0.5039032598602688,1.6958682119339528,-0.5758106657310548,-0.5788898726408979,-0.5650320466312655
0.7312642092498002,-0.3531793870428657,0.9571568914733132,-0.06524538242175558,-0.9910401379383962,-0.4250147577130797,1.3582894438856787,1.497161008675925,-0.5078007830046403,-0.6298000037255774,-0.5039032598602688,-0.5896684618314822,-0.5758106657310548,1.7274442813069022,-0.5650320466312655
0.46417231891521593,0.45779509525992573,-0.22306122378354656,-1.4759563537029603,-0.9910401379383962,-0.4250147577130797,1.3582894438856787,-0.6679308332270758,-0.5078007830046403,1.5878056431954701,-0.5039032598602688,-0.5896684618314822,-0.5758106657310548,-0.5788898726408979,1.769811121266526
-1.6725628037614586,0.07616004476449445,-1.1672357159890343,-0.06524538242175558,-0.9910401379383962,-0.4250147577130797,1.3582894438856787,-0.6679308332270758,1.9692762072618977,-0.6298000037255774,-0.5039032598602688,1.6958682119339528,-0.5758106657310548,-0.5788898726408979,-0.5650320466312655
-0.33710335208853703,-0.8779275814740838,-1.4032793390404064,0.6401101032188468,-0.9910401379383962,2.352859475705742,-0.736220107210202,-0.6679308332270758,-0.5078007830046403,-0.6298000037255774,1.9845078999435277,-0.5896684618314822,1.7366819677269967,-0.5788898726408979,-0.5650320466312655
-0.4706492972558292,0.45779509525992573,0.7211132684219412,-0.770600868062358,-0.9910401379383962,-0.4250147577130797,1.3582894438856787,-0.6679308332270758,1.9692762072618977,-0.6298000037255774,-0.5039032598602688,-0.5896684618314822,-0.5758106657310548,-0.5788898726408979,1.769811121266526
-0.7377411875904135,0.5532038578837836,-0.45910484683491853,-1.4759563537029603,1.0090408669826858,-0.4250147577130797,-0.736220107210202,-0.6679308332270758,1.9692762072618977,-0.6298000037255774,-0.5039032598602688,-0.5896684618314822,-0.5758106657310548,1.7274442813069022,-0.5650320466312655
-1.7393357763451047,-0.6394056749144392,1.4292441375760572,1.3454655888594491,1.0090408669826858,-0.4250147577130797,-0.736220107210202,-0.6679308332270758,1.9692762072618977,-0.6298000037255774,-0.5039032598602688,-0.5896684618314822,-0.5758106657310548,-0.5788898726408979,1.769811121266526
0.1303074559969855,-0.06695309917129227,-0.22306122378354656,-0.770600868062358,-0.9910401379383962,-0.4250147577130797,1.3582894438856787,-0.6679308332270758,-0.5078007830046403,1.5878056431954701,-0.5039032598602688,-0.5896684618314822,1.7366819677269967,-0.5788898726408979,-0.5650320466312655
1.2654479899189688,0.5054994765718547,-1.1672357159890343,-0.06524538242175558,1.0090408669826858,-0.4250147577130797,-0.736220107210202,-0.6679308332270758,1.9692762072618977,-0.6298000037255774,-0.5039032598602688,-0.5896684618314822,1.7366819677269967,-0.5788898726408979,-0.5650320466312655
0.5309452914988619,-1.259562631969515,-1.1672357159890343,1.3454655888594491,-0.9910401379383962,2.352859475705742,-0.736220107210202,-0.6679308332270758,1.9692762072618977,-0.6298000037255774,-0.5039032598602688,-0.5896684618314822,-0.5758106657310548,-0.5788898726408979,1.769811121266526
1.398993935086261,0.45779509525992573,1.665287760627429,-0.06524538242175558,1.0090408669826858,-0.4250147577130797,-0.736220107210202,1.497161008675925,-0.5078007830046403,-0.6298000037255774,-0.5039032598602688,-0.5896684618314822,-0.5758106657310548,1.7274442813069022,-0.5650320466312655
-1.1383790230922899,-0.9256319627860127,-0.9311920929376625,-0.06524538242175558,1.0090408669826858,-0.4250147577130797,-0.736220107210202,-0.6679308332270758,-0.5078007830046403,1.5878056431954701,-0.5039032598602688,-0.5896684618314822,-0.5758106657310548,-0.5788898726408979,1.769811121266526
1.5325398802535533,0.7917257644434281,-1.6393229620917782,-1.4759563537029603,-0.9910401379383962,-0.4250147577130797,1.3582894438856787,1.497161008675925,-0.5078007830046403,-0.6298000037255774,-0.5039032598602688,-0.5896684618314822,-0.5758106657310548,-0.5788898726408979,1.769811121266526
0.3973993463315698,0.5532038578837836,-0.9311920929376625,-0.06524538242175558,-0.9910401379383962,-0.4250147577130797,1.3582894438856787,-0.6679308332270758,-0.5078007830046403,1.5878056431954701,-0.5039032598602688,-0.5896684618314822,1.7366819677269967,-0.5788898726408979,-0.5650320466312655
0.1303074559969855,-0.44858814966672356,0.4850696453705693,-0.770600868062358,1.0090408669826858,-0.4250147577130797,-0.736220107210202,-0.6679308332270758,-0.5078007830046403,1.5878056431954701,-0.5039032598602688,1.6958682119339528,-0.5758106657310548,-0.5788898726408979,-0.5650320466312655
-1.205151995675936,0.17156880738835228,-1.4032793390404064,0.6401101032188468,-0.9910401379383962,-0.4250147577130797,1.3582894438856787,-0.6679308332270758,-0.5078007830046403,1.5878056431954701,-0.5039032598602688,-0.5896684618314822,1.7366819677269967,-0.5788898726408979,-0.5650320466312655
-0.7377411875904135,1.6504046280581486,-0.45910484683491853,1.3454655888594491,1.0090408669826858,-0.4250147577130797,-0.736220107210202,-0.6679308332270758,-0.5078007830046403,1.5878056431954701,-0.5039032598602688,-0.5896684618314822,-0.5758106657310548,-0.5788898726408979,1.769811121266526
0.3973993463315698,0.6009082391957125,0.24902602231919735,1.3454655888594491,-0.9910401379383962,2.352859475705742,-0.736220107210202,1.497161008675925,-0.5078007830046403,-0.6298000037255774,-0.5039032598602688,-0.5896684618314822,-0.5758106657310548,1.7274442813069022,-0.5650320466312655
0.597718264082508,-0.9733363440979416,-1.6393229620917782,-0.06524538242175558,1.0090408669826858,-0.4250147577130797,-0.736220107210202,-0.6679308332270758,-0.5078007830046403,1.5878056431954701,-0.5039032598602688,-0.5896684618314822,-0.5758106657310548,-0.5788898726408979,1.769811121266526
0.9315831270007384,-0.11465748048322119,-0.9311920929376625,1.3454655888594491,1.0090408669826858,-0.4250147577130797,-0.736220107210202,-0.6679308332270758,-0.5078007830046403,-0.6298000037255774,1.9845078999435277,-0.5896684618314822,-0.5758106657310548,-0.5788898726408979,1.769811121266526
1.5993128528371992,0.17156880738835228,-0.22306122378354656,1.3454655888594491,1.0090408669826858,-0.4250147577130797,-0.736220107210202,-0.6679308332270758,1.9692762072618977,-0.6298000037255774,-0.5039032598602688,-0.5896684618314822,-0.5758106657310548,-0.5788898726408979,1.769811121266526
1.332220962502615,-0.30547500573093683,-0.9311920929376625,0.6401101032188468,1.0090408669826858,-0.4250147577130797,-0.736220107210202,-0.6679308332270758,-0.5078007830046403,-0.6298000037255774,1.9845078999435277,-0.5896684618314822,-0.5758106657310548,-0.5788898726408979,1.769811121266526
-0.8045141601740596,1.411882721498504,-0.6951484698862904,1.3454655888594491,-0.9910401379383962,2.352859475705742,-0.736220107210202,-0.6679308332270758,-0.5078007830046403,1.5878056431954701,-0.5039032598602688,1.6958682119339528,-0.5758106657310548,-0.5788898726408979,-0.5650320466312655
0.5309452914988619,1.5072914841223617,0.01298239926782539,-1.4759563537029603,1.0090408669826858,-0.4250147577130797,-0.736220107210202,-0.6679308332270758,1.9692762072618977,-0.6298000037255774,-0.5039032598602688,1.6958682119339528,-0.5758106657310548,-0.5788898726408979,-0.5650320466312655
-0.4706492972558292,-1.5934933011530175,-0.45910484683491853,-0.770600868062358,-0.9910401379383962,-0.4250147577130797,1.3582894438856787,-0.6679308332270758,-0.5078007830046403,1.5878056431954701,-0.5039032598602688,-0.5896684618314822,1.7366819677269967,-0.5788898726408979,-0.5650320466312655
1.4657669076699071,-0.30547500573093683,1.665287760627429,0.6401101032188468,1.0090408669826858,-0.4250147577130797,-0.736220107210202,-0.6679308332270758,-0.5078007830046403,-0.6298000037255774,1.9845078999435277,-0.5896684618314822,1.7366819677269967,-0.5788898726408979,-0.5650320466312655
-0.8045141601740596,-1.4980845385291597,0.24902602231919735,-0.06524538242175558,1.0090408669826858,-0.4250147577130797,-0.736220107210202,1.497161008675925,-0.5078007830046403,-0.6298000037255774,-0.5039032598602688,1.6958682119339528,-0.5758106657310548,-0.5788898726408979,-0.5650320466312655
1.4657669076699071,-1.6889020637768752,0.7211132684219412,-0.770600868062358,-0.9910401379383962,2.352859475705742,-0.736220107210202,1.497161008675925,-0.5078007830046403,-0.6298000037255774,-0.5039032598602688,-0.5896684618314822,-0.5758106657310548,1.7274442813069022,-0.5650320466312655
1.332220962502615,-0.30547500573093683,-0.6951484698862904,-1.4759563537029603,-0.9910401379383962,-0.4250147577130797,1.3582894438856787,-0.6679308332270758,1.9692762072618977,-0.6298000037255774,-0.5039032598602688,1.6958682119339528,-0.5758106657310548,-0.5788898726408979,-0.5650320466312655
1.4657669076699071,1.3164739588746461,0.01298239926782539,-1.4759563537029603,-0.9910401379383962,2.352859475705742,-0.736220107210202,1.497161008675925,-0.5078007830046403,-0.6298000037255774,-0.5039032598602688,-0.5896684618314822,1.7366819677269967,-0.5788898726408979,-0.5650320466312655
-0.7377411875904135,0.9825432896911438,-1.4032793390404064,-0.770600868062358,-0.9910401379383962,-0.4250147577130797,1.3582894438856787,1.497161008675925,-0.5078007830046403,-0.6298000037255774,-0.5039032598602688,-0.5896684618314822,-0.5758106657310548,-0.5788898726408979,1.769811121266526
-0.0032384891703066414,0.839430145755357,1.665287760627429,-0.770600868062358,-0.9910401379383962,-0.4250147577130797,1.3582894438856787,-0.6679308332270758,1.9692762072618977,-0.6298000037255774,-0.5039032598602688,-0.5896684618314822,1.7366819677269967,-0.5788898726408979,-0.5650320466312655
1.2654479899189688,-0.5439969122905814,-0.6951484698862904,-0.06524538242175558,1.0090408669826858,-0.4250147577130797,-0.736220107210202,-0.6679308332270758,-0.5078007830046403,-0.6298000037255774,1.9845078999435277,1.6958682119339528,-0.5758106657310548,-0.5788898726408979,-0.5650320466312655
0.46417231891521593,-0.06695309917129227,1.4292441375760572,0.6401101032188468,1.0090408669826858,-0.4250147577130797,-0.736220107210202,1.497161008675925,-0.5078007830046403,-0.6298000037255774,-0.5039032598602688,-0.5896684618314822,-0.5758106657310548,-0.5788898726408979,1.769811121266526
-1.1383790230922899,-1.1641538693456572,0.01298239926782539,1.3454655888594491,-0.9910401379383962,-0.4250147577130797,1.3582894438856787,1.497161008675925,-0.5078007830046403,-0.6298000037255774,-0.5039032598602688,-0.5896684618314822,-0.5758106657310548,1.7274442813069022,-0.5650320466312655
0.8648101544170924,-0.8779275814740838,0.24902602231919735,-1.4759563537029603,1.0090408669826858,-0.4250147577130797,-0.736220107210202,1.497161008675925,-0.5078007830046403,-0.6298000037255774,-0.5039032598602688,1.6958682119339528,-0.5758106657310548,-0.5788898726408979,-0.5650320466312655
-0.4038763246721831,-0.11465748048322119,-1.1672357159890343,1.3454655888594491,1.0090408669826858,-0.4250147577130797,-0.736220107210202,-0.6679308332270758,-0.5078007830046403,-0.6298000037255774,1.9845078999435277,-0.5896684618314822,-0.5758106657310548,-0.5788898726408979,1.769811121266526
0.2638534011642777,0.7440213831314992,-1.6393229620917782,-0.770600868062358,1.0090408669826858,-0.4250147577130797,-0.736220107210202,-0.6679308332270758,1.9692762072618977,-0.6298000037255774,-0.5039032598602688,-0.5896684618314822,-0.5758106657310548,-0.5788898726408979,1.769811121266526
0.1303074559969855,0.6486126205076413,-0.9311920929376625,1.3454655888594491,-0.9910401379383962,-0.4250147577130797,1.3582894438856787,-0.6679308332270758,-0.5078007830046403,-0.6298000037255774,1.9845078999435277,1.6958682119339528,-0.5758106657310548,-0.5788898726408979,-0.5650320466312655
0.7312642092498002,0.45779509525992573,-1.6393229620917782,1.3454655888594491,-0.9910401379383962,-0.4250147577130797,1.3582894438856787,1.497161008675925,-0.5078007830046403,-0.6298000037255774,-0.5039032598602688,-0.5896684618314822,-0.5758106657310548,1.7274442813069022,-0.5650320466312655
1.1986750173353227,-0.25777062441900794,1.665287760627429,0.6401101032188468,1.0090408669826858,-0.4250147577130797,-0.736220107210202,1.497161008675925,-0.5078007830046403,-0.6298000037255774,-0.5039032598602688,1.6958682119339528,-0.5758106657310548,-0.5788898726408979,-0.5650320466312655
0.6644912366661542,-1.1641538693456572,1.1932005145246851,-1.4759563537029603,1.0090408669826858,-0.4250147577130797,-0.736220107210202,1.497161008675925,-0.5078007830046403,-0.6298000037255774,-0.5039032598602688,-0.5896684618314822,-0.5758106657310548,-0.5788898726408979,1.769811121266526
-0.5374222698394753,0.5054994765718547,0.4850696453705693,0.6401101032188468,-0.9910401379383962,-0.4250147577130797,1.3582894438856787,-0.6679308332270758,-0.5078007830046403,-0.6298000037255774,1.9845078999435277,-0.5896684618314822,1.7366819677269967,-0.5788898726408979,-0.5650320466312655
-0.6041952424231214,-0.8779275814740838,1.1932005145246851,-0.770600868062358,-0.9910401379383962,-0.4250147577130797,1.3582894438856787,-0.6679308332270758,1.9692762072618977,-0.6298000037255774,-0.5039032598602688,-0.5896684618314822,-0.5758106657310548,1.7274442813069022,-0.5650320466312655
0.1303074559969855,-0.9256319627860127,0.4850696453705693,-1.4759563537029603,-0.9910401379383962,-0.4250147577130797,1.3582894438856787,-0.6679308332270758,-0.5078007830046403,1.5878056431954701,-0.5039032598602688,-0.5896684618314822,1.7366819677269967,-0.5788898726408979,-0.5650320466312655
1.4657669076699071,1.6504046280581486,1.4292441375760572,1.3454655888594491,-0.9910401379383962,-0.4250147577130797,1.3582894438856787,-0.6679308332270758,-0.5078007830046403,-0.6298000037255774,1.9845078999435277,-0.5896684618314822,1.7366819677269967,-0.5788898726408979,-0.5650320466312655
1.5325398802535533,-0.4962925309786525,0.9571568914733132,-0.06524538242175558,1.0090408669826858,-0.4250147577130797,-0.736220107210202,-0.6679308332270758,-0.5078007830046403,1.5878056431954701,-0.5039032598602688,-0.5896684618314822,-0.5758106657310548,-0.5788898726408979,1.769811121266526
-1.1383790230922899,-1.259562631969515,-1.6393229620917782,1.3454655888594491,1.0090408669826858,-0.4250147577130797,-0.736220107210202,-0.6679308332270758,-0.5078007830046403,1.5878056431954701,-0.5039032598602688,1.6958682119339528,-0.5758106657310548,-0.5788898726408979,-0.5650320466312655
-1.4054709134268744,1.1256564336269306,1.1932005145246851,0.6401101032188468,1.0090408669826858,-0.4250147577130797,-0.736220107210202,-0.6679308332270758,-0.5078007830046403,1.5878056431954701,-0.5039032598602688,-0.5896684618314822,-0.5758106657310548,1.7274442813069022,-0.5650320466312655
0.1970804285806316,1.2687695775627172,-1.6393229620917782,1.3454655888594491,-0.9910401379383962,-0.4250147577130797,1.3582894438856787,-0.6679308332270758,1.9692762072618977,-0.6298000037255774,-0.5039032598602688,-0.5896684618314822,-0.5758106657310548,-0.5788898726408979,1.769811121266526
0.9315831270007384,-0.1623618617951501,0.01298239926782539,-0.770600868062358,1.0090408669826858,-0.4250147577130797,-0.736220107210202,-0.6679308332270758,1.9692762072618977,-0.6298000037255774,-0.5039032598602688,-0.5896684618314822,-0.5758106657310548,-0.5788898726408979,1.769811121266526
0.1303074559969855,-1.307267013281444,0.01298239926782539,-0.770600868062358,1.0090408669826858,-0.4250147577130797,-0.736220107210202,-0.6679308332270758,-0.5078007830046403,1.5878056431954701,-0.5039032598602688,-0.5896684618314822,-0.5758106657310548,1.7274442813069022,-0.5650320466312655
-0.4706492972558292,0.7440213831314992,-1.6393229620917782,-1.4759563537029603,1.0090408669826858,-0.4250147577130797,-0.736220107210202,-0.6679308332270758,1.9692762072618977,-0.6298000037255774,-0.5039032598602688,-0.5896684618314822,1.7366819677269967,-0.5788898726408979,-0.5650320466312655
-0.5374222698394753,0.9348389083792149,-0.9311920929376625,0.6401101032188468,1.0090408669826858,-0.4250147577130797,-0.736220107210202,1.497161008675925,-0.5078007830046403,-0.6298000037255774,-0.5039032598602688,-0.5896684618314822,-0.5758106657310548,1.7274442813069022,-0.5650320466312655
-1.1383790230922899,0.2669775700122101,-1.4032793390404064,-1.4759563537029603,1.0090408669826858,-0.4250147577130797,-0.736220107210202,1.497161008675925,-0.5078007830046403,-0.6298000037255774,-0.5039032598602688,1.6958682119339528,-0.5758106657310548,-0.5788898726408979,-0.5650320466312655
0.7312642092498002,0.7440213831314992,0.7211132684219412,0.6401101032188468,1.0090408669826858,-0.4250147577130797,-0.736220107210202,-0.6679308332270758,-0.5078007830046403,1.5878056431954701,-0.5039032598602688,-0.5896684618314822,1.7366819677269967,-0.5788898726408979,-0.5650320466312655
-0.33710335208853703,0.9348389083792149,0.24902602231919735,1.3454655888594491,-0.9910401379383962,-0.4250147577130797,1.3582894438856787,1.497161008675925,-0.5078007830046403,-0.6298000037255774,-0.5039032598602688,-0.5896684618314822,1.7366819677269967,-0.5788898726408979,-0.5650320466312655
0.06353448341333943,1.4595871028104328,-1.4032793390404064,-0.770600868062358,1.0090408669826858,-0.4250147577130797,-0.736220107210202,-0.6679308332270758,1.9692762072618977,-0.6298000037255774,-0.5039032598602688,-0.5896684618314822,-0.5758106657310548,-0.5788898726408979,1.769811121266526
-1.5390168585941664,-0.40088376835479467,-0.22306122378354656,-0.770600868062358,-0.9910401379383962,-0.4250147577130797,1.3582894438856787,-0.6679308332270758,-0.5078007830046403,1.5878056431954701,-0.5039032598602688,-0.5896684618314822,-0.5758106657310548,-0.5788898726408979,1.769811121266526
0.8648101544170924,-1.0687451067217995,1.1932005145246851,1.3454655888594491,1.0090408669826858,-0.4250147577130797,-0.736220107210202,1.497161008675925,-0.5078007830046403,-0.6298000037255774,-0.5039032598602688,-0.5896684618314822,-0.5758106657310548,-0.5788898726408979,1.769811121266526
0.8648101544170924,0.9825432896911438,-0.22306122378354656,1.3454655888594491,-0.9910401379383962,-0.4250147577130797,1.3582894438856787,-0.6679308332270758,-0.5078007830046403,-0.6298000037255774,1.9845078999435277,-0.5896684618314822,-0.5758106657310548,1.7274442813069022,-0.5650320466312655
-0.6041952424231214,-0.5439969122905814,0.01298239926782539,-1.4759563537029603,-0.9910401379383962,2.352859475705742,-0.736220107210202,1.497161008675925,-0.5078007830046403,-0.6298000037255774,-0.5039032598602688,-0.5896684618314822,1.7366819677269967,-0.5788898726408979,-0.5650320466312655
0.7312642092498002,1.5072914841223617,1.665287760627429,1.3454655888594491,1.0090408669826858,-0.4250147577130797,-0.736220107210202,1.497161008675925,-0.5078007830046403,-0.6298000037255774,-0.5039032598602688,-0.5896684618314822,-0.5758106657310548,-0.5788898726408979,1.769811121266526
-1.205151995675936,-0.25777062441900794,1.665287760627429,0.6401101032188468,1.0090408669826858,-0.4250147577130797,-0.736220107210202,-0.6679308332270758,-0.5078007830046403,-0.6298000037255774,1.9845078999435277,-0.5896684618314822,1.7366819677269967,-0.5788898726408979,-0.5650320466312655
-1.5390168585941664,-1.4980845385291597,-0.9311920929376625,-1.4759563537029603,-0.9910401379383962,-0.4250147577130797,1.3582894438856787,-0.6679308332270758,-0.5078007830046403,1.5878056431954701,-0.5039032598602688,-0.5896684618314822,-0.5758106657310548,-0.5788898726408979,1.769811121266526
-0.8045141601740596,-0.40088376835479467,1.665287760627429,0.6401101032188468,1.0090408669826858,-0.4250147577130797,-0.736220107210202,-0.6679308332270758,-0.5078007830046403,1.5878056431954701,-0.5039032598602688,-0.5896684618314822,1.7366819677269967,-0.5788898726408979,-0.5650320466312655
0.33062637374792375,0.45779509525992573,1.4292441375760572,0.6401101032188468,-0.9910401379383962,-0.4250147577130797,1.3582894438856787,-0.6679308332270758,-0.5078007830046403,1.5878056431954701,-0.5039032598602688,1.6958682119339528,-0.5758106657310548,-0.5788898726408979,-0.5650320466312655
1.1986750173353227,-0.019248717859363367,-1.6393229620917782,-1.4759563537029603,1.0090408669826858,-0.4250147577130797,-0.736220107210202,-0.6679308332270758,-0.5078007830046403,-0.6298000037255774,1.9845078999435277,-0.5896684618314822,-0.5758106657310548,-0.5788898726408979,1.769811121266526
0.46417231891521593,0.839430145755357,1.4292441375760572,0.6401101032188468,-0.9910401379383962,-0.4250147577130797,1.3582894438856787,-0.6679308332270758,-0.5078007830046403,1.5878056431954701,-0.5039032598602688,-0.5896684618314822,-0.5758106657310548,-0.5788898726408979,1.769811121266526
-1.5390168585941664,0.6486126205076413,1.1932005145246851,0.6401101032188468,-0.9910401379383962,-0.4250147577130797,1.3582894438856787,-0.6679308332270758,1.9692762072618977,-0.6298000037255774,-0.5039032598602688,-0.5896684618314822,-0.5758106657310548,-0.5788898726408979,1.769811121266526
-1.2719249682595821,0.41009071394799684,0.4850696453705693,-0.770600868062358,1.0090408669826858,-0.4250147577130797,-0.736220107210202,-0.6679308332270758,1.9692762072618977,-0.6298000037255774,-0.5039032598602688,1.6958682119339528,-0.5758106657310548,-0.5788898726408979,-0.5650320466312655
0.7980371818334463,1.4595871028104328,0.24902602231919735,1.3454655888594491,-0.9910401379383962,-0.4250147577130797,1.3582894438856787,1.497161008675925,-0.5078007830046403,-0.6298000037255774,-0.5039032598602688,-0.5896684618314822,-0.5758106657310548,-0.5788898726408979,1.769811121266526
-1.4054709134268744,-0.44858814966672356,-0.6951484698862904,-0.06524538242175558,1.0090408669826858,-0.4250147577130797,-0.736220107210202,1.497161008675925,-0.5078007830046403,-0.6298000037255774,-0.5039032598602688,-0.5896684618314822,1.7366819677269967,-0.5788898726408979,-0.5650320466312655
0.33062637374792375,1.1256564336269306,0.01298239926782539,-1.4759563537029603,-0.9910401379383962,-0.4250147577130797,1.3582894438856787,1.497161008675925,-0.5078007830046403,-0.6298000037255774,-0.5039032598602688,-0.5896684618314822,-0.5758106657310548,1.7274442813069022,-0.5650320466312655
1.1319020447516768,0.2669775700122101,1.4292441375760572,1.3454655888594491,1.0090408669826858,-0.4250147577130797,-0.736220107210202,-0.6679308332270758,-0.5078007830046403,1.5878056431954701,-0.5039032598602688,-0.5896684618314822,-0.5758106657310548,1.7274442813069022,-0.5650320466312655
-0.8045141601740596,-1.4980845385291597,-1.6393229620917782,-1.4759563537029603,-0.9910401379383962,-0.4250147577130797,1.3582894438856787,-0.6679308332270758,-0.5078007830046403,-0.6298000037255774,1.9845078999435277,-0.5896684618314822,-0.5758106657310548,-0.5788898726408979,1.769811121266526
-1.4054709134268744,0.45779509525992573,0.7211132684219412,-0.770600868062358,1.0090408669826858,-0.4250147577130797,-0.736220107210202,1.497161008675925,-0.5078007830046403,-0.6298000037255774,-0.5039032598602688,-0.5896684618314822,-0.5758106657310548,-0.5788898726408979,1.769811121266526
-1.205151995675936,-0.1623618617951501,-1.4032793390404064,-0.770600868062358,1.0090408669826858,-0.4250147577130797,-0.736220107210202,1.497161008675925,-0.5078007830046403,-0.6298000037255774,-0.5039032598602688,-0.5896684618314822,-0.5758106657310548,1.7274442813069022,-0.5650320466312655
-1.4054709134268744,1.6981090093700775,-1.4032793390404064,-1.4759563537029603,1.0090408669826858,-0.4250147577130797,-0.736220107210202,-0.6679308332270758,1.9692762072618977,-0.6298000037255774,-0.5039032598602688,-0.5896684618314822,-0.5758106657310548,-0.5788898726408979,1.769811121266526
-0.8712871327577056,-0.21006624310707903,0.01298239926782539,-1.4759563537029603,1.0090408669826858,-0.4250147577130797,-0.736220107210202,-0.6679308332270758,1.9692762072618977,-0.6298000037255774,-0.5039032598602688,-0.5896684618314822,-0.5758106657310548,1.7274442813069022,-0.5650320466312655
0.9315831270007384,-1.1164494880337283,-0.22306122378354656,-1.4759563537029603,1.0090408669826858,-0.4250147577130797,-0.736220107210202,-0.6679308332270758,-0.5078007830046403,1.5878056431954701,-0.5039032598602688,-0.5896684618314822,-0.5758106657310548,-0.5788898726408979,1.769811121266526
-1.5390168585941664,1.6027002467462197,1.665287760627429,-0.770600868062358,-0.9910401379383962,-0.4250147577130797,1.3582894438856787,-0.6679308332270758,-0.5078007830046403,-0.6298000037255774,1.9845078999435277,-0.5896684618314822,-0.5758106657310548,-0.5788898726408979,1.769811121266526
0.1303074559969855,1.1256564336269306,-0.9311920929376625,0.6401101032188468,-0.9910401379383962,2.352859475705742,-0.736220107210202,1.497161008675925,-0.5078007830046403,-0.6298000037255774,-0.5039032598602688,1.6958682119339528,-0.5758106657310548,-0.5788898726408979,-0.5650320466312655
-1.6725628037614586,-1.2118582506575861,0.4850696453705693,0.6401101032188468,1.0090408669826858,-0.4250147577130797,-0.736220107210202,-0.6679308332270758,1.9692762072618977,-0.6298000037255774,-0.5039032598602688,1.6958682119339528,-0.5758106657310548,-0.5788898726408979,-0.5650320466312655
-0.6709682150067674,0.07616004476449445,-0.6951484698862904,1.3454655888594491,-0.9910401379383962,-0.4250147577130797,1.3582894438856787,-0.6679308332270758,-0.5078007830046403,1.5878056431954701,-0.5039032598602688,-0.5896684618314822,-0.5758106657310548,1.7274442813069022,-0.5650320466312655
1.6660858254208453,0.2669775700122101,1.4292441375760572,-0.770600868062358,-0.9910401379383962,-0.4250147577130797,1.3582894438856787,-0.6679308332270758,-0.5078007830046403,-0.6298000037255774,1.9845078999435277,-0.5896684618314822,1.7366819677269967,-0.5788898726408979,-0.5650320466312655
-0.1367844343375988,1.3164739588746461,-1.6393229620917782,-0.770600868062358,1.0090408669826858,-0.4250147577130797,-0.736220107210202,1.497161008675925,-0.5078007830046403,-0.6298000037255774,-0.5039032598602688,-0.5896684618314822,-0.5758106657310548,-0.5788898726408979,1.769811121266526
-1.1383790230922899,-1.402675775905302,-1.6393229620917782,0.6401101032188468,-0.9910401379383962,-0.4250147577130797,1.3582894438856787,-0.6679308332270758,-0.5078007830046403,-0.6298000037255774,1.9845078999435277,1.6958682119339528,-0.5758106657310548,-0.5788898726408979,-0.5650320466312655
-0.33710335208853703,-0.1623618617951501,0.01298239926782539,0.6401101032188468,1.0090408669826858,-0.4250147577130797,-0.736220107210202,1.497161008675925,-0.5078007830046403,-0.6298000037255774,-0.5039032598602688,-0.5896684618314822,-0.5758106657310548,-0.5788898726408979,1.769811121266526
-0.33710335208853703,-0.1623618617951501,-0.6951484698862904,-0.06524538242175558,-0.9910401379383962,2.352859475705742,-0.736220107210202,-0.6679308332270758,1.9692762072618977,-0.6298000037255774,-0.5039032598602688,-0.5896684618314822,1.7366819677269967,-0.5788898726408979,-0.5650320466312655
0.3973993463315698,0.314681951324139,0.01298239926782539,0.6401101032188468,1.0090408669826858,-0.4250147577130797,-0.736220107210202,1.497161008675925,-0.5078007830046403,-0.6298000037255774,-0.5039032598602688,-0.5896684618314822,-0.5758106657310548,-0.5788898726408979,1.769811121266526
1.5325398802535533,-0.25777062441900794,0.24902602231919735,1.3454655888594491,-0.9910401379383962,2.352859475705742,-0.736220107210202,1.497161008675925,-0.5078007830046403,-0.6298000037255774,-0.5039032598602688,1.6958682119339528,-0.5758106657310548,-0.5788898726408979,-0.5650320466312655
-0.6041952424231214,1.3164739588746461,1.665287760627429,0.6401101032188468,1.0090408669826858,-0.4250147577130797,-0.736220107210202,-0.6679308332270758,1.9692762072618977,-0.6298000037255774,-0.5039032598602688,-0.5896684618314822,-0.5758106657310548,-0.5788898726408979,1.769811121266526
-1.7393357763451047,-0.9733363440979416,-1.4032793390404064,1.3454655888594491,1.0090408669826858,-0.4250147577130797,-0.736220107210202,1.497161008675925,-0.5078007830046403,-0.6298000037255774,-0.5039032598602688,1.6958682119339528,-0.5758106657310548,-0.5788898726408979,-0.5650320466312655
0.5309452914988619,1.2210651962507884,1.665287760627429,-0.770600868062358,-0.9910401379383962,-0.4250147577130797,1.3582894438856787,-0.6679308332270758,1.9692762072618977,-0.6298000037255774,-0.5039032598602688,-0.5896684618314822,-0.5758106657310548,-0.5788898726408979,1.769811121266526
-0.07001146175395272,-1.6411976824649464,-0.45910484683491853,1.3454655888594491,1.0090408669826858,-0.4250147577130797,-0.736220107210202,-0.6679308332270758,-0.5078007830046403,1.5878056431954701,-0.5039032598602688,-0.5896684618314822,-0.5758106657310548,-0.5788898726408979,1.769811121266526
-0.4706492972558292,0.5054994765718547,-0.9311920929376625,1.3454655888594491,1.0090408669826858,-0.4250147577130797,-0.736220107210202,-0.6679308332270758,-0.5078007830046403,1.5878056431954701,-0.5039032598602688,1.6958682119339528,-0.5758106657310548,-0.5788898726408979,-0.5650320466312655
1.6660858254208453,1.2210651962507884,1.1932005145246851,-1.4759563537029603,-0.9910401379383962,2.352859475705742,-0.736220107210202,-0.6679308332270758,-0.5078007830046403,1.5878056431954701,-0.5039032598602688,-0.5896684618314822,-0.5758106657310548,-0.5788898726408979,1.769811121266526
1.5325398802535533,-0.019248717859363367,0.4850696453705693,-0.770600868062358,-0.9910401379383962,-0.4250147577130797,1.3582894438856787,-0.6679308332270758,1.9692762072618977,-0.6298000037255774,-0.5039032598602688,-0.5896684618314822,-0.5758106657310548,1.7274442813069022,-0.5650320466312655
-1.4722438860105203,0.5054994765718547,0.7211132684219412,-1.4759563537029603,-0.9910401379383962,-0.4250147577130797,1.3582894438856787,-0.6679308332270758,1.9692762072618977,-0.6298000037255774,-0.5039032598602688,-0.5896684618314822,-0.5758106657310548,1.7274442813069022,-0.5650320466312655
-1.7393357763451047,-1.0210407254098706,-0.45910484683491853,0.6401101032188468,1.0090408669826858,-0.4250147577130797,-0.736220107210202,-0.6679308332270758,-0.5078007830046403,1.5878056431954701,-0.5039032598602688,1.6958682119339528,-0.5758106657310548,-0.5788898726408979,-0.5650320466312655
1.4657669076699071,0.07616004476449445,-1.4032793390404064,-0.06524538242175558,-0.9910401379383962,-0.4250147577130797,1.3582894438856787,1.497161008675925,-0.5078007830046403,-0.6298000037255774,-0.5039032598602688,-0.5896684618314822,-0.5758106657310548,1.7274442813069022,-0.5650320466312655
-1.7393357763451047,1.6027002467462197,0.7211132684219412,0.6401101032188468,-0.9910401379383962,-0.4250147577130797,1.3582894438856787,-0.6679308332270758,-0.5078007830046403,-0.6298000037255774,1.9845078999435277,-0.5896684618314822,1.7366819677269967,-0.5788898726408979,-0.5650320466312655
-0.5374222698394753,0.2192731887002812,1.665287760627429,-1.4759563537029603,1.0090408669826858,-0.4250147577130797,-0.736220107210202,1.497161008675925,-0.5078007830046403,-0.6298000037255774,-0.5039032598602688,-0.5896684618314822,-0.5758106657310548,-0.5788898726408979,1.769811121266526
0.46417231891521593,-0.9256319627860127,-1.4032793390404064,-1.4759563537029603,1.0090408669826858,-0.4250147577130797,-0.736220107210202,-0.6679308332270758,1.9692762072618977,-0.6298000037255774,-0.5039032598602688,-0.5896684618314822,-0.5758106657310548,1.7274442813069022,-0.5650320466312655
-1.2719249682595821,-0.6871100562263681,-1.4032793390404064,-0.770600868062358,-0.9910401379383962,-0.4250147577130797,1.3582894438856787,1.497161008675925,-0.5078007830046403,-0.6298000037255774,-0.5039032598602688,1.6958682119339528,-0.5758106657310548,-0.5788898726408979,-0.5650320466312655
-0.6041952424231214,0.9825432896911438,-1.1672357159890343,1.3454655888594491,-0.9910401379383962,-0.4250147577130797,1.3582894438856787,-0.6679308332270758,-0.5078007830046403,1.5878056431954701,-0.5039032598602688,-0.5896684618314822,1.7366819677269967,-0.5788898726408979,-0.5650320466312655
1.1319020447516768,-1.3549713945933728,1.1932005145246851,0.6401101032188468,-0.9910401379383962,2.352859475705742,-0.736220107210202,-0.6679308332270758,-0.5078007830046403,1.5878056431954701,-0.5039032598602688,-0.5896684618314822,1.7366819677269967,-0.5788898726408979,-0.5650320466312655
-0.6041952424231214,0.2669775700122101,-1.1672357159890343,-0.06524538242175558,1.0090408669826858,-0.4250147577130797,-0.736220107210202,1.497161008675925,-0.5078007830046403,-0.6298000037255774,-0.5039032598602688,-0.5896684618314822,-0.5758106657310548,1.7274442813069022,-0.5650320466312655
-1.5390168585941664,-1.5457889198410886,0.01298239926782539,-0.770600868062358,1.0090408669826858,-0.4250147577130797,-0.736220107210202,1.497161008675925,-0.5078007830046403,-0.6298000037255774,-0.5039032598602688,-0.5896684618314822,-0.5758106657310548,-0.5788898726408979,1.769811121266526
-0.0032384891703066414,1.364178340186575,0.9571568914733132,-1.4759563537029603,-0.9910401379383962,2.352859475705742,-0.736220107210202,-0.6679308332270758,-0.5078007830046403,1.5878056431954701,-0.5039032598602688,-0.5896684618314822,-0.5758106657310548,1.7274442813069022,-0.5650320466312655
0.33062637374792375,-0.8779275814740838,-0.6951484698862904,1.3454655888594491,1.0090408669826858,-0.4250147577130797,-0.736220107210202,-0.6679308332270758,-0.5078007830046403,-0.6298000037255774,1.9845078999435277,-0.5896684618314822,-0.5758106657310548,-0.5788898726408979,1.769811121266526
-0.1367844343375988,-1.1164494880337283,-0.22306122378354656,0.6401101032188468,1.0090408669826858,-0.4250147577130797,-0.736220107210202,1.497161008675925,-0.5078007830046403,-0.6298000037255774,-0.5039032598602688,1.6958682119339528,-0.5758106657310548,-0.5788898726408979,-0.5650320466312655
1.332220962502615,1.364178340186575,-0.9311920929376625,1.3454655888594491,-0.9910401379383962,2.352859475705742,-0.736220107210202,-0.6679308332270758,-0.5078007830046403,-0.6298000037255774,1.9845078999435277,-0.5896684618314822,-0.5758106657310548,-0.5788898726408979,1.769811121266526
-1.2719249682595821,0.9825432896911438,-0.22306122378354656,-1.4759563537029603,1.0090408669826858,-0.4250147577130797,-0.736220107210202,-0.6679308332270758,1.9692762072618977,-0.6298000037255774,-0.5039032598602688,-0.5896684618314822,-0.5758106657310548,-0.5788898726408979,1.769811121266526
-1.2719249682595821,-0.8302232001621549,-0.22306122378354656,1.3454655888594491,1.0090408669826858,-0.4250147577130797,-0.736220107210202,1.497161008675925,-0.5078007830046403,-0.6298000037255774,-0.5039032598602688,-0.5896684618314822,-0.5758106657310548,1.7274442813069022,-0.5650320466312655
-1.4722438860105203,0.12386442607642337,-1.4032793390404064,-0.770600868062358,-0.9910401379383962,-0.4250147577130797,1.3582894438856787,-0.6679308332270758,-0.5078007830046403,1.5878056431954701,-0.5039032598602688,1.6958682119339528,-0.5758106657310548,-0.5788898726408979,-0.5650320466312655
-0.0032384891703066414,-0.9733363440979416,-1.4032793390404064,-0.770600868062358,-0.9910401379383962,2.352859475705742,-0.736220107210202,-0.6679308332270758,-0.5078007830046403,-0.6298000037255774,1.9845078999435277,-0.5896684618314822,-0.5758106657310548,1.7274442813069022,-0.5650320466312655
0.7980371818334463,-0.9733363440979416,1.665287760627429,-1.4759563537029603,1.0090408669826858,-0.4250147577130797,-0.736220107210202,1.497161008675925,-0.5078007830046403,-0.6298000037255774,-0.5039032598602688,-0.5896684618314822,-0.5758106657310548,1.7274442813069022,-0.5650320466312655
0.46417231891521593,0.5532038578837836,-0.22306122378354656,0.6401101032188468,1.0090408669826858,-0.4250147577130797,-0.736220107210202,-0.6679308332270758,1.9692762072618977,-0.6298000037255774,-0.5039032598602688,-0.5896684618314822,-0.5758106657310548,1.7274442813069022,-0.5650320466312655
0.2638534011642777,0.8871345270672859,0.7211132684219412,-0.770600868062358,1.0090408669826858,-0.4250147577130797,-0.736220107210202,1.497161008675925,-0.5078007830046403,-0.6298000037255774,-0.5039032598602688,-0.5896684618314822,-0.5758106657310548,1.7274442813069022,-0.5650320466312655
1.1319020447516768,0.8871345270672859,-0.6951484698862904,1.3454655888594491,1.0090408669826858,-0.4250147577130797,-0.736220107210202,-0.6679308332270758,-0.5078007830046403,1.5878056431954701,-0.5039032598602688,-0.5896684618314822,1.7366819677269967,-0.5788898726408979,-0.5650320466312655
-1.071606050508644,-0.6394056749144392,-0.6951484698862904,1.3454655888594491,-0.9910401379383962,2.352859475705742,-0.736220107210202,-0.6679308332270758,1.9692762072618977,-0.6298000037255774,-0.5039032598602688,1.6958682119339528,-0.5758106657310548,-0.5788898726408979,-0.5650320466312655
-0.4706492972558292,-1.2118582506575861,-0.9311920929376625,1.3454655888594491,-0.9910401379383962,-0.4250147577130797,1.3582894438856787,1.497161008675925,-0.5078007830046403,-0.6298000037255774,-0.5039032598602688,-0.5896684618314822,-0.5758106657310548,1.7274442813069022,-0.5650320466312655
-1.0048330779249979,0.3623863326360679,0.7211132684219412,-0.06524538242175558,1.0090408669826858,-0.4250147577130797,-0.736220107210202,-0.6679308332270758,-0.5078007830046403,-0.6298000037255774,1.9845078999435277,1.6958682119339528,-0.5758106657310548,-0.5788898726408979,-0.5650320466312655
0.46417231891521593,1.6981090093700775,-0.9311920929376625,-1.4759563537029603,1.0090408669826858,-0.4250147577130797,-0.736220107210202,-0.6679308332270758,-0.5078007830046403,1.5878056431954701,-0.5039032598602688,-0.5896684618314822,-0.5758106657310548,1.7274442813069022,-0.5650320466312655
1.1319020447516768,1.5072914841223617,1.1932005145246851,1.3454655888594491,-0.9910401379383962,-0.4250147577130797,1.3582894438856787,1.497161008675925,-0.5078007830046403,-0.6298000037255774,-0.5039032598602688,-0.5896684618314822,1.7366819677269967,-0.5788898726408979,-0.5650320466312655
-1.4054709134268744,-0.11465748048322119,-0.6951484698862904,-0.06524538242175558,-0.9910401379383962,-0.4250147577130797,1.3582894438856787,1.497161008675925,-0.5078007830046403,-0.6298000037255774,-0.5039032598602688,-0.5896684618314822,-0.5758106657310548,1.7274442813069022,-0.5650320466312655
1.1986750173353227,1.1733608149388595,0.4850696453705693,-1.4759563537029603,-0.9910401379383962,2.352859475705742,-0.736220107210202,-0.6679308332270758,-0.5078007830046403,-0.6298000037255774,1.9845078999435277,-0.5896684618314822,-0.5758106657310548,-0.5788898726408979,1.769811121266526
-0.20355740692124488,0.9348389083792149,0.01298239926782539,-0.06524538242175558,1.0090408669826858,-0.4250147577130797,-0.736220107210202,1.497161008675925,-0.5078007830046403,-0.6298000037255774,-0.5039032598602688,-0.5896684618314822,-0.5758106657310548,-0.5788898726408979,1.769811121266526
-1.205151995675936,-0.30547500573093683,-0.9311920929376625,0.6401101032188468,1.0090408669826858,-0.4250147577130797,-0.736220107210202,1.497161008675925,-0.5078007830046403,-0.6298000037255774,-0.5039032598602688,-0.5896684618314822,-0.5758106657310548,1.7274442813069022,-0.5650320466312655
-0.20355740692124488,1.0779520523150017,-1.1672357159890343,-0.06524538242175558,1.0090408669826858,-0.4250147577130797,-0.736220107210202,1.497161008675925,-0.5078007830046403,-0.6298000037255774,-0.5039032598602688,-0.5896684618314822,-0.5758106657310548,-0.5788898726408979,1.769811121266526
0.7980371818334463,1.3164739588746461,0.01298239926782539,-1.4759563537029603,-0.9910401379383962,-0.4250147577130797,1.3582894438856787,-0.6679308332270758,-0.5078007830046403,-0.6298000037255774,1.9845078999435277,-0.5896684618314822,1.7366819677269967,-0.5788898726408979,-0.5650320466312655
0.06353448341333943,-0.9733363440979416,-0.9311920929376625,-0.06524538242175558,1.0090408669826858,-0.4250147577130797,-0.736220107210202,1.497161008675925,-0.5078007830046403,-0.6298000037255774,-0.5039032598602688,-0.5896684618314822,1.7366819677269967,-0.5788898726408979,-0.5650320466312655
-0.33710335208853703,0.028455663452565543,-1.6393229620917782,1.3454655888594491,-0.9910401379383962,-0.4250147577130797,1.3582894438856787,1.497161008675925,-0.5078007830046403,-0.6298000037255774,-0.5039032598602688,-0.5896684618314822,-0.5758106657310548,-0.5788898726408979,1.769811121266526
-0.5374222698394753,1.0779520523150017,-0.45910484683491853,-1.4759563537029603,1.0090408669826858,-0.4250147577130797,-0.736220107210202,-0.6679308332270758,-0.5078007830046403,1.5878056431954701,-0.5039032598602688,-0.5896684618314822,1.7366819677269967,-0.5788898726408979,-0.5650320466312655
-1.6057898311778125,1.3164739588746461,-1.1672357159890343,-0.06524538242175558,-0.9910401379383962,-0.4250147577130797,1.3582894438856787,-0.6679308332270758,-0.5078007830046403,1.5878056431954701,-0.5039032598602688,1.6958682119339528,-0.5758106657310548,-0.5788898726408979,-0.5650320466312655
-0.07001146175395272,1.6981090093700775,-0.9311920929376625,-0.06524538242175558,1.0090408669826858,-0.4250147577130797,-0.736220107210202,1.497161008675925,-0.5078007830046403,-0.6298000037255774,-0.5039032598602688,-0.5896684618314822,-0.5758106657310548,-0.5788898726408979,1.769811121266526
-0.20355740692124488,-1.6411976824649464,-0.45910484683491853,-0.770600868062358,1.0090408669826858,-0.4250147577130797,-0.736220107210202,-0.6679308332270758,1.9692762072618977,-0.6298000037255774,-0.5039032598602688,-0.5896684618314822,-0.5758106657310548,-0.5788898726408979,1.769811121266526
-1.3386979408432282,0.028455663452565543,-0.45910484683491853,-0.06524538242175558,1.0090408669826858,-0.4250147577130797,-0.736220107210202,-0.6679308332270758,-0.5078007830046403,1.5878056431954701,-0.5039032598602688,-0.5896684618314822,-0.5758106657310548,-0.5788898726408979,1.769811121266526
-0.20355740692124488,-1.5934933011530175,-0.45910484683491853,-1.4759563537029603,-0.9910401379383962,-0.4250147577130797,1.3582894438856787,-0.6679308332270758,-0.5078007830046403,-0.6298000037255774,1.9845078999435277,-0.5896684618314822,-0.5758106657310548,1.7274442813069022,-0.5650320466312655
0.06353448341333943,-0.8302232001621549,0.4850696453705693,1.3454655888594491,-0.9910401379383962,2.352859475705742,-0.736220107210202,-0.6679308332270758,1.9692762072618977,-0.6298000037255774,-0.5039032598602688,-0.5896684618314822,1.7366819677269967,-0.5788898726408979,-0.5650320466312655
-0.0032384891703066414,1.2687695775627172,-1.4032793390404064,-1.4759563537029603,-0.9910401379383962,-0.4250147577130797,1.3582894438856787,-0.6679308332270758,-0.5078007830046403,1.5878056431954701,-0.5039032598602688,1.6958682119339528,-0.5758106657310548,-0.5788898726408979,-0.5650320466312655
1.4657669076699071,-0.782518818850226,-0.45910484683491853,-0.06524538242175558,1.0090408669826858,-0.4250147577130797,-0.736220107210202,-0.6679308332270758,1.9692762072618977,-0.6298000037255774,-0.5039032598602688,-0.5896684618314822,-0.5758106657310548,1.7274442813069022,-0.5650320466312655
1.6660858254208453,0.41009071394799684,-1.4032793390404064,-0.06524538242175558,-0.9910401379383962,2.352859475705742,-0.736220107210202,-0.6679308332270758,-0.5078007830046403,1.5878056431954701,-0.5039032598602688,-0.5896684618314822,1.7366819677269967,-0.5788898726408979,-0.5650320466312655
0.7980371818334463,-1.0687451067217995,0.01298239926782539,0.6401101032188468,-0.9910401379383962,-0.4250147577130797,1.3582894438856787,1.497161008675925,-0.5078007830046403,-0.6298000037255774,-0.5039032598602688,-0.5896684618314822,-0.5758106657310548,1.7274442813069022,-0.5650320466312655
1.1986750173353227,1.2210651962507884,1.1932005145246851,-0.770600868062358,-0.9910401379383962,-0.4250147577130797,1.3582894438856787,1.497161008675925,-0.5078007830046403,-0.6298000037255774,-0.5039032598602688,1.6958682119339528,-0.5758106657310548,-0.5788898726408979,-0.5650320466312655
0.33062637374792375,1.1256564336269306,-1.1672357159890343,-0.06524538242175558,1.0090408669826858,-0.4250147577130797,-0.736220107210202,-0.6679308332270758,-0.5078007830046403,-0.6298000037255774,1.9845078999435277,1.6958682119339528,-0.5758106657310548,-0.5788898726408979,-0.5650320466312655
-0.07001146175395272,0.028455663452565543,-1.1672357159890343,-0.770600868062358,-0.9910401379383962,-0.4250147577130797,1.3582894438856787,-0.6679308332270758,-0.5078007830046403,-0.6298000037255774,1.9845078999435277,1.6958682119339528,-0.5758106657310548,-0.5788898726408979,-0.5650320466312655
-0.20355740692124488,1.5072914841223617,-0.22306122378354656,-0.770600868062358,1.0090408669826858,-0.4250147577130797,-0.736220107210202,-0.6679308332270758,-0.5078007830046403,1.5878056431954701,-0.5039032598602688,1.6958682119339528,-0.5758106657310548,-0.5788898726408979,-0.5650320466312655
-0.5374222698394753,-1.1641538693456572,1.4292441375760572,0.6401101032188468,-0.9910401379383962,-0.4250147577130797,1.3582894438856787,-0.6679308332270758,-0.5078007830046403,-0.6298000037255774,1.9845078999435277,-0.5896684618314822,1.7366819677269967,-0.5788898726408979,-0.5650320466312655
-0.9380601053413518,-0.8779275814740838,-0.45910484683491853,-0.770600868062358,1.0090408669826858,-0.4250147577130797,-0.736220107210202,-0.6679308332270758,-0.5078007830046403,1.5878056431954701,-0.5039032598602688,-0.5896684618314822,1.7366819677269967,-0.5788898726408979,-0.5650320466312655
-1.4054709134268744,-1.2118582506575861,1.665287760627429,-1.4759563537029603,1.0090408669826858,-0.4250147577130797,-0.736220107210202,-0.6679308332270758,-0.5078007830046403,1.5878056431954701,-0.5039032598602688,-0.5896684618314822,-0.5758106657310548,1.7274442813069022,-0.5650320466312655
0.7980371818334463,-0.1623618617951501,0.24902602231919735,-0.770600868062358,-0.9910401379383962,-0.4250147577130797,1.3582894438856787,-0.6679308332270758,-0.5078007830046403,-0.6298000037255774,1.9845078999435277,-0.5896684618314822,1.7366819677269967,-0.5788898726408979,-0.5650320466312655
0.9315831270007384,-0.25777062441900794,-0.22306122378354656,0.6401101032188468,1.0090408669826858,-0.4250147577130797,-0.736220107210202,-0.6679308332270758,1.9692762072618977,-0.6298000037255774,-0.5039032598602688,-0.5896684618314822,-0.5758106657310548,1.7274442813069022,-0.5650320466312655
0.6644912366661542,0.12386442607642337,0.4850696453705693,0.6401101032188468,1.0090408669826858,-0.4250147577130797,-0.736220107210202,1.497161008675925,-0.5078007830046403,-0.6298000037255774,-0.5039032598602688,1.6958682119339528,-0.5758106657310548,-0.5788898726408979,-0.5650320466312655
0.1970804285806316,-0.5439969122905814,1.4292441375760572,-1.4759563537029603,-0.9910401379383962,-0.4250147577130797,1.3582894438856787,1.497161008675925,-0.5078007830046403,-0.6298000037255774,-0.5039032598602688,-0.5896684618314822,-0.5758106657310548,-0.5788898726408979,1.769811121266526
0.597718264082508,-0.782518818850226,1.665287760627429,-0.06524538242175558,-0.9910401379383962,-0.4250147577130797,1.3582894438856787,-0.6679308332270758,-0.5078007830046403,-0.6298000037255774,1.9845078999435277,-0.5896684618314822,1.7366819677269967,-0.5788898726408979,-0.5650320466312655
-1.4054709134268744,-0.9733363440979416,-1.1672357159890343,1.3454655888594491,-0.9910401379383962,2.352859475705742,-0.736220107210202,-0.6679308332270758,1.9692762072618977,-0.6298000037255774,-0.5039032598602688,-0.5896684618314822,1.7366819677269967,-0.5788898726408979,-0.5650320466312655
0.1303074559969855,-0.1623618617951501,1.4292441375760572,-0.06524538242175558,1.0090408669826858,-0.4250147577130797,-0.736220107210202,1.497161008675925,-0.5078007830046403,-0.6298000037255774,-0.5039032598602688,-0.5896684618314822,-0.5758106657310548,-0.5788898726408979,1.769811121266526
-0.7377411875904135,-0.11465748048322119,1.1932005145246851,-0.770600868062358,1.0090408669826858,-0.4250147577130797,-0.736220107210202,-0.6679308332270758,1.9692762072618977,-0.6298000037255774,-0.5039032598602688,1.6958682119339528,-0.5758106657310548,-0.5788898726408979,-0.5650320466312655
-1.6057898311778125,1.5072914841223617,-1.4032793390404064,0.6401101032188468,1.0090408669826858,-0.4250147577130797,-0.736220107210202,1.497161008675925,-0.5078007830046403,-0.6298000037255774,-0.5039032598602688,-0.5896684618314822,1.7366819677269967,-0.5788898726408979,-0.5650320466312655
-0.4706492972558292,-0.8779275814740838,0.01298239926782539,0.6401101032188468,1.0090408669826858,-0.4250147577130797,-0.736220107210202,1.497161008675925,-0.5078007830046403,-0.6298000037255774,-0.5039032598602688,-0.5896684618314822,-0.5758106657310548,-0.5788898726408979,1.769811121266526
0.2638534011642777,0.2192731887002812,-0.9311920929376625,-0.770600868062358,1.0090408669826858,-0.4250147577130797,-0.736220107210202,-0.6679308332270758,1.9692762072618977,-0.6298000037255774,-0.5039032598602688,-0.5896684618314822,-0.5758106657310548,-0.5788898726408979,1.769811121266526
0.7980371818334463,-0.019248717859363367,1.665287760627429,-0.06524538242175558,-0.9910401379383962,-0.4250147577130797,1.3582894438856787,-0.6679308332270758,1.9692762072618977,-0.6298000037255774,-0.5039032598602688,-0.5896684618314822,-0.5758106657310548,1.7274442813069022,-0.5650320466312655
1.398993935086261,-0.782518818850226,-1.6393229620917782,-1.4759563537029603,-0.9910401379383962,-0.4250147577130797,1.3582894438856787,-0.6679308332270758,-0.5078007830046403,-0.6298000037255774,1.9845078999435277,1.6958682119339528,-0.5758106657310548,-0.5788898726408979,-0.5650320466312655
-0.8712871327577056,0.3623863326360679,0.24902602231919735,-0.06524538242175558,1.0090408669826858,-0.4250147577130797,-0.736220107210202,1.497161008675925,-0.5078007830046403,-0.6298000037255774,-0.5039032598602688,-0.5896684618314822,-0.5758106657310548,-0.5788898726408979,1.769811121266526
-1.4054709134268744,-0.5917012936025103,1.4292441375760572,1.3454655888594491,1.0090408669826858,-0.4250147577130797,-0.736220107210202,-0.6679308332270758,1.9692762072618977,-0.6298000037255774,-0.5039032598602688,-0.5896684618314822,-0.5758106657310548,-0.5788898726408979,1.769811121266526
-0.4706492972558292,-1.4980845385291597,-0.45910484683491853,-1.4759563537029603,1.0090408669826858,-0.4250147577130797,-0.736220107210202,-0.6679308332270758,1.9692762072618977,-0.6298000037255774,-0.5039032598602688,-0.5896684618314822,-0.5758106657310548,1.7274442813069022,-0.5650320466312655
-1.071606050508644,-1.3549713945933728,1.665287760627429,0.6401101032188468,-0.9910401379383962,-0.4250147577130797,1.3582894438856787,1.497161008675925,-0.5078007830046403,-0.6298000037255774,-0.5039032598602688,-0.5896684618314822,1.7366819677269967,-0.5788898726408979,-0.5650320466312655
1.6660858254208453,1.1256564336269306,-1.4032793390404064,0.6401101032188468,1.0090408669826858,-0.4250147577130797,-0.736220107210202,-0.6679308332270758,-0.5078007830046403,-0.6298000037255774,1.9845078999435277,-0.5896684618314822,-0.5758106657310548,-0.5788898726408979,1.769811121266526
-0.20355740692124488,-0.782518818850226,-0.9311920929376625,-0.06524538242175558,-0.9910401379383962,2.352859475705742,-0.736220107210202,-0.6679308332270758,1.9692762072618977,-0.6298000037255774,-0.5039032598602688,-0.5896684618314822,-0.5758106657310548,-0.5788898726408979,1.769811121266526
-1.6057898311778125,-0.3531793870428657,-0.45910484683491853,-0.770600868062358,-0.9910401379383962,-0.4250147577130797,1.3582894438856787,-0.6679308332270758,-0.5078007830046403,1.5878056431954701,-0.5039032598602688,-0.5896684618314822,-0.5758106657310548,1.7274442813069022,-0.5650320466312655
0.3973993463315698,-0.5917012936025103,-1.6393229620917782,0.6401101032188468,-0.9910401379383962,-0.4250147577130797,1.3582894438856787,1.497161008675925,-0.5078007830046403,-0.6298000037255774,-0.5039032598602688,1.6958682119339528,-0.5758106657310548,-0.5788898726408979,-0.5650320466312655
0.9983560995843845,0.6009082391957125,-0.45910484683491853,1.3454655888594491,1.0090408669826858,-0.4250147577130797,-0.736220107210202,1.497161008675925,-0.5078007830046403,-0.6298000037255774,-0.5039032598602688,1.6958682119339528,-0.5758106657310548,-0.5788898726408979,-0.5650320466312655
-1.205151995675936,1.2687695775627172,1.665287760627429,-0.06524538242175558,-0.9910401379383962,-0.4250147577130797,1.3582894438856787,-0.6679308332270758,-0.5078007830046403,-0.6298000037255774,1.9845078999435277,-0.5896684618314822,-0.5758106657310548,1.7274442813069022,-0.5650320466312655
0.46417231891521593,-0.44858814966672356,-0.45910484683491853,0.6401101032188468,1.0090408669826858,-0.4250147577130797,-0.736220107210202,-0.6679308332270758,-0.5078007830046403,-0.6298000037255774,1.9845078999435277,-0.5896684618314822,1.7366819677269967,-0.5788898726408979,-0.5650320466312655
0.8648101544170924,0.9348389083792149,-1.4032793390404064,-0.770600868062358,1.0090408669826858,-0.4250147577130797,-0.736220107210202,-0.6679308332270758,-0.5078007830046403,1.5878056431954701,-0.5039032598602688,-0.5896684618314822,1.7366819677269967,-0.5788898726408979,-0.5650320466312655
-0.1367844343375988,-1.5934933011530175,0.7211132684219412,1.3454655888594491,-0.9910401379383962,2.352859475705742,-0.736220107210202,-0.6679308332270758,-0.5078007830046403,1.5878056431954701,-0.5039032598602688,1.6958682119339528,-0.5758106657310548,-0.5788898726408979,-0.5650320466312655
0.33062637374792375,-0.30547500573093683,-0.9311920929376625,-1.4759563537029603,1.0090408669826858,-0.4250147577130797,-0.736220107210202,-0.6679308332270758,-0.5078007830046403,1.5878056431954701,-0.5039032598602688,1.6958682119339528,-0.5758106657310548,-0.5788898726408979,-0.5650320466312655
-0.4706492972558292,0.41009071394799684,0.01298239926782539,1.3454655888594491,1.0090408669826858,-0.4250147577130797,-0.736220107210202,-0.6679308332270758,-0.5078007830046403,1.5878056431954701,-0.5039032598602688,-0.5896684618314822,-0.5758106657310548,-0.5788898726408979,1.769811121266526
-1.3386979408432282,1.6981090093700775,1.4292441375760572,-1.4759563537029603,-0.9910401379383962,2.352859475705742,-0.736220107210202,-0.6679308332270758,1.9692762072618977,-0.6298000037255774,-0.5039032598602688,-0.5896684618314822,-0.5758106657310548,1.7274442813069022,-0.5650320466312655
-0.0032384891703066414,0.839430145755357,-1.4032793390404064,0.6401101032188468,1.0090408669826858,-0.4250147577130797,-0.736220107210202,1.497161008675925,-0.5078007830046403,-0.6298000037255774,-0.5039032598602688,-0.5896684618314822,1.7366819677269967,-0.5788898726408979,-0.5650320466312655
-0.9380601053413518,-0.019248717859363367,0.7211132684219412,1.3454655888594491,-0.9910401379383962,-0.4250147577130797,1.3582894438856787,-0.6679308332270758,-0.5078007830046403,1.5878056431954701,-0.5039032598602688,-0.5896684618314822,1.7366819677269967,-0.5788898726408979,-0.5650320466312655
-0.07001146175395272,0.45779509525992573,0.01298239926782539,-0.770600868062358,1.0090408669826858,-0.4250147577130797,-0.736220107210202,-0.6679308332270758,1.9692762072618977,-0.6298000037255774,-0.5039032598602688,-0.5896684618314822,1.7366819677269967,-0.5788898726408979,-0.5650320466312655
0.2638534011642777,1.5072914841223617,-1.6393229620917782,0.6401101032188468,1.0090408669826858,-0.4250147577130797,-0.736220107210202,-0.6679308332270758,1.9692762072618977,-0.6298000037255774,-0.5039032598602688,-0.5896684618314822,1.7366819677269967,-0.5788898726408979,-0.5650320466312655
1.398993935086261,-1.6889020637768752,1.1932005145246851,-0.770600868062358,1.0090408669826858,-0.4250147577130797,-0.736220107210202,-0.6679308332270758,-0.5078007830046403,1.5878056431954701,-0.5039032598602688,-0.5896684618314822,-0.5758106657310548,1.7274442813069022,-0.5650320466312655
0.1970804285806316,0.5532038578837836,-0.45910484683491853,-0.770600868062358,-0.9910401379383962,-0.4250147577130797,1.3582894438856787,-0.6679308332270758,-0.5078007830046403,-0.6298000037255774,1.9845078999435277,-0.5896684618314822,-0.5758106657310548,-0.5788898726408979,1.769811121266526
-0.8045141601740596,-1.6411976824649464,-0.22306122378354656,1.3454655888594491,-0.9910401379383962,-0.4250147577130797,1.3582894438856787,1.497161008675925,-0.5078007830046403,-0.6298000037255774,-0.5039032598602688,-0.5896684618314822,1.7366819677269967,-0.5788898726408979,-0.5650320466312655
0.1970804285806316,-0.9733363440979416,-0.45910484683491853,1.3454655888594491,1.0090408669826858,-0.4250147577130797,-0.736220107210202,-0.6679308332270758,-0.5078007830046403,-0.6298000037255774,1.9845078999435277,-0.5896684618314822,1.7366819677269967,-0.5788898726408979,-0.5650320466312655
1.5993128528371992,1.4595871028104328,1.1932005145246851,0.6401101032188468,-0.9910401379383962,-0.4250147577130797,1.3582894438856787,-0.6679308332270758,1.9692762072618977,-0.6298000037255774,-0.5039032598602688,1.6958682119339528,-0.5758106657310548,-0.5788898726408979,-0.5650320466312655
-1.071606050508644,-0.21006624310707903,-1.6393229620917782,0.6401101032188468,-0.9910401379383962,-0.4250147577130797,1.3582894438856787,1.497161008675925,-0.5078007830046403,-0.6298000037255774,-0.5039032598602688,-0.5896684618314822,-0.5758106657310548,1.7274442813069022,-0.5650320466312655
0.9983560995843845,-0.6394056749144392,0.24902602231919735,1.3454655888594491,1.0090408669826858,-0.4250147577130797,-0.736220107210202,-0.6679308332270758,-0.5078007830046403,1.5878056431954701,-0.5039032598602688,-0.5896684618314822,-0.5758106657310548,-0.5788898726408979,1.769811121266526
-1.6057898311778125,-1.5457889198410886,-0.9311920929376625,1.3454655888594491,-0.9910401379383962,2.352859475705742,-0.736220107210202,-0.6679308332270758,-0.5078007830046403,-0.6298000037255774,1.9845078999435277,-0.5896684618314822,1.7366819677269967,-0.5788898726408979,-0.5650320466312655
-0.7377411875904135,1.5072914841223617,0.01298239926782539,-0.770600868062358,-0.9910401379383962,-0.4250147577130797,1.3582894438856787,1.497161008675925,-0.5078007830046403,-0.6298000037255774,-0.5039032598602688,-0.5896684618314822,1.7366819677269967,-0.5788898726408979,-0.5650320466312655
0.46417231891521593,-0.4962925309786525,1.1932005145246851,-0.770600868062358,1.0090408669826858,-0.4250147577130797,-0.736220107210202,1.497161008675925,-0.5078007830046403,-0.6298000037255774,-0.5039032598602688,-0.5896684618314822,1.7366819677269967,-0.5788898726408979,-0.5650320466312655
0.6644912366661542,-0.9256319627860127,1.1932005145246851,0.6401101032188468,-0.9910401379383962,-0.4250147577130797,1.3582894438856787,-0.6679308332270758,-0.5078007830046403,-0.6298000037255774,1.9845078999435277,-0.5896684618314822,-0.5758106657310548,1.7274442813069022,-0.5650320466312655
-0.4038763246721831,0.41009071394799684,-0.22306122378354656,0.6401101032188468,-0.9910401379383962,2.352859475705742,-0.736220107210202,-0.6679308332270758,-0.5078007830046403,-0.6298000037255774,1.9845078999435277,1.6958682119339528,-0.5758106657310548,-0.5788898726408979,-0.5650320466312655
0.7312642092498002,-0.30547500573093683,-0.9311920929376625,-0.770600868062358,-0.9910401379383962,-0.4250147577130797,1.3582894438856787,-0.6679308332270758,-0.5078007830046403,1.5878056431954701,-0.5039032598602688,-0.5896684618314822,-0.5758106657310548,-0.5788898726408979,1.769811121266526
-1.071606050508644,-0.21006624310707903,0.9571568914733132,-0.770600868062358,-0.9910401379383962,-0.4250147577130797,1.3582894438856787,1.497161008675925,-0.5078007830046403,-0.6298000037255774,-0.5039032598602688,-0.5896684618314822,-0.5758106657310548,-0.5788898726408979,1.769811121266526
-1.3386979408432282,1.4595871028104328,1.1932005145246851,1.3454655888594491,-0.9910401379383962,-0.4250147577130797,1.3582894438856787,-0.6679308332270758,1.9692762072618977,-0.6298000037255774,-0.5039032598602688,-0.5896684618314822,1.7366819677269967,-0.5788898726408979,-0.5650320466312655
-1.6057898311778125,-1.307267013281444,-0.9311920929376625,0.6401101032188468,-0.9910401379383962,-0.4250147577130797,1.3582894438856787,-0.6679308332270758,-0.5078007830046403,-0.6298000037255774,1.9845078999435277,-0.5896684618314822,-0.5758106657310548,-0.5788898726408979,1.769811121266526
-0.5374222698394753,1.6027002467462197,-0.6951484698862904,-0.06524538242175558,-0.9910401379383962,2.352859475705742,-0.736220107210202,-0.6679308332270758,-0.5078007830046403,1.5878056431954701,-0.5039032598602688,1.6958682119339528,-0.5758106657310548,-0.5788898726408979,-0.5650320466312655
-1.205151995675936,0.6963170018195703,0.24902602231919735,-1.4759563537029603,-0.9910401379383962,2.352859475705742,-0.736220107210202,-0.6679308332270758,-0.5078007830046403,1.5878056431954701,-0.5039032598602688,-0.5896684618314822,-0.5758106657310548,1.7274442813069022,-0.5650320466312655
1.6660858254208453,1.1733608149388595,0.9571568914733132,1.3454655888594491,-0.9910401379383962,-0.4250147577130797,1.3582894438856787,-0.6679308332270758,-0.5078007830046403,1.5878056431954701,-0.5039032598602688,-0.5896684618314822,-0.5758106657310548,1.7274442813069022,-0.5650320466312655
-1.4054709134268744,0.7917257644434281,-1.6393229620917782,-1.4759563537029603,-0.9910401379383962,2.352859475705742,-0.736220107210202,-0.6679308332270758,1.9692762072618977,-0.6298000037255774,-0.5039032598602688,-0.5896684618314822,-0.5758106657310548,1.7274442813069022,-0.5650320466312655
0.46417231891521593,-1.6411976824649464,0.01298239926782539,-1.4759563537029603,-0.9910401379383962,-0.4250147577130797,1.3582894438856787,-0.6679308332270758,-0.5078007830046403,1.5878056431954701,-0.5039032598602688,-0.5896684618314822,-0.5758106657310548,1.7274442813069022,-0.5650320466312655
0.9315831270007384,-0.1623618617951501,0.01298239926782539,-1.4759563537029603,-0.9910401379383962,-0.4250147577130797,1.3582894438856787,-0.6679308332270758,1.9692762072618977,-0.6298000037255774,-0.5039032598602688,-0.5896684618314822,-0.5758106657310548,1.7274442813069022,-0.5650320466312655
-0.27033037950489097,-0.019248717859363367,-1.6393229620917782,-0.770600868062358,1.0090408669826858,-0.4250147577130797,-0.736220107210202,1.497161008675925,-0.5078007830046403,-0.6298000037255774,-0.5039032598602688,-0.5896684618314822,1.7366819677269967,-0.5788898726408979,-0.5650320466312655
0.7312642092498002,0.07616004476449445,0.9571568914733132,-1.4759563537029603,1.0090408669826858,-0.4250147577130797,-0.736220107210202,-0.6679308332270758,-0.5078007830046403,-0.6298000037255774,1.9845078999435277,-0.5896684618314822,-0.5758106657310548,1.7274442813069022,-0.5650320466312655
-1.6725628037614586,1.3164739588746461,0.4850696453705693,-0.06524538242175558,1.0090408669826858,-0.4250147577130797,-0.736220107210202,-0.6679308332270758,-0.5078007830046403,-0.6298000037255774,1.9845078999435277,-0.5896684618314822,1.7366819677269967,-0.5788898726408979,-0.5650320466312655
-1.6725628037614586,-0.1623618617951501,-1.1672357159890343,1.3454655888594491,1.0090408669826858,-0.4250147577130797,-0.736220107210202,-0.6679308332270758,-0.5078007830046403,1.5878056431954701,-0.5039032598602688,-0.5896684618314822,1.7366819677269967,-0.5788898726408979,-0.5650320466312655
0.7980371818334463,1.411882721498504,0.01298239926782539,0.6401101032188468,-0.9910401379383962,2.352859475705742,-0.736220107210202,1.497161008675925,-0.5078007830046403,-0.6298000037255774,-0.5039032598602688,-0.5896684618314822,-0.5758106657310548,-0.5788898726408979,1.769811121266526
-0.8045141601740596,-1.1641538693456572,-1.6393229620917782,-1.4759563537029603,-0.9910401379383962,-0.4250147577130797,1.3582894438856787,1.497161008675925,-0.5078007830046403,-0.6298000037255774,-0.5039032598602688,-0.5896684618314822,-0.5758106657310548,1.7274442813069022,-0.5650320466312655
0.2638534011642777,0.6963170018195703,0.9571568914733132,-1.4759563537029603,-0.9910401379383962,-0.4250147577130797,1.3582894438856787,-0.6679308332270758,-0.5078007830046403,1.5878056431954701,-0.5039032598602688,-0.5896684618314822,1.7366819677269967,-0.5788898726408979,-0.5650320466312655
1.4657669076699071,-0.30547500573093683,0.9571568914733132,-0.770600868062358,1.0090408669826858,-0.4250147577130797,-0.736220107210202,-0.6679308332270758,1.9692762072618977,-0.6298000037255774,-0.5039032598602688,-0.5896684618314822,1.7366819677269967,-0.5788898726408979,-0.5650320466312655
-0.07001146175395272,-0.8302232001621549,1.665287760627429,-0.06524538242175558,-0.9910401379383962,-0.4250147577130797,1.3582894438856787,-0.6679308332270758,-0.5078007830046403,1.5878056431954701,-0.5039032598602688,-0.5896684618314822,-0.5758106657310548,-0.5788898726408979,1.769811121266526
0.5309452914988619,-1.4980845385291597,1.665287760627429,-0.06524538242175558,-0.9910401379383962,-0.4250147577130797,1.3582894438856787,1.497161008675925,-0.5078007830046403,-0.6298000037255774,-0.5039032598602688,-0.5896684618314822,-0.5758106657310548,-0.5788898726408979,1.769811121266526
-0.27033037950489097,-1.4980845385291597,0.01298239926782539,-0.770600868062358,1.0090408669826858,-0.4250147577130797,-0.736220107210202,-0.6679308332270758,-0.5078007830046403,1.5878056431954701,-0.5039032598602688,-0.5896684618314822,1.7366819677269967,-0.5788898726408979,-0.5650320466312655
-0.27033037950489097,0.7440213831314992,0.9571568914733132,-0.770600868062358,-0.9910401379383962,-0.4250147577130797,1.3582894438856787,-0.6679308332270758,1.9692762072618977,-0.6298000037255774,-0.5039032598602688,-0.5896684618314822,-0.5758106657310548,1.7274442813069022,-0.5650320466312655
0.9315831270007384,0.314681951324139,-1.4032793390404064,1.3454655888594491,1.0090408669826858,-0.4250147577130797,-0.736220107210202,-0.6679308332270758,-0.5078007830046403,1.5878056431954701,-0.5039032598602688,1.6958682119339528,-0.5758106657310548,-0.5788898726408979,-0.5650320466312655
0.7980371818334463,-0.1623618617951501,1.665287760627429,-0.770600868062358,-0.9910401379383962,-0.4250147577130797,1.3582894438856787,-0.6679308332270758,-0.5078007830046403,-0.6298000037255774,1.9845078999435277,1.6958682119339528,-0.5758106657310548,-0.5788898726408979,-0.5650320466312655
1.1319020447516768,0.5054994765718547,-0.22306122378354656,-1.4759563537029603,1.0090408669826858,-0.4250147577130797,-0.736220107210202,1.497161008675925,-0.5078007830046403,-0.6298000037255774,-0.5039032598602688,-0.5896684618314822,-0.5758106657310548,1.7274442813069022,-0.5650320466312655
0.1970804285806316,-0.8302232001621549,-1.6393229620917782,-0.06524538242175558,1.0090408669826858,-0.4250147577130797,-0.736220107210202,-0.6679308332270758,-0.5078007830046403,-0.6298000037255774,1.9845078999435277,-0.5896684618314822,-0.5758106657310548,-0.5788898726408979,1.769811121266526
0.8648101544170924,0.7917257644434281,-1.6393229620917782,-0.06524538242175558,1.0090408669826858,-0.4250147577130797,-0.736220107210202,1.497161008675925,-0.5078007830046403,-0.6298000037255774,-0.5039032598602688,1.6958682119339528,-0.5758106657310548,-0.5788898726408979,-0.5650320466312655
-1.4722438860105203,-0.6871100562263681,-0.22306122378354656,1.3454655888594491,-0.9910401379383962,2.352859475705742,-0.736220107210202,-0.6679308332270758,1.9692762072618977,-0.6298000037255774,-0.5039032598602688,-0.5896684618314822,-0.5758106657310548,-0.5788898726408979,1.769811121266526
1.5325398802535533,-0.6394056749144392,-0.45910484683491853,1.3454655888594491,-0.9910401379383962,2.352859475705742,-0.736220107210202,-0.6679308332270758,1.9692762072618977,-0.6298000037255774,-0.5039032598602688,1.6958682119339528,-0.5758106657310548,-0.5788898726408979,-0.5650320466312655
-1.7393357763451047,-0.3531793870428657,-0.22306122378354656,0.6401101032188468,-0.9910401379383962,-0.4250147577130797,1.3582894438856787,-0.6679308332270758,1.9692762072618977,-0.6298000037255774,-0.5039032598602688,1.6958682119339528,-0.5758106657310548,-0.5788898726408979,-0.5650320466312655
1.5325398802535533,-1.3549713945933728,0.9571568914733132,-1.4759563537029603,1.0090408669826858,-0.4250147577130797,-0.736220107210202,-0.6679308332270758,-0.5078007830046403,-0.6298000037255774,1.9845078999435277,-0.5896684618314822,1.7366819677269967,-0.5788898726408979,-0.5650320466312655
0.33062637374792375,1.6027002467462197,1.665287760627429,0.6401101032188468,-0.9910401379383962,-0.4250147577130797,1.3582894438856787,-0.6679308332270758,-0.5078007830046403,1.5878056431954701,-0.5039032598602688,1.6958682119339528,-0.5758106657310548,-0.5788898726408979,-0.5650320466312655
-0.9380601053413518,0.7917257644434281,-0.22306122378354656,-0.06524538242175558,1.0090408669826858,-0.4250147577130797,-0.736220107210202,1.497161008675925,-0.5078007830046403,-0.6298000037255774,-0.5039032598602688,1.6958682119339528,-0.5758106657310548,-0.5788898726408979,-0.5650320466312655
-1.071606050508644,1.1733608149388595,-0.45910484683491853,-1.4759563537029603,1.0090408669826858,-0.4250147577130797,-0.736220107210202,-0.6679308332270758,-0.5078007830046403,-0.6298000037255774,1.9845078999435277,-0.5896684618314822,-0.5758106657310548,1.7274442813069022,-0.5650320466312655
-1.3386979408432282,-0.019248717859363367,-0.22306122378354656,-0.06524538242175558,1.0090408669826858,-0.4250147577130797,-0.736220107210202,-0.6679308332270758,-0.5078007830046403,-0.6298000037255774,1.9845078999435277,-0.5896684618314822,1.7366819677269967,-0.5788898726408979,-0.5650320466312655
-0.7377411875904135,0.45779509525992573,-1.1672357159890343,0.6401101032188468,1.0090408669826858,-0.4250147577130797,-0.736220107210202,-0.6679308332270758,-0.5078007830046403,1.5878056431954701,-0.5039032598602688,-0.5896684618314822,1.7366819677269967,-0.5788898726408979,-0.5650320466312655
-0.1367844343375988,-0.4962925309786525,1.1932005145246851,-0.770600868062358,-0.9910401379383962,-0.4250147577130797,1.3582894438856787,1.497161008675925,-0.5078007830046403,-0.6298000037255774,-0.5039032598602688,-0.5896684618314822,-0.5758106657310548,1.7274442813069022,-0.5650320466312655
1.1319020447516768,0.6486126205076413,0.24902602231919735,-0.06524538242175558,-0.9910401379383962,2.352859475705742,-0.736220107210202,-0.6679308332270758,-0.5078007830046403,1.5878056431954701,-0.5039032598602688,-0.5896684618314822,1.7366819677269967,-0.5788898726408979,-0.5650320466312655
1.5325398802535533,0.41009071394799684,-0.6951484698862904,-0.06524538242175558,-0.9910401379383962,2.352859475705742,-0.736220107210202,1.497161008675925,-0.5078007830046403,-0.6298000037255774,-0.5039032598602688,-0.5896684618314822,-0.5758106657310548,-0.5788898726408979,1.769811121266526
1.0651290721680307,1.5072914841223617,-1.4032793390404064,1.3454655888594491,-0.9910401379383962,2.352859475705742,-0.736220107210202,-0.6679308332270758,-0.5078007830046403,-0.6298000037255774,1.9845078999435277,-0.5896684618314822,-0.5758106657310548,-0.5788898726408979,1.769811121266526
-1.2719249682595821,-0.734814437538297,0.24902602231919735,1.3454655888594491,-0.9910401379383962,-0.4250147577130797,1.3582894438856787,1.497161008675925,-0.5078007830046403,-0.6298000037255774,-0.5039032598602688,-0.5896684618314822,1.7366819677269967,-0.5788898726408979,-0.5650320466312655
-0.5374222698394753,-1.259562631969515,-1.4032793390404064,-0.770600868062358,-0.9910401379383962,2.352859475705742,-0.736220107210202,-0.6679308332270758,-0.5078007830046403,1.5878056431954701,-0.5039032598602688,-0.5896684618314822,-0.5758106657310548,-0.5788898726408979,1.769811121266526
-0.7377411875904135,1.0302476710030728,0.7211132684219412,1.3454655888594491,1.0090408669826858,-0.4250147577130797,-0.736220107210202,1.497161008675925,-0.5078007830046403,-0.6298000037255774,-0.5039032598602688,-0.5896684618314822,1.7366819677269967,-0.5788898726408979,-0.5650320466312655
1.1986750173353227,-1.0687451067217995,-0.45910484683491853,-0.770600868062358,-0.9910401379383962,-0.4250147577130797,1.3582894438856787,-0.6679308332270758,-0.5078007830046403,1.5878056431954701,-0.5039032598602688,-0.5896684618314822,-0.5758106657310548,-0.5788898726408979,1.769811121266526
1.5325398802535533,-0.6394056749144392,1.4292441375760572,1.3454655888594491,1.0090408669826858,-0.4250147577130797,-0.736220107210202,-0.6679308332270758,1.9692762072618977,-0.6298000037255774,-0.5039032598602688,-0.5896684618314822,-0.5758106657310548,-0.5788898726408979,1.769811121266526
-1.6057898311778125,-1.5457889198410886,1.665287760627429,-0.06524538242175558,-0.9910401379383962,2.352859475705742,-0.736220107210202,-0.6679308332270758,1.9692762072618977,-0.6298000037255774,-0.5039032598602688,-0.5896684618314822,-0.5758106657310548,1.7274442813069022,-0.5650320466312655
1.332220962502615,-1.6889020637768752,-1.1672357159890343,0.6401101032188468,-0.9910401379383962,-0.4250147577130797,1.3582894438856787,-0.6679308332270758,-0.5078007830046403,-0.6298000037255774,1.9845078999435277,-0.5896684618314822,-0.5758106657310548,1.7274442813069022,-0.5650320466312655
-0.6709682150067674,0.6009082391957125,0.7211132684219412,0.6401101032188468,-0.9910401379383962,-0.4250147577130797,1.3582894438856787,1.497161008675925,-0.5078007830046403,-0.6298000037255774,-0.5039032598602688,-0.5896684618314822,-0.5758106657310548,1.7274442813069022,-0.5650320466312655
0.1970804285806316,-0.11465748048322119,-0.45910484683491853,1.3454655888594491,1.0090408669826858,-0.4250147577130797,-0.736220107210202,-0.6679308332270758,-0.5078007830046403,1.5878056431954701,-0.5039032598602688,1.6958682119339528,-0.5758106657310548,-0.5788898726408979,-0.5650320466312655
-0.4706492972558292,-0.6394056749144392,-0.9311920929376625,1.3454655888594491,1.0090408669826858,-0.4250147577130797,-0.736220107210202,-0.6679308332270758,-0.5078007830046403,1.5878056431954701,-0.5039032598602688,1.6958682119339528,-0.5758106657310548,-0.5788898726408979,-0.5650320466312655
1.0651290721680307,0.2669775700122101,-0.6951484698862904,1.3454655888594491,-0.9910401379383962,-0.4250147577130797,1.3582894438856787,1.497161008675925,-0.5078007830046403,-0.6298000037255774,-0.5039032598602688,-0.5896684618314822,1.7366819677269967,-0.5788898726408979,-0.5650320466312655
0.597718264082508,-0.6394056749144392,-1.6393229620917782,-0.06524538242175558,1.0090408669826858,-0.4250147577130797,-0.736220107210202,-0.6679308332270758,-0.5078007830046403,-0.6298000037255774,1.9845078999435277,-0.5896684618314822,-0.5758106657310548,1.7274442813069022,-0.5650320466312655
1.0651290721680307,-0.44858814966672356,0.4850696453705693,0.6401101032188468,-0.9910401379383962,2.352859475705742,-0.736220107210202,-0.6679308332270758,-0.5078007830046403,-0.6298000037255774,1.9845078999435277,-0.5896684618314822,-0.5758106657310548,1.7274442813069022,-0.5650320466312655
-1.071606050508644,0.028455663452565543,-0.9311920929376625,-0.06524538242175558,1.0090408669826858,-0.4250147577130797,-0.736220107210202,-0.6679308332270758,1.9692762072618977,-0.6298000037255774,-0.5039032598602688,1.6958682119339528,-0.5758106657310548,-0.5788898726408979,-0.5650320466312655
-0.8712871327577056,0.7917257644434281,1.665287760627429,-1.4759563537029603,1.0090408669826858,-0.4250147577130797,-0.736220107210202,-0.6679308332270758,1.9692762072618977,-0.6298000037255774,-0.5039032598602688,-0.5896684618314822,-0.5758106657310548,1.7274442813069022,-0.5650320466312655
1.5325398802535533,-1.5457889198410886,-0.45910484683491853,-0.06524538242175558,-0.9910401379383962,2.352859475705742,-0.736220107210202,1.497161008675925,-0.5078007830046403,-0.6298000037255774,-0.5039032598602688,-0.5896684618314822,-0.5758106657310548,-0.5788898726408979,1.769811121266526
-1.205151995675936,1.4595871028104328,0.9571568914733132,1.3454655888594491,-0.9910401379383962,-0.4250147577130797,1.3582894438856787,1.497161008675925,-0.5078007830046403,-0.6298000037255774,-0.5039032598602688,-0.5896684618314822,1.7366819677269967,-0.5788898726408979,-0.5650320466312655
1.2654479899189688,0.3623863326360679,0.9571568914733132,-1.4759563537029603,1.0090408669826858,-0.4250147577130797,-0.736220107210202,-0.6679308332270758,1.9692762072618977,-0.6298000037255774,-0.5039032598602688,-0.5896684618314822,1.7366819677269967,-0.5788898726408979,-0.5650320466312655
0.597718264082508,1.6027002467462197,0.01298239926782539,0.6401101032188468,1.0090408669826858,-0.4250147577130797,-0.736220107210202,1.497161008675925,-0.5078007830046403,-0.6298000037255774,-0.5039032598602688,-0.5896684618314822,-0.5758106657310548,-0.5788898726408979,1.769811121266526
-0.6041952424231214,-1.0210407254098706,0.01298239926782539,1.3454655888594491,-0.9910401379383962,-0.4250147577130797,1.3582894438856787,-0.6679308332270758,-0.5078007830046403,-0.6298000037255774,1.9845078999435277,-0.5896684618314822,1.7366819677269967,-0.5788898726408979,-0.5650320466312655
-1.1383790230922899,-1.5457889198410886,-0.6951484698862904,-1.4759563537029603,1.0090408669826858,-0.4250147577130797,-0.736220107210202,-0.6679308332270758,1.9692762072618977,-0.6298000037255774,-0.5039032598602688,-0.5896684618314822,-0.5758106657310548,1.7274442813069022,-0.5650320466312655
0.7312642092498002,1.3164739588746461,-1.1672357159890343,1.3454655888594491,1.0090408669826858,-0.4250147577130797,-0.736220107210202,-0.6679308332270758,-0.5078007830046403,1.5878056431954701,-0.5039032598602688,-0.5896684618314822,1.7366819677269967,-0.5788898726408979,-0.5650320466312655
-0.27033037950489097,0.314681951324139,0.01298239926782539,-0.06524538242175558,-0.9910401379383962,-0.4250147577130797,1.3582894438856787,-0.6679308332270758,-0.5078007830046403,1.5878056431954701,-0.5039032598602688,-0.5896684618314822,1.7366819677269967,-0.5788898726408979,-0.5650320466312655
-1.205151995675936,-1.5457889198410886,-0.6951484698862904,0.6401101032188468,-0.9910401379383962,-0.4250147577130797,1.3582894438856787,1.497161008675925,-0.5078007830046403,-0.6298000037255774,-0.5039032598602688,-0.5896684618314822,1.7366819677269967,-0.5788898726408979,-0.5650320466312655
-0.6709682150067674,1.6981090093700775,-0.6951484698862904,1.3454655888594491,1.0090408669826858,-0.4250147577130797,-0.736220107210202,-0.6679308332270758,-0.5078007830046403,1.5878056431954701,-0.5039032598602688,-0.5896684618314822,-0.5758106657310548,1.7274442813069022,-0.5650320466312655
-0.27033037950489097,0.41009071394799684,0.01298239926782539,-0.770600868062358,-0.9910401379383962,2.352859475705742,-0.736220107210202,1.497161008675925,-0.5078007830046403,-0.6298000037255774,-0.5039032598602688,1.6958682119339528,-0.5758106657310548,-0.5788898726408979,-0.5650320466312655
0.9983560995843845,-0.4962925309786525,0.24902602231919735,-1.4759563537029603,1.0090408669826858,-0.4250147577130797,-0.736220107210202,1.497161008675925,-0.5078007830046403,-0.6298000037255774,-0.5039032598602688,1.6958682119339528,-0.5758106657310548,-0.5788898726408979,-0.5650320466312655
-0.4038763246721831,-0.1623618617951501,0.01298239926782539,-0.06524538242175558,1.0090408669826858,-0.4250147577130797,-0.736220107210202,-0.6679308332270758,1.9692762072618977,-0.6298000037255774,-0.5039032598602688,-0.5896684618314822,-0.5758106657310548,1.7274442813069022,-0.5650320466312655
-0.9380601053413518,1.6981090093700775,-1.1672357159890343,-1.4759563537029603,1.0090408669826858,-0.4250147577130797,-0.736220107210202,-0.6679308332270758,-0.5078007830046403,1.5878056431954701,-0.5039032598602688,-0.5896684618314822,-0.5758106657310548,-0.5788898726408979,1.769811121266526
-0.1367844343375988,-0.21006624310707903,0.4850696453705693,-1.4759563537029603,-0.9910401379383962,-0.4250147577130797,1.3582894438856787,-0.6679308332270758,1.9692762072618977,-0.6298000037255774,-0.5039032598602688,-0.5896684618314822,1.7366819677269967,-0.5788898726408979,-0.5650320466312655
-0.8712871327577056,-1.4980845385291597,0.24902602231919735,0.6401101032188468,1.0090408669826858,-0.4250147577130797,-0.736220107210202,-0.6679308332270758,1.9692762072618977,-0.6298000037255774,-0.5039032598602688,1.6958682119339528,-0.5758106657310548,-0.5788898726408979,-0.5650320466312655
-1.0048330779249979,1.2687695775627172,-1.6393229620917782,-1.4759563537029603,-0.9910401379383962,-0.4250147577130797,1.3582894438856787,1.497161008675925,-0.5078007830046403,-0.6298000037255774,-0.5039032598602688,-0.5896684618314822,-0.5758106657310548,-0.5788898726408979,1.769811121266526
0.7312642092498002,-1.2118582506575861,-0.9311920929376625,0.6401101032188468,-0.9910401379383962,-0.4250147577130797,1.3582894438856787,-0.6679308332270758,1.9692762072618977,-0.6298000037255774,-0.5039032598602688,-0.5896684618314822,1.7366819677269967,-0.5788898726408979,-0.5650320466312655
-1.5390168585941664,-0.6871100562263681,0.7211132684219412,-0.06524538242175558,1.0090408669826858,-0.4250147577130797,-0.736220107210202,-0.6679308332270758,1.9692762072618977,-0.6298000037255774,-0.5039032598602688,-0.5896684618314822,-0.5758106657310548,-0.5788898726408979,1.769811121266526
1.1986750173353227,-0.06695309917129227,-1.1672357159890343,0.6401101032188468,1.0090408669826858,-0.4250147577130797,-0.736220107210202,-0.6679308332270758,1.9692762072618977,-0.6298000037255774,-0.5039032598602688,-0.5896684618314822,1.7366819677269967,-0.5788898726408979,-0.5650320466312655
0.3973993463315698,-1.307267013281444,0.9571568914733132,-0.770600868062358,1.0090408669826858,-0.4250147577130797,-0.736220107210202,-0.6679308332270758,1.9692762072618977,-0.6298000037255774,-0.5039032598602688,-0.5896684618314822,1.7366819677269967,-0.5788898726408979,-0.5650320466312655
0.06353448341333943,-1.402675775905302,0.24902602231919735,-0.06524538242175558,-0.9910401379383962,2.352859475705742,-0.736220107210202,-0.6679308332270758,-0.5078007830046403,-0.6298000037255774,1.9845078999435277,-0.5896684618314822,-0.5758106657310548,-0.5788898726408979,1.769811121266526
-1.1383790230922899,-0.4962925309786525,-0.45910484683491853,-0.770600868062358,1.0090408669826858,-0.4250147577130797,-0.736220107210202,-0.6679308332270758,1.9692762072618977,-0.6298000037255774,-0.5039032598602688,-0.5896684618314822,1.7366819677269967,-0.5788898726408979,-0.5650320466312655
-1.205151995675936,-1.6411976824649464,-1.6393229620917782,-0.06524538242175558,-0.9910401379383962,2.352859475705742,-0.736220107210202,1.497161008675925,-0.5078007830046403,-0.6298000037255774,-0.5039032598602688,1.6958682119339528,-0.5758106657310548,-0.5788898726408979,-0.5650320466312655
0.33062637374792375,0.028455663452565543,1.665287760627429,-0.06524538242175558,-0.9910401379383962,-0.4250147577130797,1.3582894438856787,1.497161008675925,-0.5078007830046403,-0.6298000037255774,-0.5039032598602688,1.6958682119339528,-0.5758106657310548,-0.5788898726408979,-0.5650320466312655
-0.0032384891703066414,0.7440213831314992,0.01298239926782539,-1.4759563537029603,1.0090408669826858,-0.4250147577130797,-0.736220107210202,-0.6679308332270758,-0.5078007830046403,1.5878056431954701,-0.5039032598602688,-0.5896684618314822,-0.5758106657310548,-0.5788898726408979,1.769811121266526
-0.33710335208853703,-0.06695309917129227,0.9571568914733132,-1.4759563537029603,1.0090408669826858,-0.4250147577130797,-0.736220107210202,-0.6679308332270758,-0.5078007830046403,1.5878056431954701,-0.5039032598602688,-0.5896684618314822,-0.5758106657310548,1.7274442813069022,-0.5650320466312655
-0.0032384891703066414,-1.0210407254098706,-1.1672357159890343,-0.06524538242175558,1.0090408669826858,-0.4250147577130797,-0.736220107210202,-0.6679308332270758,1.9692762072618977,-0.6298000037255774,-0.5039032598602688,-0.5896684618314822,1.7366819677269967,-0.5788898726408979,-0.5650320466312655
-0.5374222698394753,1.0302476710030728,-0.22306122378354656,-0.06524538242175558,-0.9910401379383962,-0.4250147577130797,1.3582894438856787,-0.6679308332270758,-0.5078007830046403,-0.6298000037255774,1.9845078999435277,1.6958682119339528,-0.5758106657310548,-0.5788898726408979,-0.5650320466312655
-0.4038763246721831,1.0779520523150017,1.4292441375760572,-0.770600868062358,-0.9910401379383962,-0.4250147577130797,1.3582894438856787,-0.6679308332270758,-0.5078007830046403,1.5878056431954701,-0.5039032598602688,-0.5896684618314822,-0.5758106657310548,-0.5788898726408979,1.769811121266526
1.5993128528371992,-1.307267013281444,0.7211132684219412,-1.4759563537029603,1.0090408669826858,-0.4250147577130797,-0.736220107210202,-0.6679308332270758,-0.5078007830046403,-0.6298000037255774,1.9845078999435277,-0.5896684618314822,-0.5758106657310548,-0.5788898726408979,1.769811121266526
-1.3386979408432282,1.1256564336269306,-0.6951484698862904,-0.06524538242175558,1.0090408669826858,-0.4250147577130797,-0.736220107210202,-0.6679308332270758,-0.5078007830046403,-0.6298000037255774,1.9845078999435277,-0.5896684618314822,-0.5758106657310548,1.7274442813069022,-0.5650320466312655
0.7312642092498002,1.4595871028104328,-0.6951484698862904,1.3454655888594491,1.0090408669826858,-0.4250147577130797,-0.736220107210202,-0.6679308332270758,-0.5078007830046403,-0.6298000037255774,1.9845078999435277,-0.5896684618314822,-0.5758106657310548,-0.5788898726408979,1.769811121266526
1.1986750173353227,0.6009082391957125,-0.6951484698862904,-1.4759563537029603,1.0090408669826858,-0.4250147577130797,-0.736220107210202,-0.6679308332270758,-0.5078007830046403,-0.6298000037255774,1.9845078999435277,-0.5896684618314822,1.7366819677269967,-0.5788898726408979,-0.5650320466312655
-1.2719249682595821,1.6981090093700775,1.4292441375760572,-0.06524538242175558,-0.9910401379383962,-0.4250147577130797,1.3582894438856787,-0.6679308332270758,1.9692762072618977,-0.6298000037255774,-0.5039032598602688,-0.5896684618314822,-0.5758106657310548,1.7274442813069022,-0.5650320466312655
-0.20355740692124488,1.6504046280581486,-0.6951484698862904,-0.06524538242175558,1.0090408669826858,-0.4250147577130797,-0.736220107210202,-0.6679308332270758,-0.5078007830046403,1.5878056431954701,-0.5039032598602688,-0.5896684618314822,-0.5758106657310548,1.7274442813069022,-0.5650320466312655
1.2654479899189688,-1.6411976824649464,0.4850696453705693,-0.06524538242175558,-0.9910401379383962,2.352859475705742,-0.736220107210202,1.497161008675925,-0.5078007830046403,-0.6298000037255774,-0.5039032598602688,-0.5896684618314822,-0.5758106657310548,1.7274442813069022,-0.5650320466312655
0.46417231891521593,-0.9733363440979416,0.01298239926782539,-1.4759563537029603,1.0090408669826858,-0.4250147577130797,-0.736220107210202,1.497161008675925,-0.5078007830046403,-0.6298000037255774,-0.5039032598602688,-0.5896684618314822,-0.5758106657310548,1.7274442813069022,-0.5650320466312655
-1.6725628037614586,0.7440213831314992,0.01298239926782539,-0.770600868062358,1.0090408669826858,-0.4250147577130797,-0.736220107210202,1.497161008675925,-0.5078007830046403,-0.6298000037255774,-0.5039032598602688,-0.5896684618314822,-0.5758106657310548,1.7274442813069022,-0.5650320466312655
0.5309452914988619,-1.5457889198410886,-1.4032793390404064,1.3454655888594491,1.0090408669826858,-0.4250147577130797,-0.736220107210202,-0.6679308332270758,-0.5078007830046403,-0.6298000037255774,1.9845078999435277,-0.5896684618314822,-0.5758106657310548,-0.5788898726408979,1.769811121266526
1.1986750173353227,-0.5917012936025103,1.4292441375760572,-0.06524538242175558,1.0090408669826858,-0.4250147577130797,-0.736220107210202,-0.6679308332270758,1.9692762072618977,-0.6298000037255774,-0.5039032598602688,1.6958682119339528,-0.5758106657310548,-0.5788898726408979,-0.5650320466312655
-0.27033037950489097,-0.8302232001621549,1.1932005145246851,-0.06524538242175558,1.0090408669826858,-0.4250147577130797,-0.736220107210202,1.497161008675925,-0.5078007830046403,-0.6298000037255774,-0.5039032598602688,-0.5896684618314822,-0.5758106657310548,1.7274442813069022,-0.5650320466312655
0.06353448341333943,-0.40088376835479467,-0.45910484683491853,0.6401101032188468,1.0090408669826858,-0.4250147577130797,-0.736220107210202,-0.6679308332270758,-0.5078007830046403,1.5878056431954701,-0.5039032598602688,-0.5896684618314822,1.7366819677269967,-0.5788898726408979,-0.5650320466312655
-0.20355740692124488,0.3623863326360679,-0.22306122378354656,1.3454655888594491,1.0090408669826858,-0.4250147577130797,-0.736220107210202,-0.6679308332270758,1.9692762072618977,-0.6298000037255774,-0.5039032598602688,1.6958682119339528,-0.5758106657310548,-0.5788898726408979,-0.5650320466312655
-0.5374222698394753,1.364178340186575,-1.4032793390404064,-0.06524538242175558,1.0090408669826858,-0.4250147577130797,-0.736220107210202,-0.6679308332270758,-0.5078007830046403,1.5878056431954701,-0.5039032598602688,-0.5896684618314822,-0.5758106657310548,-0.5788898726408979,1.769811121266526
1.6660858254208453,0.6486126205076413,0.01298239926782539,-0.770600868062358,-0.9910401379383962,-0.4250147577130797,1.3582894438856787,-0.6679308332270758,1.9692762072618977,-0.6298000037255774,-0.5039032598602688,1.6958682119339528,-0.5758106657310548,-0.5788898726408979,-0.5650320466312655
-0.33710335208853703,-0.3531793870428657,-0.9311920929376625,-0.770600868062358,-0.9910401379383962,2.352859475705742,-0.736220107210202,-0.6679308332270758,1.9692762072618977,-0.6298000037255774,-0.5039032598602688,-0.5896684618314822,1.7366819677269967,-0.5788898726408979,-0.5650320466312655
0.9315831270007384,-0.9256319627860127,-1.6393229620917782,0.6401101032188468,1.0090408669826858,-0.4250147577130797,-0.736220107210202,-0.6679308332270758,1.9692762072618977,-0.6298000037255774,-0.5039032598602688,-0.5896684618314822,-0.5758106657310548,-0.5788898726408979,1.769811121266526
-1.2719249682595821,-1.6889020637768752,-0.22306122378354656,-0.06524538242175558,1.0090408669826858,-0.4250147577130797,-0.736220107210202,-0.6679308332270758,1.9692762072618977,-0.6298000037255774,-0.5039032598602688,-0.5896684618314822,1.7366819677269967,-0.5788898726408979,-0.5650320466312655
-0.0032384891703066414,-0.21006624310707903,-0.45910484683491853,-0.770600868062358,-0.9910401379383962,-0.4250147577130797,1.3582894438856787,-0.6679308332270758,-0.5078007830046403,-0.6298000037255774,1.9845078999435277,-0.5896684618314822,-0.5758106657310548,1.7274442813069022,-0.5650320466312655
1.398993935086261,-0.06695309917129227,-1.6393229620917782,-1.4759563537029603,-0.9910401379383962,-0.4250147577130797,1.3582894438856787,-0.6679308332270758,-0.5078007830046403,1.5878056431954701,-0.5039032598602688,1.6958682119339528,-0.5758106657310548,-0.5788898726408979,-0.5650320466312655
0.33062637374792375,-0.44858814966672356,1.1932005145246851,0.6401101032188468,1.0090408669826858,-0.4250147577130797,-0.736220107210202,1.497161008675925,-0.5078007830046403,-0.6298000037255774,-0.5039032598602688,-0.5896684618314822,1.7366819677269967,-0.5788898726408979,-0.5650320466312655
-0.4038763246721831,0.3623863326360679,1.1932005145246851,-0.770600868062358,1.0090408669826858,-0.4250147577130797,-0.736220107210202,-0.6679308332270758,1.9692762072618977,-0.6298000037255774,-0.5039032598602688,-0.5896684618314822,-0.5758106657310548,1.7274442813069022,-0.5650320466312655
-0.5374222698394753,-1.4980845385291597,0.7211132684219412,-0.770600868062358,1.0090408669826858,-0.4250147577130797,-0.736220107210202,-0.6679308332270758,1.9692762072618977,-0.6298000037255774,-0.5039032598602688,-0.5896684618314822,-0.5758106657310548,-0.5788898726408979,1.769811121266526
-1.071606050508644,-1.2118582506575861,-1.4032793390404064,0.6401101032188468,1.0090408669826858,-0.4250147577130797,-0.736220107210202,-0.6679308332270758,1.9692762072618977,-0.6298000037255774,-0.5039032598602688,-0.5896684618314822,1.7366819677269967,-0.5788898726408979,-0.5650320466312655
-1.4054709134268744,-0.019248717859363367,0.9571568914733132,0.6401101032188468,-0.9910401379383962,-0.4250147577130797,1.3582894438856787,-0.6679308332270758,-0.5078007830046403,1.5878056431954701,-0.5039032598602688,-0.5896684618314822,-0.5758106657310548,-0.5788898726408979,1.769811121266526
1.5325398802535533,-0.06695309917129227,1.4292441375760572,1.3454655888594491,1.0090408669826858,-0.4250147577130797,-0.736220107210202,1.497161008675925,-0.5078007830046403,-0.6298000037255774,-0.5039032598602688,-0.5896684618314822,-0.5758106657310548,-0.5788898726408979,1.769811121266526
0.5309452914988619,0.5532038578837836,0.7211132684219412,-1.4759563537029603,-0.9910401379383962,-0.4250147577130797,1.3582894438856787,-0.6679308332270758,-0.5078007830046403,1.5878056431954701,-0.5039032598602688,1.6958682119339528,-0.5758106657310548,-0.5788898726408979,-0.5650320466312655
-0.9380601053413518,-0.3531793870428657,1.1932005145246851,-1.4759563537029603,1.0090408669826858,-0.4250147577130797,-0.736220107210202,-0.6679308332270758,-0.5078007830046403,-0.6298000037255774,1.9845078999435277,-0.5896684618314822,-0.5758106657310548,-0.5788898726408979,1.769811121266526
0.9983560995843845,-1.0687451067217995,-0.45910484683491853,-0.06524538242175558,-0.9910401379383962,-0.4250147577130797,1.3582894438856787,-0.6679308332270758,1.9692762072618977,-0.6298000037255774,-0.5039032598602688,-0.5896684618314822,1.7366819677269967,-0.5788898726408979,-0.5650320466312655
0.7980371818334463,0.5532038578837836,0.4850696453705693,0.6401101032188468,1.0090408669826858,-0.4250147577130797,-0.736220107210202,-0.6679308332270758,-0.5078007830046403,1.5878056431954701,-0.5039032598602688,-0.5896684618314822,1.7366819677269967,-0.5788898726408979,-0.5650320466312655
-0.07001146175395272,-0.44858814966672356,-1.1672357159890343,-0.770600868062358,1.0090408669826858,-0.4250147577130797,-0.736220107210202,-0.6679308332270758,-0.5078007830046403,1.5878056431954701,-0.5039032598602688,-0.5896684618314822,1.7366819677269967,-0.5788898726408979,-0.5650320466312655
-0.33710335208853703,1.6981090093700775,0.01298239926782539,-0.770600868062358,1.0090408669826858,-0.4250147577130797,-0.736220107210202,-0.6679308332270758,-0.5078007830046403,-0.6298000037255774,1.9845078999435277,-0.5896684618314822,-0.5758106657310548,1.7274442813069022,-0.5650320466312655
1.5993128528371992,-1.4980845385291597,0.7211132684219412,-0.06524538242175558,1.0090408669826858,-0.4250147577130797,-0.736220107210202,-0.6679308332270758,1.9692762072618977,-0.6298000037255774,-0.5039032598602688,-0.5896684618314822,-0.5758106657310548,-0.5788898726408979,1.769811121266526
1.332220962502615,-1.5934933011530175,-0.6951484698862904,1.3454655888594491,-0.9910401379383962,-0.4250147577130797,1.3582894438856787,-0.6679308332270758,-0.5078007830046403,1.5878056431954701,-0.5039032598602688,-0.5896684618314822,-0.5758106657310548,1.7274442813069022,-0.5650320466312655
-1.0048330779249979,1.0302476710030728,-0.9311920929376625,-0.06524538242175558,-0.9910401379383962,-0.4250147577130797,1.3582894438856787,1.497161008675925,-0.5078007830046403,-0.6298000037255774,-0.5039032598602688,1.6958682119339528,-0.5758106657310548,-0.5788898726408979,-0.5650320466312655
0.9983560995843845,0.5054994765718547,-0.9311920929376625,-0.06524538242175558,-0.9910401379383962,-0.4250147577130797,1.3582894438856787,-0.6679308332270758,1.9692762072618977,-0.6298000037255774,-0.5039032598602688,-0.5896684618314822,-0.5758106657310548,-0.5788898726408979,1.769811121266526
-0.0032384891703066414,1.5549958654342908,0.7211132684219412,0.6401101032188468,1.0090408669826858,-0.4250147577130797,-0.736220107210202,1.497161008675925,-0.5078007830046403,-0.6298000037255774,-0.5039032598602688,1.6958682119339528,-0.5758106657310548,-0.5788898726408979,-0.5650320466312655
-1.5390168585941664,0.839430145755357,1.4292441375760572,0.6401101032188468,1.0090408669826858,-0.4250147577130797,-0.736220107210202,1.497161008675925,-0.5078007830046403,-0.6298000037255774,-0.5039032598602688,-0.5896684618314822,-0.5758106657310548,-0.5788898726408979,1.769811121266526
-0.07001146175395272,-1.3549713945933728,-0.9311920929376625,-0.770600868062358,1.0090408669826858,-0.4250147577130797,-0.736220107210202,-0.6679308332270758,-0.5078007830046403,1.5878056431954701,-0.5039032598602688,-0.5896684618314822,1.7366819677269967,-0.5788898726408979,-0.5650320466312655
-0.9380601053413518,-1.4980845385291597,-0.6951484698862904,-0.06524538242175558,-0.9910401379383962,-0.4250147577130797,1.3582894438856787,-0.6679308332270758,-0.5078007830046403,-0.6298000037255774,1.9845078999435277,-0.5896684618314822,1.7366819677269967,-0.5788898726408979,-0.5650320466312655
-1.4054709134268744,-0.30547500573093683,1.665287760627429,-1.4759563537029603,-0.9910401379383962,-0.4250147577130797,1.3582894438856787,-0.6679308332270758,1.9692762072618977,-0.6298000037255774,-0.5039032598602688,-0.5896684618314822,-0.5758106657310548,1.7274442813069022,-0.5650320466312655
0.3973993463315698,0.9825432896911438,-0.22306122378354656,1.3454655888594491,-0.9910401379383962,2.352859475705742,-0.736220107210202,-0.6679308332270758,-0.5078007830046403,1.5878056431954701,-0.5039032598602688,-0.5896684618314822,-0.5758106657310548,1.7274442813069022,-0.5650320466312655
-0.4706492972558292,-1.0210407254098706,0.9571568914733132,-0.770600868062358,-0.9910401379383962,-0.4250147577130797,1.3582894438856787,1.497161008675925,-0.5078007830046403,-0.6298000037255774,-0.5039032598602688,1.6958682119339528,-0.5758106657310548,-0.5788898726408979,-0.5650320466312655
-1.1383790230922899,1.411882721498504,1.665287760627429,0.6401101032188468,-0.9910401379383962,-0.4250147577130797,1.3582894438856787,-0.6679308332270758,1.9692762072618977,-0.6298000037255774,-0.5039032598602688,-0.5896684618314822,-0.5758106657310548,-0.5788898726408979,1.769811121266526
1.5325398802535533,1.1733608149388595,-0.6951484698862904,-0.770600868062358,-0.9910401379383962,2.352859475705742,-0.736220107210202,-0.6679308332270758,-0.5078007830046403,1.5878056431954701,-0.5039032598602688,1.6958682119339528,-0.5758106657310548,-0.5788898726408979,-0.5650320466312655
0.8648101544170924,0.3623863326360679,0.24902602231919735,-1.4759563537029603,-0.9910401379383962,-0.4250147577130797,1.3582894438856787,-0.6679308332270758,-0.5078007830046403,1.5878056431954701,-0.5039032598602688,-0.5896684618314822,-0.5758106657310548,1.7274442813069022,-0.5650320466312655
1.2654479899189688,-1.1164494880337283,0.01298239926782539,-0.770600868062358,-0.9910401379383962,-0.4250147577130797,1.3582894438856787,1.497161008675925,-0.5078007830046403,-0.6298000037255774,-0.5039032598602688,1.6958682119339528,-0.5758106657310548,-0.5788898726408979,-0.5650320466312655
-0.8712871327577056,-1.4980845385291597,-0.9311920929376625,-0.06524538242175558,1.0090408669826858,-0.4250147577130797,-0.736220107210202,-0.6679308332270758,1.9692762072618977,-0.6298000037255774,-0.5039032598602688,-0.5896684618314822,-0.5758106657310548,1.7274442813069022,-0.5650320466312655
-1.4054709134268744,-0.5917012936025103,1.665287760627429,-0.770600868062358,-0.9910401379383962,-0.4250147577130797,1.3582894438856787,-0.6679308332270758,-0.5078007830046403,1.5878056431954701,-0.5039032598602688,-0.5896684618314822,-0.5758106657310548,-0.5788898726408979,1.769811121266526
-1.6057898311778125,-1.2118582506575861,0.7211132684219412,-0.770600868062358,-0.9910401379383962,-0.4250147577130797,1.3582894438856787,-0.6679308332270758,-0.5078007830046403,1.5878056431954701,-0.5039032598602688,-0.5896684618314822,-0.5758106657310548,1.7274442813069022,-0.5650320466312655
-1.4722438860105203,-0.4962925309786525,-0.22306122378354656,1.3454655888594491,-0.9910401379383962,-0.4250147577130797,1.3582894438856787,-0.6679308332270758,-0.5078007830046403,1.5878056431954701,-0.5039032598602688,-0.5896684618314822,-0.5758106657310548,1.7274442813069022,-0.5650320466312655
-1.4722438860105203,1.4595871028104328,0.24902602231919735,-1.4759563537029603,1.0090408669826858,-0.4250147577130797,-0.736220107210202,-0.6679308332270758,-0.5078007830046403,-0.6298000037255774,1.9845078999435277,1.6958682119339528,-0.5758106657310548,-0.5788898726408979,-0.5650320466312655
-0.9380601053413518,1.3164739588746461,0.24902602231919735,-1.4759563537029603,-0.9910401379383962,-0.4250147577130797,1.3582894438856787,-0.6679308332270758,1.9692762072618977,-0.6298000037255774,-0.5039032598602688,-0.5896684618314822,-0.5758106657310548,1.7274442813069022,-0.5650320466312655
0.597718264082508,-0.1623618617951501,0.4850696453705693,0.6401101032188468,-0.9910401379383962,-0.4250147577130797,1.3582894438856787,1.497161008675925,-0.5078007830046403,-0.6298000037255774,-0.5039032598602688,-0.5896684618314822,-0.5758106657310548,-0.5788898726408979,1.769811121266526
-0.4038763246721831,0.07616004476449445,-1.6393229620917782,1.3454655888594491,1.0090408669826858,-0.4250147577130797,-0.736220107210202,1.497161008675925,-0.5078007830046403,-0.6298000037255774,-0.5039032598602688,1.6958682119339528,-0.5758106657310548,-0.5788898726408979,-0.5650320466312655
-1.5390168585941664,-1.0210407254098706,0.01298239926782539,-0.06524538242175558,1.0090408669826858,-0.4250147577130797,-0.736220107210202,1.497161008675925,-0.5078007830046403,-0.6298000037255774,-0.5039032598602688,-0.5896684618314822,-0.5758106657310548,1.7274442813069022,-0.5650320466312655
-1.071606050508644,-0.9733363440979416,0.7211132684219412,0.6401101032188468,1.0090408669826858,-0.4250147577130797,-0.736220107210202,-0.6679308332270758,-0.5078007830046403,-0.6298000037255774,1.9845078999435277,1.6958682119339528,-0.5758106657310548,-0.5788898726408979,-0.5650320466312655
-0.8045141601740596,1.5072914841223617,0.01298239926782539,1.3454655888594491,-0.9910401379383962,-0.4250147577130797,1.3582894438856787,1.497161008675925,-0.5078007830046403,-0.6298000037255774,-0.5039032598602688,-0.5896684618314822,-0.5758106657310548,1.7274442813069022,-0.5650320466312655
-0.07001146175395272,-0.782518818850226,0.9571568914733132,1.3454655888594491,1.0090408669826858,-0.4250147577130797,-0.736220107210202,1.497161008675925,-0.5078007830046403,-0.6298000037255774,-0.5039032598602688,1.6958682119339528,-0.5758106657310548,-0.5788898726408979,-0.5650320466312655
-0.7377411875904135,-0.30547500573093683,-1.1672357159890343,0.6401101032188468,1.0090408669826858,-0.4250147577130797,-0.736220107210202,-0.6679308332270758,-0.5078007830046403,1.5878056431954701,-0.5039032598602688,-0.5896684618314822,-0.5758106657310548,1.7274442813069022,-0.5650320466312655
-0.6709682150067674,-0.734814437538297,0.7211132684219412,-0.770600868062358,-0.9910401379383962,-0.4250147577130797,1.3582894438856787,-0.6679308332270758,-0.5078007830046403,-0.6298000037255774,1.9845078999435277,1.6958682119339528,-0.5758106657310548,-0.5788898726408979,-0.5650320466312655
1.1319020447516768,-0.782518818850226,0.9571568914733132,-0.06524538242175558,-0.9910401379383962,-0.4250147577130797,1.3582894438856787,1.497161008675925,-0.5078007830046403,-0.6298000037255774,-0.5039032598602688,1.6958682119339528,-0.5758106657310548,-0.5788898726408979,-0.5650320466312655
0.7980371818334463,1.6027002467462197,-0.9311920929376625,-1.4759563537029603,-0.9910401379383962,-0.4250147577130797,1.3582894438856787,-0.6679308332270758,1.9692762072618977,-0.6298000037255774,-0.5039032598602688,-0.5896684618314822,-0.5758106657310548,1.7274442813069022,-0.5650320466312655
-0.20355740692124488,-0.6871100562263681,0.4850696453705693,1.3454655888594491,-0.9910401379383962,-0.4250147577130797,1.3582894438856787,-0.6679308332270758,-0.5078007830046403,-0.6298000037255774,1.9845078999435277,-0.5896684618314822,-0.5758106657310548,-0.5788898726408979,1.769811121266526
0.8648101544170924,-0.4962925309786525,0.9571568914733132,-0.06524538242175558,-0.9910401379383962,-0.4250147577130797,1.3582894438856787,-0.6679308332270758,1.9692762072618977,-0.6298000037255774,-0.5039032598602688,1.6958682119339528,-0.5758106657310548,-0.5788898726408979,-0.5650320466312655
-0.5374222698394753,-0.734814437538297,-1.6393229620917782,0.6401101032188468,-0.9910401379383962,-0.4250147577130797,1.3582894438856787,1.497161008675925,-0.5078007830046403,-0.6298000037255774,-0.5039032598602688,-0.5896684618314822,-0.5758106657310548,-0.5788898726408979,1.769811121266526
1.1319020447516768,0.028455663452565543,0.24902602231919735,-0.770600868062358,-0.9910401379383962,-0.4250147577130797,1.3582894438856787,1.497161008675925,-0.5078007830046403,-0.6298000037255774,-0.5039032598602688,-0.5896684618314822,1.7366819677269967,-0.5788898726408979,-0.5650320466312655
1.398993935086261,1.1256564336269306,-1.4032793390404064,-1.4759563537029603,-0.9910401379383962,2.352859475705742,-0.736220107210202,-0.6679308332270758,1.9692762072618977,-0.6298000037255774,-0.5039032598602688,1.6958682119339528,-0.5758106657310548,-0.5788898726408979,-0.5650320466312655
-1.6725628037614586,0.41009071394799684,-1.1672357159890343,0.6401101032188468,1.0090408669826858,-0.4250147577130797,-0.736220107210202,1.497161008675925,-0.5078007830046403,-0.6298000037255774,-0.5039032598602688,-0.5896684618314822,1.7366819677269967,-0.5788898726408979,-0.5650320466312655
-1.6725628037614586,-0.25777062441900794,1.4292441375760572,-0.06524538242175558,1.0090408669826858,-0.4250147577130797,-0.736220107210202,-0.6679308332270758,-0.5078007830046403,1.5878056431954701,-0.5039032598602688,-0.5896684618314822,-0.5758106657310548,1.7274442813069022,-0.5650320466312655
1.6660858254208453,1.2687695775627172,-1.4032793390404064,0.6401101032188468,1.0090408669826858,-0.4250147577130797,-0.736220107210202,-0.6679308332270758,1.9692762072618977,-0.6298000037255774,-0.5039032598602688,-0.5896684618314822,-0.5758106657310548,-0.5788898726408979,1.769811121266526
1.332220962502615,-1.1164494880337283,0.4850696453705693,1.3454655888594491,1.0090408669826858,-0.4250147577130797,-0.736220107210202,1.497161008675925,-0.5078007830046403,-0.6298000037255774,-0.5039032598602688,-0.5896684618314822,-0.5758106657310548,1.7274442813069022,-0.5650320466312655
0.597718264082508,1.6981090093700775,1.665287760627429,-0.770600868062358,1.0090408669826858,-0.4250147577130797,-0.736220107210202,-0.6679308332270758,-0.5078007830046403,1.5878056431954701,-0.5039032598602688,-0.5896684618314822,-0.5758106657310548,1.7274442813069022,-0.5650320466312655
1.4657669076699071,-0.019248717859363367,1.1932005145246851,-0.06524538242175558,1.0090408669826858,-0.4250147577130797,-0.736220107210202,-0.6679308332270758,-0.5078007830046403,1.5878056431954701,-0.5039032598602688,1.6958682119339528,-0.5758106657310548,-0.5788898726408979,-0.5650320466312655
0.1970804285806316,-0.8302232001621549,-1.6393229620917782,0.6401101032188468,-0.9910401379383962,-0.4250147577130797,1.3582894438856787,1.497161008675925,-0.5078007830046403,-0.6298000037255774,-0.5039032598602688,1.6958682119339528,-0.5758106657310548,-0.5788898726408979,-0.5650320466312655
-0.5374222698394753,-1.259562631969515,0.24902602231919735,1.3454655888594491,1.0090408669826858,-0.4250147577130797,-0.736220107210202,1.497161008675925,-0.5078007830046403,-0.6298000037255774,-0.5039032598602688,-0.5896684618314822,1.7366819677269967,-0.5788898726408979,-0.5650320466312655
0.8648101544170924,-1.6889020637768752,1.665287760627429,-1.4759563537029603,-0.9910401379383962,-0.4250147577130797,1.3582894438856787,-0.6679308332270758,-0.5078007830046403,-0.6298000037255774,1.9845078999435277,-0.5896684618314822,-0.5758106657310548,1.7274442813069022,-0.5650320466312655
-1.0048330779249979,0.314681951324139,0.01298239926782539,0.6401101032188468,-0.9910401379383962,-0.4250147577130797,1.3582894438856787,1.497161008675925,-0.5078007830046403,-0.6298000037255774,-0.5039032598602688,1.6958682119339528,-0.5758106657310548,-0.5788898726408979,-0.5650320466312655
0.5309452914988619,0.07616004476449445,1.4292441375760572,1.3454655888594491,1.0090408669826858,-0.4250147577130797,-0.736220107210202,-0.6679308332270758,-0.5078007830046403,1.5878056431954701,-0.5039032598602688,-0.5896684618314822,1.7366819677269967,-0.5788898726408979,-0.5650320466312655
0.8648101544170924,1.1256564336269306,-1.6393229620917782,1.3454655888594491,-0.9910401379383962,2.352859475705742,-0.736220107210202,1.497161008675925,-0.5078007830046403,-0.6298000037255774,-0.5039032598602688,-0.5896684618314822,1.7366819677269967,-0.5788898726408979,-0.5650320466312655
0.2638534011642777,0.8871345270672859,-0.9311920929376625,0.6401101032188468,1.0090408669826858,-0.4250147577130797,-0.736220107210202,1.497161008675925,-0.5078007830046403,-0.6298000037255774,-0.5039032598602688,1.6958682119339528,-0.5758106657310548,-0.5788898726408979,-0.5650320466312655
0.3973993463315698,1.0302476710030728,0.01298239926782539,0.6401101032188468,1.0090408669826858,-0.4250147577130797,-0.736220107210202,-0.6679308332270758,1.9692762072618977,-0.6298000037255774,-0.5039032598602688,1.6958682119339528,-0.5758106657310548,-0.5788898726408979,-0.5650320466312655
-1.2719249682595821,-0.5439969122905814,0.7211132684219412,-0.770600868062358,1.0090408669826858,-0.4250147577130797,-0.736220107210202,1.497161008675925,-0.5078007830046403,-0.6298000037255774,-0.5039032598602688,-0.5896684618314822,1.7366819677269967,-0.5788898726408979,-0.5650320466312655
-1.5390168585941664,-1.3549713945933728,1.1932005145246851,0.6401101032188468,-0.9910401379383962,-0.4250147577130797,1.3582894438856787,-0.6679308332270758,-0.5078007830046403,-0.6298000037255774,1.9845078999435277,-0.5896684618314822,-0.5758106657310548,-0.5788898726408979,1.769811121266526
-1.4722438860105203,0.6009082391957125,1.665287760627429,1.3454655888594491,1.0090408669826858,-0.4250147577130797,-0.736220107210202,-0.6679308332270758,-0.5078007830046403,-0.6298000037255774,1.9845078999435277,-0.5896684618314822,-0.5758106657310548,1.7274442813069022,-0.5650320466312655
-0.4038763246721831,1.6027002467462197,-0.22306122378354656,-0.06524538242175558,-0.9910401379383962,-0.4250147577130797,1.3582894438856787,1.497161008675925,-0.5078007830046403,-0.6298000037255774,-0.5039032598602688,1.6958682119339528,-0.5758106657310548,-0.5788898726408979,-0.5650320466312655
-1.205151995675936,-1.4980845385291597,-0.45910484683491853,-0.06524538242175558,-0.9910401379383962,2.352859475705742,-0.736220107210202,-0.6679308332270758,1.9692762072618977,-0.6298000037255774,-0.5039032598602688,-0.5896684618314822,1.7366819677269967,-0.5788898726408979,-0.5650320466312655
-0.20355740692124488,1.0302476710030728,-1.6393229620917782,-0.06524538242175558,-0.9910401379383962,-0.4250147577130797,1.3582894438856787,-0.6679308332270758,-0.5078007830046403,1.5878056431954701,-0.5039032598602688,-0.5896684618314822,-0.5758106657310548,-0.5788898726408979,1.769811121266526
-1.2719249682595821,0.12386442607642337,0.01298239926782539,-0.770600868062358,1.0090408669826858,-0.4250147577130797,-0.736220107210202,-0.6679308332270758,-0.5078007830046403,-0.6298000037255774,1.9845078999435277,1.6958682119339528,-0.5758106657310548,-0.5788898726408979,-0.5650320466312655
0.9983560995843845,1.5072914841223617,-1.4032793390404064,-0.770600868062358,-0.9910401379383962,2.352859475705742,-0.736220107210202,-0.6679308332270758,-0.5078007830046403,-0.6298000037255774,1.9845078999435277,1.6958682119339528,-0.5758106657310548,-0.5788898726408979,-0.5650320466312655
1.1986750173353227,0.5532038578837836,-1.6393229620917782,1.3454655888594491,-0.9910401379383962,2.352859475705742,-0.736220107210202,1.497161008675925,-0.5078007830046403,-0.6298000037255774,-0.5039032598602688,-0.5896684618314822,-0.5758106657310548,1.7274442813069022,-0.5650320466312655
-1.071606050508644,1.5549958654342908,-1.4032793390404064,0.6401101032188468,-0.9910401379383962,-0.4250147577130797,1.3582894438856787,1.497161008675925,-0.5078007830046403,-0.6298000037255774,-0.5039032598602688,-0.5896684618314822,1.7366819677269967,-0.5788898726408979,-0.5650320466312655
1.4657669076699071,-0.30547500573093683,-0.22306122378354656,-0.06524538242175558,1.0090408669826858,-0.4250147577130797,-0.736220107210202,1.497161008675925,-0.5078007830046403,-0.6298000037255774,-0.5039032598602688,-0.5896684618314822,-0.5758106657310548,-0.5788898726408979,1.769811121266526
0.597718264082508,0.41009071394799684,-0.22306122378354656,0.6401101032188468,-0.9910401379383962,-0.4250147577130797,1.3582894438856787,-0.6679308332270758,1.9692762072618977,-0.6298000037255774,-0.5039032598602688,-0.5896684618314822,-0.5758106657310548,1.7274442813069022,-0.5650320466312655
-0.8045141601740596,-0.734814437538297,-0.9311920929376625,-0.06524538242175558,-0.9910401379383962,2.352859475705742,-0.736220107210202,-0.6679308332270758,-0.5078007830046403,1.5878056431954701,-0.5039032598602688,-0.5896684618314822,1.7366819677269967,-0.5788898726408979,-0.5650320466312655
0.2638534011642777,-0.6871100562263681,-1.4032793390404064,-0.770600868062358,-0.9910401379383962,-0.4250147577130797,1.3582894438856787,-0.6679308332270758,-0.5078007830046403,1.5878056431954701,-0.5039032598602688,-0.5896684618314822,1.7366819677269967,-0.5788898726408979,-0.5650320466312655
1.0651290721680307,-0.6871100562263681,0.01298239926782539,-0.06524538242175558,-0.9910401379383962,-0.4250147577130797,1.3582894438856787,1.497161008675925,-0.5078007830046403,-0.6298000037255774,-0.5039032598602688,-0.5896684618314822,-0.5758106657310548,-0.5788898726408979,1.769811121266526
-0.9380601053413518,1.0302476710030728,0.01298239926782539,1.3454655888594491,-0.9910401379383962,2.352859475705742,-0.736220107210202,-0.6679308332270758,1.9692762072618977,-0.6298000037255774,-0.5039032598602688,-0.5896684618314822,-0.5758106657310548,-0.5788898726408979,1.769811121266526
-1.7393357763451047,1.5072914841223617,-1.1672357159890343,-0.06524538242175558,-0.9910401379383962,2.352859475705742,-0.736220107210202,-0.6679308332270758,-0.5078007830046403,-0.6298000037255774,1.9845078999435277,1.6958682119339528,-0.5758106657310548,-0.5788898726408979,-0.5650320466312655
0.46417231891521593,-1.0687451067217995,-0.9311920929376625,1.3454655888594491,-0.9910401379383962,-0.4250147577130797,1.3582894438856787,-0.6679308332270758,-0.5078007830046403,1.5878056431954701,-0.5039032598602688,-0.5896684618314822,-0.5758106657310548,-0.5788898726408979,1.769811121266526
1.5325398802535533,-0.3531793870428657,1.1932005145246851,0.6401101032188468,-0.9910401379383962,2.352859475705742,-0.736220107210202,-0.6679308332270758,-0.5078007830046403,1.5878056431954701,-0.5039032598602688,-0.5896684618314822,-0.5758106657310548,1.7274442813069022,-0.5650320466312655
1.332220962502615,0.07616004476449445,-0.6951484698862904,0.6401101032188468,1.0090408669826858,-0.4250147577130797,-0.736220107210202,-0.6679308332270758,1.9692762072618977,-0.6298000037255774,-0.5039032598602688,-0.5896684618314822,-0.5758106657310548,1.7274442813069022,-0.5650320466312655
-1.4054709134268744,1.3164739588746461,-1.6393229620917782,0.6401101032188468,1.0090408669826858,-0.4250147577130797,-0.736220107210202,1.497161008675925,-0.5078007830046403,-0.6298000037255774,-0.5039032598602688,-0.5896684618314822,-0.5758106657310548,-0.5788898726408979,1.769811121266526
0.5309452914988619,0.07616004476449445,1.4292441375760572,-1.4759563537029603,-0.9910401379383962,-0.4250147577130797,1.3582894438856787,-0.6679308332270758,-0.5078007830046403,1.5878056431954701,-0.5039032598602688,-0.5896684618314822,-0.5758106657310548,-0.5788898726408979,1.769811121266526
-1.1383790230922899,0.9348389083792149,-0.45910484683491853,-0.06524538242175558,-0.9910401379383962,-0.4250147577130797,1.3582894438856787,1.497161008675925,-0.5078007830046403,-0.6298000037255774,-0.5039032598602688,-0.5896684618314822,-0.5758106657310548,-0.5788898726408979,1.769811121266526
1.6660858254208453,1.364178340186575,1.1932005145246851,1.3454655888594491,1.0090408669826858,-0.4250147577130797,-0.736220107210202,1.497161008675925,-0.5078007830046403,-0.6298000037255774,-0.5039032598602688,1.6958682119339528,-0.5758106657310548,-0.5788898726408979,-0.5650320466312655
1.398993935086261,0.314681951324139,0.01298239926782539,-0.770600868062358,-0.9910401379383962,-0.4250147577130797,1.3582894438856787,-0.6679308332270758,-0.5078007830046403,1.5878056431954701,-0.5039032598602688,-0.5896684618314822,1.7366819677269967,-0.5788898726408979,-0.5650320466312655
-1.6057898311778125,-0.8302232001621549,-1.1672357159890343,-0.770600868062358,1.0090408669826858,-0.4250147577130797,-0.736220107210202,-0.6679308332270758,-0.5078007830046403,-0.6298000037255774,1.9845078999435277,-0.5896684618314822,-0.5758106657310548,1.7274442813069022,-0.5650320466312655
0.33062637374792375,-1.2118582506575861,1.665287760627429,-1.4759563537029603,1.0090408669826858,-0.4250147577130797,-0.736220107210202,1.497161008675925,-0.5078007830046403,-0.6298000037255774,-0.5039032598602688,1.6958682119339528,-0.5758106657310548,-0.5788898726408979,-0.5650320466312655
1.4657669076699071,0.7440213831314992,-0.45910484683491853,1.3454655888594491,-0.9910401379383962,2.352859475705742,-0.736220107210202,-0.6679308332270758,-0.5078007830046403,1.5878056431954701,-0.5039032598602688,-0.5896684618314822,-0.5758106657310548,1.7274442813069022,-0.5650320466312655
-1.4054709134268744,1.5072914841223617,0.24902602231919735,-1.4759563537029603,-0.9910401379383962,-0.4250147577130797,1.3582894438856787,1.497161008675925,-0.5078007830046403,-0.6298000037255774,-0.5039032598602688,-0.5896684618314822,-0.5758106657310548,-0.5788898726408979,1.769811121266526
1.6660858254208453,-1.3549713945933728,1.665287760627429,0.6401101032188468,-0.9910401379383962,-0.4250147577130797,1.3582894438856787,-0.6679308332270758,1.9692762072618977,-0.6298000037255774,-0.5039032598602688,-0.5896684618314822,-0.5758106657310548,1.7274442813069022,-0.5650320466312655
-1.0048330779249979,-0.6394056749144392,0.4850696453705693,-0.06524538242175558,-0.9910401379383962,-0.4250147577130797,1.3582894438856787,-0.6679308332270758,-0.5078007830046403,-0.6298000037255774,1.9845078999435277,-0.5896684618314822,1.7366819677269967,-0.5788898726408979,-0.5650320466312655
0.33062637374792375,1.6981090093700775,-0.22306122378354656,-0.06524538242175558,-0.9910401379383962,2.352859475705742,-0.736220107210202,-0.6679308332270758,-0.5078007830046403,1.5878056431954701,-0.5039032598602688,-0.5896684618314822,-0.5758106657310548,1.7274442813069022,-0.5650320466312655
0.33062637374792375,0.3623863326360679,-0.6951484698862904,-1.4759563537029603,-0.9910401379383962,2.352859475705742,-0.736220107210202,1.497161008675925,-0.5078007830046403,-0.6298000037255774,-0.5039032598602688,-0.5896684618314822,-0.5758106657310548,1.7274442813069022,-0.5650320466312655
-0.1367844343375988,1.5072914841223617,-0.45910484683491853,-0.06524538242175558,1.0090408669826858,-0.4250147577130797,-0.736220107210202,-0.6679308332270758,1.9692762072618977,-0.6298000037255774,-0.5039032598602688,-0.5896684618314822,1.7366819677269967,-0.5788898726408979,-0.5650320466312655
1.5325398802535533,1.3164739588746461,1.4292441375760572,1.3454655888594491,1.0090408669826858,-0.4250147577130797,-0.736220107210202,-0.6679308332270758,-0.5078007830046403,-0.6298000037255774,1.9845078999435277,1.6958682119339528,-0.5758106657310548,-0.5788898726408979,-0.5650320466312655
-0.6041952424231214,-0.11465748048322119,0.4850696453705693,0.6401101032188468,-0.9910401379383962,-0.4250147577130797,1.3582894438856787,1.497161008675925,-0.5078007830046403,-0.6298000037255774,-0.5039032598602688,-0.5896684618314822,-0.5758106657310548,1.7274442813069022,-0.5650320466312655
0.597718264082508,1.6027002467462197,-0.6951484698862904,-0.770600868062358,-0.9910401379383962,-0.4250147577130797,1.3582894438856787,-0.6679308332270758,-0.5078007830046403,1.5878056431954701,-0.5039032598602688,-0.5896684618314822,1.7366819677269967,-0.5788898726408979,-0.5650320466312655
0.2638534011642777,0.6486126205076413,0.7211132684219412,-1.4759563537029603,-0.9910401379383962,2.352859475705742,-0.736220107210202,1.497161008675925,-0.5078007830046403,-0.6298000037255774,-0.5039032598602688,1.6958682119339528,-0.5758106657310548,-0.5788898726408979,-0.5650320466312655
1.1319020447516768,0.45779509525992573,0.01298239926782539,1.3454655888594491,-0.9910401379383962,-0.4250147577130797,1.3582894438856787,-0.6679308332270758,-0.5078007830046403,-0.6298000037255774,1.9845078999435277,-0.5896684618314822,-0.5758106657310548,1.7274442813069022,-0.5650320466312655
1.1319020447516768,-0.019248717859363367,0.24902602231919735,-1.4759563537029603,1.0090408669826858,-0.4250147577130797,-0.736220107210202,1.497161008675925,-0.5078007830046403,-0.6298000037255774,-0.5039032598602688,-0.5896684618314822,-0.5758106657310548,1.7274442813069022,-0.5650320466312655
1.332220962502615,-0.8302232001621549,-1.4032793390404064,-0.770600868062358,-0.9910401379383962,2.352859475705742,-0.736220107210202,1.497161008675925,-0.5078007830046403,-0.6298000037255774,-0.5039032598602688,-0.5896684618314822,1.7366819677269967,-0.5788898726408979,-0.5650320466312655
0.9983560995843845,-1.4503801572172308,0.7211132684219412,-1.4759563537029603,-0.9910401379383962,-0.4250147577130797,1.3582894438856787,-0.6679308332270758,-0.5078007830046403,-0.6298000037255774,1.9845078999435277,-0.5896684618314822,-0.5758106657310548,-0.5788898726408979,1.769811121266526
-0.27033037950489097,0.9825432896911438,0.01298239926782539,-1.4759563537029603,1.0090408669826858,-0.4250147577130797,-0.736220107210202,-0.6679308332270758,1.9692762072618977,-0.6298000037255774,-0.5039032598602688,-0.5896684618314822,1.7366819677269967,-0.5788898726408979,-0.5650320466312655
-0.8712871327577056,0.7440213831314992,-0.9311920929376625,-0.06524538242175558,-0.9910401379383962,2.352859475705742,-0.736220107210202,-0.6679308332270758,-0.5078007830046403,-0.6298000037255774,1.9845078999435277,1.6958682119339528,-0.5758106657310548,-0.5788898726408979,-0.5650320466312655
-0.4038763246721831,1.3164739588746461,1.665287760627429,0.6401101032188468,-0.9910401379383962,-0.4250147577130797,1.3582894438856787,1.497161008675925,-0.5078007830046403,-0.6298000037255774,-0.5039032598602688,1.6958682119339528,-0.5758106657310548,-0.5788898726408979,-0.5650320466312655
-0.0032384891703066414,0.5054994765718547,0.7211132684219412,1.3454655888594491,-0.9910401379383962,-0.4250147577130797,1.3582894438856787,-0.6679308332270758,1.9692762072618977,-0.6298000037255774,-0.5039032598602688,-0.5896684618314822,-0.5758106657310548,-0.5788898726408979,1.769811121266526
-0.0032384891703066414,0.7917257644434281,-1.1672357159890343,-0.770600868062358,-0.9910401379383962,-0.4250147577130797,1.3582894438856787,-0.6679308332270758,1.9692762072618977,-0.6298000037255774,-0.5039032598602688,-0.5896684618314822,1.7366819677269967,-0.5788898726408979,-0.5650320466312655
-1.071606050508644,-0.9256319627860127,1.4292441375760572,-1.4759563537029603,1.0090408669826858,-0.4250147577130797,-0.736220107210202,-0.6679308332270758,-0.5078007830046403,1.5878056431954701,-0.5039032598602688,-0.5896684618314822,-0.5758106657310548,-0.5788898726408979,1.769811121266526
-1.2719249682595821,-1.1641538693456572,-0.22306122378354656,0.6401101032188468,-0.9910401379383962,-0.4250147577130797,1.3582894438856787,-0.6679308332270758,-0.5078007830046403,1.5878056431954701,-0.5039032598602688,-0.5896684618314822,-0.5758106657310548,-0.5788898726408979,1.769811121266526
-0.1367844343375988,-1.5457889198410886,-0.9311920929376625,-0.06524538242175558,1.0090408669826858,-0.4250147577130797,-0.736220107210202,1.497161008675925,-0.5078007830046403,-0.6298000037255774,-0.5039032598602688,1.6958682119339528,-0.5758106657310548,-0.5788898726408979,-0.5650320466312655
0.597718264082508,-1.402675775905302,-0.45910484683491853,-0.06524538242175558,-0.9910401379383962,-0.4250147577130797,1.3582894438856787,-0.6679308332270758,1.9692762072618977,-0.6298000037255774,-0.5039032598602688,1.6958682119339528,-0.5758106657310548,-0.5788898726408979,-0.5650320466312655
0.7980371818334463,-1.0210407254098706,1.4292441375760572,1.3454655888594491,1.0090408669826858,-0.4250147577130797,-0.736220107210202,-0.6679308332270758,-0.5078007830046403,1.5878056431954701,-0.5039032598602688,-0.5896684618314822,1.7366819677269967,-0.5788898726408979,-0.5650320466312655
0.6644912366661542,0.9348389083792149,-1.4032793390404064,-0.770600868062358,1.0090408669826858,-0.4250147577130797,-0.736220107210202,-0.6679308332270758,-0.5078007830046403,-0.6298000037255774,1.9845078999435277,-0.5896684618314822,-0.5758106657310548,-0.5788898726408979,1.769811121266526
-0.6041952424231214,-0.782518818850226,1.4292441375760572,-1.4759563537029603,1.0090408669826858,-0.4250147577130797,-0.736220107210202,-0.6679308332270758,-0.5078007830046403,-0.6298000037255774,1.9845078999435277,-0.5896684618314822,-0.5758106657310548,-0.5788898726408979,1.769811121266526
1.398993935086261,-0.734814437538297,-0.22306122378354656,-1.4759563537029603,-0.9910401379383962,-0.4250147577130797,1.3582894438856787,-0.6679308332270758,-0.5078007830046403,1.5878056431954701,-0.5039032598602688,-0.5896684618314822,-0.5758106657310548,-0.5788898726408979,1.769811121266526
1.4657669076699071,1.0302476710030728,1.4292441375760572,0.6401101032188468,1.0090408669826858,-0.4250147577130797,-0.736220107210202,-0.6679308332270758,-0.5078007830046403,1.5878056431954701,-0.5039032598602688,-0.5896684618314822,-0.5758106657310548,1.7274442813069022,-0.5650320466312655
-1.6057898311778125,-1.259562631969515,1.4292441375760572,1.3454655888594491,1.0090408669826858,-0.4250147577130797,-0.736220107210202,1.497161008675925,-0.5078007830046403,-0.6298000037255774,-0.5039032598602688,-0.5896684618314822,-0.5758106657310548,-0.5788898726408979,1.769811121266526
1.6660858254208453,-0.9256319627860127,1.1932005145246851,-0.06524538242175558,1.0090408669826858,-0.4250147577130797,-0.736220107210202,-0.6679308332270758,1.9692762072618977,-0.6298000037255774,-0.5039032598602688,-0.5896684618314822,-0.5758106657310548,-0.5788898726408979,1.769811121266526
0.2638534011642777,1.3164739588746461,1.4292441375760572,1.3454655888594491,-0.9910401379383962,2.352859475705742,-0.736220107210202,1.497161008675925,-0.5078007830046403,-0.6298000037255774,-0.5039032598602688,-0.5896684618314822,1.7366819677269967,-0.5788898726408979,-0.5650320466312655
-0.7377411875904135,-0.06695309917129227,1.1932005145246851,-0.770600868062358,-0.9910401379383962,2.352859475705742,-0.736220107210202,-0.6679308332270758,-0.5078007830046403,1.5878056431954701,-0.5039032598602688,1.6958682119339528,-0.5758106657310548,-0.5788898726408979,-0.5650320466312655
-0.8712871327577056,-0.11465748048322119,1.1932005145246851,-0.06524538242175558,-0.9910401379383962,-0.4250147577130797,1.3582894438856787,1.497161008675925,-0.5078007830046403,-0.6298000037255774,-0.5039032598602688,-0.5896684618314822,-0.5758106657310548,-0.5788898726408979,1.769811121266526
0.33062637374792375,-0.8779275814740838,-1.4032793390404064,-0.770600868062358,-0.9910401379383962,-0.4250147577130797,1.3582894438856787,-0.6679308332270758,-0.5078007830046403,1.5878056431954701,-0.5039032598602688,-0.5896684618314822,1.7366819677269967,-0.5788898726408979,-0.5650320466312655
-1.6057898311778125,-1.0687451067217995,-0.6951484698862904,0.6401101032188468,1.0090408669826858,-0.4250147577130797,-0.736220107210202,-0.6679308332270758,1.9692762072618977,-0.6298000037255774,-0.5039032598602688,-0.5896684618314822,-0.5758106657310548,1.7274442813069022,-0.5650320466312655
0.7312642092498002,1.2687695775627172,0.9571568914733132,0.6401101032188468,-0.9910401379383962,-0.4250147577130797,1.3582894438856787,-0.6679308332270758,-0.5078007830046403,1.5878056431954701,-0.5039032598602688,-0.5896684618314822,-0.5758106657310548,-0.5788898726408979,1.769811121266526
-1.1383790230922899,-0.782518818850226,-1.1672357159890343,0.6401101032188468,1.0090408669826858,-0.4250147577130797,-0.736220107210202,-0.6679308332270758,1.9692762072618977,-0.6298000037255774,-0.5039032598602688,-0.5896684618314822,-0.5758106657310548,1.7274442813069022,-0.5650320466312655
1.1986750173353227,0.9825432896911438,0.7211132684219412,1.3454655888594491,1.0090408669826858,-0.4250147577130797,-0.736220107210202,-0.6679308332270758,-0.5078007830046403,1.5878056431954701,-0.5039032598602688,1.6958682119339528,-0.5758106657310548,-0.5788898726408979,-0.5650320466312655
-1.0048330779249979,1.1733608149388595,-0.22306122378354656,1.3454655888594491,1.0090408669826858,-0.4250147577130797,-0.736220107210202,-0.6679308332270758,-0.5078007830046403,1.5878056431954701,-0.5039032598602688,1.6958682119339528,-0.5758106657310548,-0.5788898726408979,-0.5650320466312655
0.3973993463315698,1.6027002467462197,0.7211132684219412,0.6401101032188468,1.0090408669826858,-0.4250147577130797,-0.736220107210202,-0.6679308332270758,-0.5078007830046403,-0.6298000037255774,1.9845078999435277,1.6958682119339528,-0.5758106657310548,-0.5788898726408979,-0.5650320466312655
0.06353448341333943,0.314681951324139,0.7211132684219412,0.6401101032188468,-0.9910401379383962,2.352859475705742,-0.736220107210202,-0.6679308332270758,-0.5078007830046403,-0.6298000037255774,1.9845078999435277,-0.5896684618314822,1.7366819677269967,-0.5788898726408979,-0.5650320466312655
0.9315831270007384,0.9825432896911438,-0.6951484698862904,0.6401101032188468,1.0090408669826858,-0.4250147577130797,-0.736220107210202,-0.6679308332270758,-0.5078007830046403,1.5878056431954701,-0.5039032598602688,1.6958682119339528,-0.5758106657310548,-0.5788898726408979,-0.5650320466312655
-0.1367844343375988,0.2669775700122101,-0.9311920929376625,-0.06524538242175558,-0.9910401379383962,-0.4250147577130797,1.3582894438856787,-0.6679308332270758,-0.5078007830046403,1.5878056431954701,-0.5039032598602688,1.6958682119339528,-0.5758106657310548,-0.5788898726408979,-0.5650320466312655
0.7312642092498002,-1.5934933011530175,1.665287760627429,-1.4759563537029603,1.0090408669826858,-0.4250147577130797,-0.736220107210202,-0.6679308332270758,-0.5078007830046403,-0.6298000037255774,1.9845078999435277,1.6958682119339528,-0.5758106657310548,-0.5788898726408979,-0.5650320466312655
-0.4706492972558292,0.2192731887002812,-0.9311920929376625,-0.06524538242175558,1.0090408669826858,-0.4250147577130797,-0.736220107210202,1.497161008675925,-0.5078007830046403,-0.6298000037255774,-0.5039032598602688,-0.5896684618314822,1.7366819677269967,-0.5788898726408979,-0.5650320466312655
0.9315831270007384,-1.6889020637768752,1.665287760627429,-0.770600868062358,-0.9910401379383962,-0.4250147577130797,1.3582894438856787,-0.6679308332270758,-0.5078007830046403,1.5878056431954701,-0.5039032598602688,-0.5896684618314822,-0.5758106657310548,1.7274442813069022,-0.5650320466312655
-1.2719249682595821,-1.1641538693456572,-0.22306122378354656,-0.06524538242175558,1.0090408669826858,-0.4250147577130797,-0.736220107210202,-0.6679308332270758,-0.5078007830046403,-0.6298000037255774,1.9845078999435277,-0.5896684618314822,-0.5758106657310548,-0.5788898726408979,1.769811121266526
0.9983560995843845,-0.44858814966672356,0.4850696453705693,1.3454655888594491,-0.9910401379383962,-0.4250147577130797,1.3582894438856787,-0.6679308332270758,-0.5078007830046403,1.5878056431954701,-0.5039032598602688,-0.5896684618314822,-0.5758106657310548,1.7274442813069022,-0.5650320466312655
-1.2719249682595821,-1.6411976824649464,-0.22306122378354656,-1.4759563537029603,-0.9910401379383962,-0.4250147577130797,1.3582894438856787,1.497161008675925,-0.5078007830046403,-0.6298000037255774,-0.5039032598602688,-0.5896684618314822,1.7366819677269967,-0.5788898726408979,-0.5650320466312655
-0.5374222698394753,1.1733608149388595,1.665287760627429,-0.770600868062358,-0.9910401379383962,-0.4250147577130797,1.3582894438856787,-0.6679308332270758,-0.5078007830046403,-0.6298000037255774,1.9845078999435277,1.6958682119339528,-0.5758106657310548,-0.5788898726408979,-0.5650320466312655
-1.1383790230922899,-1.6889020637768752,1.4292441375760572,0.6401101032188468,-0.9910401379383962,2.352859475705742,-0.736220107210202,-0.6679308332270758,-0.5078007830046403,1.5878056431954701,-0.5039032598602688,-0.5896684618314822,-0.5758106657310548,1.7274442813069022,-0.5650320466312655
0.06353448341333943,0.8871345270672859,0.24902602231919735,-1.4759563537029603,1.0090408669826858,-0.4250147577130797,-0.736220107210202,1.497161008675925,-0.5078007830046403,-0.6298000037255774,-0.5039032598602688,1.6958682119339528,-0.5758106657310548,-0.5788898726408979,-0.5650320466312655
0.8648101544170924,1.6504046280581486,-1.4032793390404064,-0.770600868062358,1.0090408669826858,-0.4250147577130797,-0.736220107210202,-0.6679308332270758,-0.5078007830046403,-0.6298000037255774,1.9845078999435277,-0.5896684618314822,-0.5758106657310548,-0.5788898726408979,1.769811121266526
-1.3386979408432282,1.5072914841223617,0.7211132684219412,0.6401101032188468,1.0090408669826858,-0.4250147577130797,-0.736220107210202,-0.6679308332270758,1.9692762072618977,-0.6298000037255774,-0.5039032598602688,-0.5896684618314822,-0.5758106657310548,1.7274442813069022,-0.5650320466312655
0.597718264082508,-0.6871100562263681,-0.9311920929376625,1.3454655888594491,-0.9910401379383962,2.352859475705742,-0.736220107210202,1.497161008675925,-0.5078007830046403,-0.6298000037255774,-0.5039032598602688,-0.5896684618314822,-0.5758106657310548,1.7274442813069022,-0.5650320466312655
0.7980371818334463,0.7440213831314992,-1.4032793390404064,0.6401101032188468,1.0090408669826858,-0.4250147577130797,-0.736220107210202,1.497161008675925,-0.5078007830046403,-0.6298000037255774,-0.5039032598602688,-0.5896684618314822,-0.5758106657310548,1.7274442813069022,-0.5650320466312655
-0.4706492972558292,-0.734814437538297,-1.6393229620917782,-1.4759563537029603,1.0090408669826858,-0.4250147577130797,-0.736220107210202,1.497161008675925,-0.5078007830046403,-0.6298000037255774,-0.5039032598602688,-0.5896684618314822,1.7366819677269967,-0.5788898726408979,-0.5650320466312655
-0.8712871327577056,-1.4980845385291597,-0.45910484683491853,-1.4759563537029603,1.0090408669826858,-0.4250147577130797,-0.736220107210202,-0.6679308332270758,1.9692762072618977,-0.6298000037255774,-0.5039032598602688,1.6958682119339528,-0.5758106657310548,-0.5788898726408979,-0.5650320466312655
-0.8712871327577056,-1.1164494880337283,-0.22306122378354656,-0.06524538242175558,1.0090408669826858,-0.4250147577130797,-0.736220107210202,-0.6679308332270758,-0.5078007830046403,1.5878056431954701,-0.5039032598602688,-0.5896684618314822,-0.5758106657310548,-0.5788898726408979,1.769811121266526
0.597718264082508,-1.2118582506575861,1.4292441375760572,-0.770600868062358,1.0090408669826858,-0.4250147577130797,-0.736220107210202,-0.6679308332270758,1.9692762072618977,-0.6298000037255774,-0.5039032598602688,-0.5896684618314822,1.7366819677269967,-0.5788898726408979,-0.5650320466312655
-0.8712871327577056,0.6486126205076413,-0.9311920929376625,1.3454655888594491,1.0090408669826858,-0.4250147577130797,-0.736220107210202,-0.6679308332270758,1.9692762072618977,-0.6298000037255774,-0.5039032598602688,-0.5896684618314822,1.7366819677269967,-0.5788898726408979,-0.5650320466312655
-0.9380601053413518,-0.9256319627860127,-1.4032793390404064,0.6401101032188468,1.0090408669826858,-0.4250147577130797,-0.736220107210202,-0.6679308332270758,-0.5078007830046403,1.5878056431954701,-0.5039032598602688,-0.5896684618314822,-0.5758106657310548,-0.5788898726408979,1.769811121266526
-1.2719249682595821,-0.1623618617951501,-1.1672357159890343,1.3454655888594491,-0.9910401379383962,-0.4250147577130797,1.3582894438856787,-0.6679308332270758,-0.5078007830046403,-0.6298000037255774,1.9845078999435277,1.6958682119339528,-0.5758106657310548,-0.5788898726408979,-0.5650320466312655
1.398993935086261,-1.0210407254098706,1.4292441375760572,-0.06524538242175558,-0.9910401379383962,2.352859475705742,-0.736220107210202,-0.6679308332270758,-0.5078007830046403,-0.6298000037255774,1.9845078999435277,-0.5896684618314822,-0.5758106657310548,-0.5788898726408979,1.769811121266526
-0.8712871327577056,-0.9256319627860127,1.1932005145246851,-0.06524538242175558,-0.9910401379383962,-0.4250147577130797,1.3582894438856787,-0.6679308332270758,-0.5078007830046403,1.5878056431954701,-0.5039032598602688,-0.5896684618314822,-0.5758106657310548,1.7274442813069022,-0.5650320466312655
0.1970804285806316,-1.402675775905302,-0.6951484698862904,-0.06524538242175558,1.0090408669826858,-0.4250147577130797,-0.736220107210202,-0.6679308332270758,-0.5078007830046403,1.5878056431954701,-0.5039032598602688,-0.5896684618314822,-0.5758106657310548,-0.5788898726408979,1.769811121266526
-1.2719249682595821,-0.06695309917129227,-0.45910484683491853,-0.770600868062358,-0.9910401379383962,2.352859475705742,-0.736220107210202,1.497161008675925,-0.5078007830046403,-0.6298000037255774,-0.5039032598602688,1.6958682119339528,-0.5758106657310548,-0.5788898726408979,-0.5650320466312655
-1.2719249682595821,-1.4503801572172308,0.9571568914733132,-1.4759563537029603,1.0090408669826858,-0.4250147577130797,-0.736220107210202,-0.6679308332270758,1.9692762072618977,-0.6298000037255774,-0.5039032598602688,-0.5896684618314822,-0.5758106657310548,-0.5788898726408979,1.769811121266526
-1.6725628037614586,0.17156880738835228,1.4292441375760572,-0.06524538242175558,-0.9910401379383962,-0.4250147577130797,1.3582894438856787,1.497161008675925,-0.5078007830046403,-0.6298000037255774,-0.5039032598602688,-0.5896684618314822,-0.5758106657310548,1.7274442813069022,-0.5650320466312655
-0.6041952424231214,1.411882721498504,0.4850696453705693,-0.770600868062358,1.0090408669826858,-0.4250147577130797,-0.736220107210202,-0.6679308332270758,1.9692762072618977,-0.6298000037255774,-0.5039032598602688,1.6958682119339528,-0.5758106657310548,-0.5788898726408979,-0.5650320466312655
-1.3386979408432282,1.6504046280581486,0.7211132684219412,-0.06524538242175558,1.0090408669826858,-0.4250147577130797,-0.736220107210202,1.497161008675925,-0.5078007830046403,-0.6298000037255774,-0.5039032598602688,-0.5896684618314822,-0.5758106657310548,1.7274442813069022,-0.5650320466312655
0.06353448341333943,0.3623863326360679,0.9571568914733132,-0.06524538242175558,-0.9910401379383962,2.352859475705742,-0.736220107210202,-0.6679308332270758,-0.5078007830046403,-0.6298000037255774,1.9845078999435277,-0.5896684618314822,1.7366819677269967,-0.5788898726408979,-0.5650320466312655
-0.4038763246721831,0.8871345270672859,-0.9311920929376625,-1.4759563537029603,1.0090408669826858,-0.4250147577130797,-0.736220107210202,1.497161008675925,-0.5078007830046403,-0.6298000037255774,-0.5039032598602688,-0.5896684618314822,1.7366819677269967,-0.5788898726408979,-0.5650320466312655
-0.07001146175395272,-1.5934933011530175,0.7211132684219412,-1.4759563537029603,-0.9910401379383962,-0.4250147577130797,1.3582894438856787,-0.6679308332270758,1.9692762072618977,-0.6298000037255774,-0.5039032598602688,-0.5896684618314822,-0.5758106657310548,-0.5788898726408979,1.769811121266526
0.9315831270007384,-1.307267013281444,-0.6951484698862904,-1.4759563537029603,-0.9910401379383962,-0.4250147577130797,1.3582894438856787,1.497161008675925,-0.5078007830046403,-0.6298000037255774,-0.5039032598602688,1.6958682119339528,-0.5758106657310548,-0.5788898726408979,-0.5650320466312655
-0.1367844343375988,0.028455663452565543,0.01298239926782539,-1.4759563537029603,1.0090408669826858,-0.4250147577130797,-0.736220107210202,-0.6679308332270758,1.9692762072618977,-0.6298000037255774,-0.5039032598602688,-0.5896684618314822,1.7366819677269967,-0.5788898726408979,-0.5650320466312655
-0.8045141601740596,-1.6411976824649464,1.665287760627429,1.3454655888594491,1.0090408669826858,-0.4250147577130797,-0.736220107210202,1.497161008675925,-0.5078007830046403,-0.6298000037255774,-0.5039032598602688,-0.5896684618314822,1.7366819677269967,-0.5788898726408979,-0.5650320466312655
0.1303074559969855,-0.5439969122905814,-1.4032793390404064,0.6401101032188468,1.0090408669826858,-0.4250147577130797,-0.736220107210202,-0.6679308332270758,-0.5078007830046403,-0.6298000037255774,1.9845078999435277,-0.5896684618314822,-0.5758106657310548,-0.5788898726408979,1.769811121266526
-0.6709682150067674,0.3623863326360679,0.01298239926782539,-0.06524538242175558,-0.9910401379383962,-0.4250147577130797,1.3582894438856787,-0.6679308332270758,-0.5078007830046403,1.5878056431954701,-0.5039032598602688,-0.5896684618314822,-0.5758106657310548,1.7274442813069022,-0.5650320466312655
0.597718264082508,0.9348389083792149,1.665287760627429,-0.06524538242175558,-0.9910401379383962,-0.4250147577130797,1.3582894438856787,-0.6679308332270758,1.9692762072618977,-0.6298000037255774,-0.5039032598602688,1.6958682119339528,-0.5758106657310548,-0.5788898726408979,-0.5650320466312655
0.1303074559969855,-1.3549713945933728,-0.6951484698862904,-0.06524538242175558,1.0090408669826858,-0.4250147577130797,-0.736220107210202,1.497161008675925,-0.5078007830046403,-0.6298000037255774,-0.5039032598602688,-0.5896684618314822,-0.5758106657310548,-0.5788898726408979,1.769811121266526
1.0651290721680307,1.411882721498504,-0.45910484683491853,-0.770600868062358,-0.9910401379383962,-0.4250147577130797,1.3582894438856787,-0.6679308332270758,-0.5078007830046403,1.5878056431954701,-0.5039032598602688,-0.5896684618314822,-0.5758106657310548,-0.5788898726408979,1.769811121266526
0.9315831270007384,-1.5457889198410886,0.01298239926782539,-0.06524538242175558,1.0090408669826858,-0.4250147577130797,-0.736220107210202,1.497161008675925,-0.5078007830046403,-0.6298000037255774,-0.5039032598602688,-0.5896684618314822,-0.5758106657310548,1.7274442813069022,-0.5650320466312655
-0.27033037950489097,-0.9256319627860127,0.9571568914733132,-1.4759563537029603,1.0090408669826858,-0.4250147577130797,-0.736220107210202,-0.6679308332270758,1.9692762072618977,-0.6298000037255774,-0.5039032598602688,-0.5896684618314822,-0.5758106657310548,1.7274442813069022,-0.5650320466312655
0.1303074559969855,0.028455663452565543,1.665287760627429,-0.770600868062358,1.0090408669826858,-0.4250147577130797,-0.736220107210202,-0.6679308332270758,-0.5078007830046403,1.5878056431954701,-0.5039032598602688,1.6958682119339528,-0.5758106657310548,-0.5788898726408979,-0.5650320466312655
0.7980371818334463,-0.8302232001621549,-1.1672357159890343,-0.06524538242175558,1.0090408669826858,-0.4250147577130797,-0.736220107210202,-0.6679308332270758,1.9692762072618977,-0.6298000037255774,-0.5039032598602688,-0.5896684618314822,1.7366819677269967,-0.5788898726408979,-0.5650320466312655
1.1319020447516768,-1.402675775905302,0.01298239926782539,-1.4759563537029603,-0.9910401379383962,-0.4250147577130797,1.3582894438856787,-0.6679308332270758,1.9692762072618977,-0.6298000037255774,-0.5039032598602688,-0.5896684618314822,-0.5758106657310548,-0.5788898726408979,1.769811121266526
-0.0032384891703066414,-1.6411976824649464,1.665287760627429,-1.4759563537029603,1.0090408669826858,-0.4250147577130797,-0.736220107210202,-0.6679308332270758,-0.5078007830046403,1.5878056431954701,-0.5039032598602688,1.6958682119339528,-0.5758106657310548,-0.5788898726408979,-0.5650320466312655
-0.5374222698394753,-0.25777062441900794,-0.9311920929376625,-1.4759563537029603,-0.9910401379383962,-0.4250147577130797,1.3582894438856787,-0.6679308332270758,-0.5078007830046403,1.5878056431954701,-0.5039032598602688,-0.5896684618314822,-0.5758106657310548,1.7274442813069022,-0.5650320466312655
1.0651290721680307,-1.4980845385291597,1.1932005145246851,1.3454655888594491,1.0090408669826858,-0.4250147577130797,-0.736220107210202,1.497161008675925,-0.5078007830046403,-0.6298000037255774,-0.5039032598602688,-0.5896684618314822,-0.5758106657310548,1.7274442813069022,-0.5650320466312655
0.06353448341333943,-1.3549713945933728,0.9571568914733132,-1.4759563537029603,1.0090408669826858,-0.4250147577130797,-0.736220107210202,-0.6679308332270758,-0.5078007830046403,-0.6298000037255774,1.9845078999435277,1.6958682119339528,-0.5758106657310548,-0.5788898726408979,-0.5650320466312655
-0.33710335208853703,-0.8779275814740838,-0.9311920929376625,-1.4759563537029603,1.0090408669826858,-0.4250147577130797,-0.736220107210202,1.497161008675925,-0.5078007830046403,-0.6298000037255774,-0.5039032598602688,-0.5896684618314822,-0.5758106657310548,-0.5788898726408979,1.769811121266526
0.1303074559969855,0.9348389083792149,-1.6393229620917782,1.3454655888594491,-0.9910401379383962,2.352859475705742,-0.736220107210202,-0.6679308332270758,-0.5078007830046403,1.5878056431954701,-0.5039032598602688,-0.5896684618314822,-0.5758106657310548,-0.5788898726408979,1.769811121266526
-0.5374222698394753,0.314681951324139,-1.6393229620917782,-0.770600868062358,-0.9910401379383962,-0.4250147577130797,1.3582894438856787,1.497161008675925,-0.5078007830046403,-0.6298000037255774,-0.5039032598602688,-0.5896684618314822,-0.5758106657310548,1.7274442813069022,-0.5650320466312655
0.7980371818334463,-0.1623618617951501,-1.1672357159890343,-0.06524538242175558,1.0090408669826858,-0.4250147577130797,-0.736220107210202,1.497161008675925,-0.5078007830046403,-0.6298000037255774,-0.5039032598602688,-0.5896684618314822,1.7366819677269967,-0.5788898726408979,-0.5650320466312655
0.1970804285806316,-0.9733363440979416,1.4292441375760572,0.6401101032188468,1.0090408669826858,-0.4250147577130797,-0.736220107210202,-0.6679308332270758,-0.5078007830046403,1.5878056431954701,-0.5039032598602688,-0.5896684618314822,-0.5758106657310548,-0.5788898726408979,1.769811121266526
0.9315831270007384,-0.6394056749144392,1.665287760627429,1.3454655888594491,1.0090408669826858,-0.4250147577130797,-0.736220107210202,1.497161008675925,-0.5078007830046403,-0.6298000037255774,-0.5039032598602688,-0.5896684618314822,-0.5758106657310548,1.7274442813069022,-0.5650320466312655
-1.7393357763451047,-0.782518818850226,-0.45910484683491853,-0.770600868062358,1.0090408669826858,-0.4250147577130797,-0.736220107210202,-0.6679308332270758,-0.5078007830046403,1.5878056431954701,-0.5039032598602688,1.6958682119339528,-0.5758106657310548,-0.5788898726408979,-0.5650320466312655
-0.8045141601740596,-0.25777062441900794,1.1932005145246851,0.6401101032188468,1.0090408669826858,-0.4250147577130797,-0.736220107210202,-0.6679308332270758,-0.5078007830046403,-0.6298000037255774,1.9845078999435277,-0.5896684618314822,-0.5758106657310548,1.7274442813069022,-0.5650320466312655
-0.6041952424231214,-1.6411976824649464,1.1932005145246851,-0.06524538242175558,-0.9910401379383962,-0.4250147577130797,1.3582894438856787,1.497161008675925,-0.5078007830046403,-0.6298000037255774,-0.5039032598602688,-0.5896684618314822,1.7366819677269967,-0.5788898726408979,-0.5650320466312655
-1.5390168585941664,1.6504046280581486,-1.6393229620917782,0.6401101032188468,1.0090408669826858,-0.4250147577130797,-0.736220107210202,1.497161008675925,-0.5078007830046403,-0.6298000037255774,-0.5039032598602688,-0.5896684618314822,-0.5758106657310548,1.7274442813069022,-0.5650320466312655
0.46417231891521593,0.07616004476449445,-1.1672357159890343,-1.4759563537029603,1.0090408669826858,-0.4250147577130797,-0.736220107210202,-0.6679308332270758,-0.5078007830046403,-0.6298000037255774,1.9845078999435277,-0.5896684618314822,-0.5758106657310548,1.7274442813069022,-0.5650320466312655
1.398993935086261,1.1733608149388595,1.4292441375760572,1.3454655888594491,1.0090408669826858,-0.4250147577130797,-0.736220107210202,-0.6679308332270758,-0.5078007830046403,1.5878056431954701,-0.5039032598602688,-0.5896684618314822,-0.5758106657310548,1.7274442813069022,-0.5650320466312655
0.7980371818334463,0.6963170018195703,0.4850696453705693,-0.06524538242175558,-0.9910401379383962,-0.4250147577130797,1.3582894438856787,-0.6679308332270758,-0.5078007830046403,1.5878056431954701,-0.5039032598602688,-0.5896684618314822,-0.5758106657310548,-0.5788898726408979,1.769811121266526
-1.205151995675936,1.1733608149388595,-0.45910484683491853,-0.06524538242175558,-0.9910401379383962,-0.4250147577130797,1.3582894438856787,1.497161008675925,-0.5078007830046403,-0.6298000037255774,-0.5039032598602688,-0.5896684618314822,1.7366819677269967,-0.5788898726408979,-0.5650320466312655
-1.071606050508644,-0.5439969122905814,0.24902602231919735,1.3454655888594491,-0.9910401379383962,2.352859475705742,-0.736220107210202,1.497161008675925,-0.5078007830046403,-0.6298000037255774,-0.5039032598602688,-0.5896684618314822,1.7366819677269967,-0.5788898726408979,-0.5650320466312655
-0.0032384891703066414,-1.2118582506575861,-1.6393229620917782,-0.770600868062358,-0.9910401379383962,-0.4250147577130797,1.3582894438856787,-0.6679308332270758,1.9692762072618977,-0.6298000037255774,-0.5039032598602688,-0.5896684618314822,-0.5758106657310548,1.7274442813069022,-0.5650320466312655
0.5309452914988619,1.1256564336269306,-1.6393229620917782,0.6401101032188468,1.0090408669826858,-0.4250147577130797,-0.736220107210202,-0.6679308332270758,-0.5078007830046403,1.5878056431954701,-0.5039032598602688,-0.5896684618314822,-0.5758106657310548,-0.5788898726408979,1.769811121266526
0.06353448341333943,0.8871345270672859,-1.6393229620917782,0.6401101032188468,-0.9910401379383962,-0.4250147577130797,1.3582894438856787,-0.6679308332270758,-0.5078007830046403,-0.6298000037255774,1.9845078999435277,-0.5896684618314822,-0.5758106657310548,-0.5788898726408979,1.769811121266526
1.5325398802535533,-0.1623618617951501,-0.45910484683491853,-0.770600868062358,-0.9910401379383962,-0.4250147577130797,1.3582894438856787,-0.6679308332270758,1.9692762072618977,-0.6298000037255774,-0.5039032598602688,-0.5896684618314822,-0.5758106657310548,1.7274442813069022,-0.5650320466312655
-0.4038763246721831,-0.9256319627860127,1.1932005145246851,1.3454655888594491,1.0090408669826858,-0.4250147577130797,-0.736220107210202,-0.6679308332270758,-0.5078007830046403,1.5878056431954701,-0.5039032598602688,-0.5896684618314822,-0.5758106657310548,1.7274442813069022,-0.5650320466312655
-0.07001146175395272,0.07616004476449445,0.24902602231919735,0.6401101032188468,1.0090408669826858,-0.4250147577130797,-0.736220107210202,1.497161008675925,-0.5078007830046403,-0.6298000037255774,-0.5039032598602688,-0.5896684618314822,-0.5758106657310548,1.7274442813069022,-0.5650320466312655
-0.6709682150067674,-0.25777062441900794,-0.45910484683491853,-0.06524538242175558,-0.9910401379383962,-0.4250147577130797,1.3582894438856787,-0.6679308332270758,1.9692762072618977,-0.6298000037255774,-0.5039032598602688,1.6958682119339528,-0.5758106657310548,-0.5788898726408979,-0.5650320466312655
-0.5374222698394753,1.411882721498504,0.4850696453705693,-0.770600868062358,-0.9910401379383962,-0.4250147577130797,1.3582894438856787,-0.6679308332270758,-0.5078007830046403,1.5878056431954701,-0.5039032598602688,-0.5896684618314822,1.7366819677269967,-0.5788898726408979,-0.5650320466312655
0.2638534011642777,-0.6394056749144392,0.01298239926782539,-0.06524538242175558,-0.9910401379383962,-0.4250147577130797,1.3582894438856787,-0.6679308332270758,1.9692762072618977,-0.6298000037255774,-0.5039032598602688,1.6958682119339528,-0.5758106657310548,-0.5788898726408979,-0.5650320466312655
0.7980371818334463,0.5532038578837836,-0.6951484698862904,1.3454655888594491,1.0090408669826858,-0.4250147577130797,-0.736220107210202,-0.6679308332270758,-0.5078007830046403,1.5878056431954701,-0.5039032598602688,-0.5896684618314822,-0.5758106657310548,-0.5788898726408979,1.769811121266526
1.5993128528371992,-1.2118582506575861,-0.6951484698862904,0.6401101032188468,-0.9910401379383962,-0.4250147577130797,1.3582894438856787,1.497161008675925,-0.5078007830046403,-0.6298000037255774,-0.5039032598602688,1.6958682119339528,-0.5758106657310548,-0.5788898726408979,-0.5650320466312655
-1.071606050508644,1.364178340186575,1.665287760627429,-0.06524538242175558,-0.9910401379383962,-0.4250147577130797,1.3582894438856787,1.497161008675925,-0.5078007830046403,-0.6298000037255774,-0.5039032598602688,-0.5896684618314822,1.7366819677269967,-0.5788898726408979,-0.5650320466312655
-1.1383790230922899,-1.4980845385291597,-0.45910484683491853,1.3454655888594491,1.0090408669826858,-0.4250147577130797,-0.736220107210202,-0.6679308332270758,-0.5078007830046403,1.5878056431954701,-0.5039032598602688,1.6958682119339528,-0.5758106657310548,-0.5788898726408979,-0.5650320466312655
-0.6709682150067674,0.45779509525992573,-0.22306122378354656,0.6401101032188468,-0.9910401379383962,-0.4250147577130797,1.3582894438856787,-0.6679308332270758,1.9692762072618977,-0.6298000037255774,-0.5039032598602688,1.6958682119339528,-0.5758106657310548,-0.5788898726408979,-0.5650320466312655
0.3973993463315698,-0.30547500573093683,0.01298239926782539,1.3454655888594491,1.0090408669826858,-0.4250147577130797,-0.736220107210202,1.497161008675925,-0.5078007830046403,-0.6298000037255774,-0.5039032598602688,1.6958682119339528,-0.5758106657310548,-0.5788898726408979,-0.5650320466312655
-1.4054709134268744,-0.30547500573093683,0.9571568914733132,-0.06524538242175558,-0.9910401379383962,2.352859475705742,-0.736220107210202,-0.6679308332270758,-0.5078007830046403,1.5878056431954701,-0.5039032598602688,-0.5896684618314822,-0.5758106657310548,-0.5788898726408979,1.769811121266526
-1.4722438860105203,0.028455663452565543,-1.1672357159890343,1.3454655888594491,-0.9910401379383962,-0.4250147577130797,1.3582894438856787,-0.6679308332270758,1.9692762072618977,-0.6298000037255774,-0.5039032598602688,1.6958682119339528,-0.5758106657310548,-0.5788898726408979,-0.5650320466312655
0.33062637374792375,-1.5934933011530175,0.7211132684219412,0.6401101032188468,1.0090408669826858,-0.4250147577130797,-0.736220107210202,-0.6679308332270758,-0.5078007830046403,-0.6298000037255774,1.9845078999435277,1.6958682119339528,-0.5758106657310548,-0.5788898726408979,-0.5650320466312655
-1.6725628037614586,1.2210651962507884,1.1932005145246851,-0.770600868062358,-0.9910401379383962,-0.4250147577130797,1.3582894438856787,-0.6679308332270758,1.9692762072618977,-0.6298000037255774,-0.5039032598602688,-0.5896684618314822,-0.5758106657310548,1.7274442813069022,-0.5650320466312655
-1.4054709134268744,0.7440213831314992,0.7211132684219412,-1.4759563537029603,1.0090408669826858,-0.4250147577130797,-0.736220107210202,-0.6679308332270758,-0.5078007830046403,1.5878056431954701,-0.5039032598602688,-0.5896684618314822,1.7366819677269967,-0.5788898726408979,-0.5650320466312655
-1.7393357763451047,0.9825432896911438,-0.9311920929376625,-1.4759563537029603,-0.9910401379383962,-0.4250147577130797,1.3582894438856787,-0.6679308332270758,-0.5078007830046403,1.5878056431954701,-0.5039032598602688,1.6958682119339528,-0.5758106657310548,-0.5788898726408979,-0.5650320466312655
-1.1383790230922899,-0.782518818850226,0.01298239926782539,0.6401101032188468,1.0090408669826858,-0.4250147577130797,-0.736220107210202,-0.6679308332270758,1.9692762072618977,-0.6298000037255774,-0.5039032598602688,-0.5896684618314822,-0.5758106657310548,1.7274442813069022,-0.5650320466312655
0.9983560995843845,-0.06695309917129227,1.665287760627429,0.6401101032188468,-0.9910401379383962,2.352859475705742,-0.736220107210202,1.497161008675925,-0.5078007830046403,-0.6298000037255774,-0.5039032598602688,-0.5896684618314822,1.7366819677269967,-0.5788898726408979,-0.5650320466312655
-1.6725628037614586,1.411882721498504,-0.22306122378354656,-0.06524538242175558,1.0090408669826858,-0.4250147577130797,-0.736220107210202,-0.6679308332270758,1.9692762072618977,-0.6298000037255774,-0.5039032598602688,-0.5896684618314822,1.7366819677269967,-0.5788898726408979,-0.5650320466312655
0.6644912366661542,0.41009071394799684,-0.45910484683491853,-1.4759563537029603,1.0090408669826858,-0.4250147577130797,-0.736220107210202,-0.6679308332270758,-0.5078007830046403,1.5878056431954701,-0.5039032598602688,-0.5896684618314822,1.7366819677269967,-0.5788898726408979,-0.5650320466312655
-0.20355740692124488,0.9348389083792149,1.4292441375760572,-0.770600868062358,-0.9910401379383962,-0.4250147577130797,1.3582894438856787,1.497161008675925,-0.5078007830046403,-0.6298000037255774,-0.5039032598602688,-0.5896684618314822,-0.5758106657310548,1.7274442813069022,-0.5650320466312655
1.1986750173353227,-1.4980845385291597,1.1932005145246851,-1.4759563537029603,1.0090408669826858,-0.4250147577130797,-0.736220107210202,-0.6679308332270758,-0.5078007830046403,-0.6298000037255774,1.9845078999435277,-0.5896684618314822,-0.5758106657310548,-0.5788898726408979,1.769811121266526
-0.5374222698394753,-0.3531793870428657,0.7211132684219412,1.3454655888594491,-0.9910401379383962,2.352859475705742,-0.736220107210202,-0.6679308332270758,1.9692762072618977,-0.6298000037255774,-0.5039032598602688,1.6958682119339528,-0.5758106657310548,-0.5788898726408979,-0.5650320466312655
-0.27033037950489097,-0.8779275814740838,-0.22306122378354656,-1.4759563537029603,1.0090408669826858,-0.4250147577130797,-0.736220107210202,-0.6679308332270758,-0.5078007830046403,1.5878056431954701,-0.5039032598602688,-0.5896684618314822,-0.5758106657310548,1.7274442813069022,-0.5650320466312655
0.6644912366661542,-0.5917012936025103,0.4850696453705693,0.6401101032188468,-0.9910401379383962,-0.4250147577130797,1.3582894438856787,1.497161008675925,-0.5078007830046403,-0.6298000037255774,-0.5039032598602688,-0.5896684618314822,-0.5758106657310548,-0.5788898726408979,1.769811121266526
-1.4054709134268744,0.8871345270672859,1.4292441375760572,-0.06524538242175558,1.0090408669826858,-0.4250147577130797,-0.736220107210202,1.497161008675925,-0.5078007830046403,-0.6298000037255774,-0.5039032598602688,-0.5896684618314822,-0.5758106657310548,-0.5788898726408979,1.769811121266526
-0.07001146175395272,-0.44858814966672356,0.4850696453705693,-0.06524538242175558,1.0090408669826858,-0.4250147577130797,-0.736220107210202,-0.6679308332270758,-0.5078007830046403,1.5878056431954701,-0.5039032598602688,-0.5896684618314822,1.7366819677269967,-0.5788898726408979,-0.5650320466312655
-0.4706492972558292,-1.3549713945933728,-0.45910484683491853,-0.770600868062358,-0.9910401379383962,2.352859475705742,-0.736220107210202,-0.6679308332270758,-0.5078007830046403,1.5878056431954701,-0.5039032598602688,-0.5896684618314822,-0.5758106657310548,-0.5788898726408979,1.769811121266526
-0.1367844343375988,-1.4503801572172308,-1.6393229620917782,0.6401101032188468,1.0090408669826858,-0.4250147577130797,-0.736220107210202,-0.6679308332270758,-0.5078007830046403,1.5878056431954701,-0.5039032598602688,-0.5896684618314822,-0.5758106657310548,-0.5788898726408979,1.769811121266526
1.5325398802535533,-0.9256319627860127,0.9571568914733132,-0.770600868062358,-0.9910401379383962,-0.4250147577130797,1.3582894438856787,-0.6679308332270758,1.9692762072618977,-0.6298000037255774,-0.5039032598602688,-0.5896684618314822,-0.5758106657310548,1.7274442813069022,-0.5650320466312655
0.1303074559969855,1.411882721498504,-1.1672357159890343,0.6401101032188468,1.0090408669826858,-0.4250147577130797,-0.736220107210202,-0.6679308332270758,-0.5078007830046403,-0.6298000037255774,1.9845078999435277,-0.5896684618314822,-0.5758106657310548,1.7274442813069022,-0.5650320466312655
-0.33710335208853703,0.45779509525992573,-0.22306122378354656,-0.06524538242175558,1.0090408669826858,-0.4250147577130797,-0.736220107210202,-0.6679308332270758,-0.5078007830046403,1.5878056431954701,-0.5039032598602688,-0.5896684618314822,-0.5758106657310548,1.7274442813069022,-0.5650320466312655
0.5309452914988619,0.07616004476449445,1.4292441375760572,-0.770600868062358,-0.9910401379383962,2.352859475705742,-0.736220107210202,-0.6679308332270758,-0.5078007830046403,1.5878056431954701,-0.5039032598602688,-0.5896684618314822,1.7366819677269967,-0.5788898726408979,-0.5650320466312655
1.1319020447516768,0.6486126205076413,-1.1672357159890343,1.3454655888594491,1.0090408669826858,-0.4250147577130797,-0.736220107210202,1.497161008675925,-0.5078007830046403,-0.6298000037255774,-0.5039032598602688,-0.5896684618314822,-0.5758106657310548,-0.5788898726408979,1.769811121266526
-1.205151995675936,-1.2118582506575861,-1.6393229620917782,-0.06524538242175558,1.0090408669826858,-0.4250147577130797,-0.736220107210202,1.497161008675925,-0.5078007830046403,-0.6298000037255774,-0.5039032598602688,1.6958682119339528,-0.5758106657310548,-0.5788898726408979,-0.5650320466312655
1.5993128528371992,-0.44858814966672356,1.4292441375760572,1.3454655888594491,-0.9910401379383962,2.352859475705742,-0.736220107210202,-0.6679308332270758,-0.5078007830046403,1.5878056431954701,-0.5039032598602688,-0.5896684618314822,1.7366819677269967,-0.5788898726408979,-0.5650320466312655
0.597718264082508,1.5549958654342908,0.24902602231919735,0.6401101032188468,1.0090408669826858,-0.4250147577130797,-0.736220107210202,-0.6679308332270758,-0.5078007830046403,1.5878056431954701,-0.5039032598602688,1.6958682119339528,-0.5758106657310548,-0.5788898726408979,-0.5650320466312655
-0.07001146175395272,-0.5917012936025103,0.4850696453705693,-0.770600868062358,-0.9910401379383962,-0.4250147577130797,1.3582894438856787,1.497161008675925,-0.5078007830046403,-0.6298000037255774,-0.5039032598602688,-0.5896684618314822,-0.5758106657310548,-0.5788898726408979,1.769811121266526
1.4657669076699071,-1.6411976824649464,0.9571568914733132,1.3454655888594491,1.0090408669826858,-0.4250147577130797,-0.736220107210202,1.497161008675925,-0.5078007830046403,-0.6298000037255774,-0.5039032598602688,-0.5896684618314822,-0.5758106657310548,1.7274442813069022,-0.5650320466312655
1.332220962502615,-0.8302232001621549,0.7211132684219412,0.6401101032188468,-0.9910401379383962,-0.4250147577130797,1.3582894438856787,-0.6679308332270758,-0.5078007830046403,1.5878056431954701,-0.5039032598602688,1.6958682119339528,-0.5758106657310548,-0.5788898726408979,-0.5650320466312655
0.06353448341333943,1.6981090093700775,-0.22306122378354656,0.6401101032188468,-0.9910401379383962,2.352859475705742,-0.736220107210202,-0.6679308332270758,-0.5078007830046403,-0.6298000037255774,1.9845078999435277,-0.5896684618314822,-0.5758106657310548,-0.5788898726408979,1.769811121266526
-1.4722438860105203,-1.6889020637768752,0.24902602231919735,-0.06524538242175558,1.0090408669826858,-0.4250147577130797,-0.736220107210202,-0.6679308332270758,-0.5078007830046403,1.5878056431954701,-0.5039032598602688,-0.5896684618314822,-0.5758106657310548,1.7274442813069022,-0.5650320466312655
1.0651290721680307,-0.9733363440979416,0.24902602231919735,1.3454655888594491,-0.9910401379383962,-0.4250147577130797,1.3582894438856787,-0.6679308332270758,1.9692762072618977,-0.6298000037255774,-0.5039032598602688,-0.5896684618314822,-0.5758106657310548,-0.5788898726408979,1.769811121266526
0.9315831270007384,-1.6411976824649464,-0.6951484698862904,-0.770600868062358,-0.9910401379383962,-0.4250147577130797,1.3582894438856787,-0.6679308332270758,-0.5078007830046403,-0.6298000037255774,1.9845078999435277,1.6958682119339528,-0.5758106657310548,-0.5788898726408979,-0.5650320466312655
1.1319020447516768,1.6981090093700775,-0.45910484683491853,-0.06524538242175558,-0.9910401379383962,-0.4250147577130797,1.3582894438856787,1.497161008675925,-0.5078007830046403,-0.6298000037255774,-0.5039032598602688,1.6958682119339528,-0.5758106657310548,-0.5788898726408979,-0.5650320466312655
-0.20355740692124488,-1.6411976824649464,-1.6393229620917782,-0.770600868062358,1.0090408669826858,-0.4250147577130797,-0.736220107210202,-0.6679308332270758,1.9692762072618977,-0.6298000037255774,-0.5039032598602688,1.6958682119339528,-0.5758106657310548,-0.5788898726408979,-0.5650320466312655
-0.6709682150067674,-0.734814437538297,0.4850696453705693,-1.4759563537029603,-0.9910401379383962,-0.4250147577130797,1.3582894438856787,1.497161008675925,-0.5078007830046403,-0.6298000037255774,-0.5039032598602688,1.6958682119339528,-0.5758106657310548,-0.5788898726408979,-0.5650320466312655
-0.6041952424231214,-0.782518818850226,0.4850696453705693,-1.4759563537029603,1.0090408669826858,-0.4250147577130797,-0.736220107210202,-0.6679308332270758,-0.5078007830046403,1.5878056431954701,-0.5039032598602688,1.6958682119339528,-0.5758106657310548,-0.5788898726408979,-0.5650320466312655
-0.0032384891703066414,-1.1164494880337283,-0.6951484698862904,-0.06524538242175558,-0.9910401379383962,-0.4250147577130797,1.3582894438856787,1.497161008675925,-0.5078007830046403,-0.6298000037255774,-0.5039032598602688,1.6958682119339528,-0.5758106657310548,-0.5788898726408979,-0.5650320466312655
-0.4038763246721831,1.5072914841223617,-1.1672357159890343,1.3454655888594491,-0.9910401379383962,-0.4250147577130797,1.3582894438856787,-0.6679308332270758,-0.5078007830046403,-0.6298000037255774,1.9845078999435277,-0.5896684618314822,-0.5758106657310548,1.7274442813069022,-0.5650320466312655
0.9983560995843845,0.3623863326360679,-0.45910484683491853,-0.770600868062358,1.0090408669826858,-0.4250147577130797,-0.736220107210202,1.497161008675925,-0.5078007830046403,-0.6298000037255774,-0.5039032598602688,-0.5896684618314822,-0.5758106657310548,-0.5788898726408979,1.769811121266526
-0.8045141601740596,1.1733608149388595,-0.6951484698862904,0.6401101032188468,-0.9910401379383962,-0.4250147577130797,1.3582894438856787,-0.6679308332270758,-0.5078007830046403,1.5878056431954701,-0.5039032598602688,1.6958682119339528,-0.5758106657310548,-0.5788898726408979,-0.5650320466312655
1.2654479899189688,1.3164739588746461,-0.6951484698862904,-0.770600868062358,1.0090408669826858,-0.4250147577130797,-0.736220107210202,-0.6679308332270758,-0.5078007830046403,-0.6298000037255774,1.9845078999435277,-0.5896684618314822,1.7366819677269967,-0.5788898726408979,-0.5650320466312655
1.0651290721680307,-0.40088376835479467,-1.1672357159890343,-0.770600868062358,1.0090408669826858,-0.4250147577130797,-0.736220107210202,-0.6679308332270758,-0.5078007830046403,-0.6298000037255774,1.9845078999435277,-0.5896684618314822,1.7366819677269967,-0.5788898726408979,-0.5650320466312655
0.7312642092498002,-0.4962925309786525,-0.45910484683491853,-0.06524538242175558,1.0090408669826858,-0.4250147577130797,-0.736220107210202,-0.6679308332270758,-0.5078007830046403,1.5878056431954701,-0.5039032598602688,-0.5896684618314822,-0.5758106657310548,1.7274442813069022,-0.5650320466312655
0.2638534011642777,-0.06695309917129227,-0.22306122378354656,-1.4759563537029603,1.0090408669826858,-0.4250147577130797,-0.736220107210202,1.497161008675925,-0.5078007830046403,-0.6298000037255774,-0.5039032598602688,-0.5896684618314822,1.7366819677269967,-0.5788898726408979,-0.5650320466312655
1.398993935086261,-0.06695309917129227,-1.6393229620917782,0.6401101032188468,1.0090408669826858,-0.4250147577130797,-0.736220107210202,-0.6679308332270758,-0.5078007830046403,1.5878056431954701,-0.5039032598602688,1.6958682119339528,-0.5758106657310548,-0.5788898726408979,-0.5650320466312655
-0.7377411875904135,0.5054994765718547,-1.4032793390404064,-1.4759563537029603,1.0090408669826858,-0.4250147577130797,-0.736220107210202,1.497161008675925,-0.5078007830046403,-0.6298000037255774,-0.5039032598602688,-0.5896684618314822,-0.5758106657310548,1.7274442813069022,-0.5650320466312655
0.06353448341333943,-0.8779275814740838,0.7211132684219412,-0.770600868062358,1.0090408669826858,-0.4250147577130797,-0.736220107210202,-0.6679308332270758,-0.5078007830046403,-0.6298000037255774,1.9845078999435277,-0.5896684618314822,1.7366819677269967,-0.5788898726408979,-0.5650320466312655
-0.1367844343375988,-0.5439969122905814,-0.9311920929376625,-0.06524538242175558,1.0090408669826858,-0.4250147577130797,-0.736220107210202,-0.6679308332270758,-0.5078007830046403,1.5878056431954701,-0.5039032598602688,-0.5896684618314822,-0.5758106657310548,-0.5788898726408979,1.769811121266526
1.4657669076699071,-1.1164494880337283,-0.45910484683491853,0.6401101032188468,-0.9910401379383962,2.352859475705742,-0.736220107210202,-0.6679308332270758,1.9692762072618977,-0.6298000037255774,-0.5039032598602688,-0.5896684618314822,-0.5758106657310548,1.7274442813069022,-0.5650320466312655
0.46417231891521593,0.6486126205076413,0.7211132684219412,-0.06524538242175558,1.0090408669826858,-0.4250147577130797,-0.736220107210202,-0.6679308332270758,-0.5078007830046403,1.5878056431954701,-0.5039032598602688,-0.5896684618314822,1.7366819677269967,-0.5788898726408979,-0.5650320466312655
0.1970804285806316,-1.4980845385291597,-0.22306122378354656,-0.770600868062358,-0.9910401379383962,2.352859475705742,-0.736220107210202,-0.6679308332270758,-0.5078007830046403,-0.6298000037255774,1.9845078999435277,1.6958682119339528,-0.5758106657310548,-0.5788898726408979,-0.5650320466312655
-1.3386979408432282,1.2210651962507884,0.4850696453705693,-1.4759563537029603,-0.9910401379383962,2.352859475705742,-0.736220107210202,-0.6679308332270758,-0.5078007830046403,1.5878056431954701,-0.5039032598602688,-0.5896684618314822,-0.5758106657310548,1.7274442813069022,-0.5650320466312655
0.9315831270007384,-0.019248717859363367,-0.6951484698862904,-0.06524538242175558,-0.9910401379383962,-0.4250147577130797,1.3582894438856787,1.497161008675925,-0.5078007830046403,-0.6298000037255774,-0.5039032598602688,-0.5896684618314822,-0.5758106657310548,1.7274442813069022,-0.5650320466312655
-1.205151995675936,0.45779509525992573,0.01298239926782539,1.3454655888594491,-0.9910401379383962,2.352859475705742,-0.736220107210202,-0.6679308332270758,-0.5078007830046403,1.5878056431954701,-0.5039032598602688,-0.5896684618314822,-0.5758106657310548,1.7274442813069022,-0.5650320466312655
-0.5374222698394753,0.3623863326360679,1.665287760627429,-0.06524538242175558,1.0090408669826858,-0.4250147577130797,-0.736220107210202,-0.6679308332270758,-0.5078007830046403,1.5878056431954701,-0.5039032598602688,-0.5896684618314822,-0.5758106657310548,1.7274442813069022,-0.5650320466312655
0.33062637374792375,-0.40088376835479467,-0.22306122378354656,-1.4759563537029603,-0.9910401379383962,2.352859475705742,-0.736220107210202,-0.6679308332270758,1.9692762072618977,-0.6298000037255774,-0.5039032598602688,-0.5896684618314822,-0.5758106657310548,1.7274442813069022,-0.5650320466312655
-0.1367844343375988,0.839430145755357,-1.6393229620917782,1.3454655888594491,1.0090408669826858,-0.4250147577130797,-0.736220107210202,-0.6679308332270758,-0.5078007830046403,1.5878056431954701,-0.5039032598602688,1.6958682119339528,-0.5758106657310548,-0.5788898726408979,-0.5650320466312655
-0.5374222698394753,0.6009082391957125,0.24902602231919735,-1.4759563537029603,1.0090408669826858,-0.4250147577130797,-0.736220107210202,-0.6679308332270758,1.9692762072618977,-0.6298000037255774,-0.5039032598602688,-0.5896684618314822,1.7366819677269967,-0.5788898726408979,-0.5650320466312655
-1.6725628037614586,-0.30547500573093683,0.01298239926782539,-0.06524538242175558,-0.9910401379383962,-0.4250147577130797,1.3582894438856787,1.497161008675925,-0.5078007830046403,-0.6298000037255774,-0.5039032598602688,-0.5896684618314822,-0.5758106657310548,1.7274442813069022,-0.5650320466312655
-0.8045141601740596,0.5532038578837836,-0.22306122378354656,1.3454655888594491,-0.9910401379383962,2.352859475705742,-0.736220107210202,-0.6679308332270758,-0.5078007830046403,-0.6298000037255774,1.9845078999435277,-0.5896684618314822,1.7366819677269967,-0.5788898726408979,-0.5650320466312655
0.8648101544170924,0.17156880738835228,0.9571568914733132,1.3454655888594491,-0.9910401379383962,2.352859475705742,-0.736220107210202,1.497161008675925,-0.5078007830046403,-0.6298000037255774,-0.5039032598602688,-0.5896684618314822,-0.5758106657310548,1.7274442813069022,-0.5650320466312655
-0.4038763246721831,1.364178340186575,-0.6951484698862904,-1.4759563537029603,1.0090408669826858,-0.4250147577130797,-0.736220107210202,-0.6679308332270758,1.9692762072618977,-0.6298000037255774,-0.5039032598602688,1.6958682119339528,-0.5758106657310548,-0.5788898726408979,-0.5650320466312655
1.332220962502615,1.2687695775627172,-0.9311920929376625,-0.770600868062358,1.0090408669826858,-0.4250147577130797,-0.736220107210202,1.497161008675925,-0.5078007830046403,-0.6298000037255774,-0.5039032598602688,-0.5896684618314822,-0.5758106657310548,-0.5788898726408979,1.769811121266526
-0.4038763246721831,-1.2118582506575861,-0.6951484698862904,1.3454655888594491,-0.9910401379383962,-0.4250147577130797,1.3582894438856787,1.497161008675925,-0.5078007830046403,-0.6298000037255774,-0.5039032598602688,-0.5896684618314822,-0.5758106657310548,1.7274442813069022,-0.5650320466312655
-1.071606050508644,-1.2118582506575861,1.665287760627429,-0.06524538242175558,-0.9910401379383962,-0.4250147577130797,1.3582894438856787,-0.6679308332270758,-0.5078007830046403,1.5878056431954701,-0.5039032598602688,-0.5896684618314822,-0.5758106657310548,1.7274442813069022,-0.5650320466312655
-0.7377411875904135,1.1733608149388595,-0.9311920929376625,-1.4759563537029603,-0.9910401379383962,2.352859475705742,-0.736220107210202,-0.6679308332270758,-0.5078007830046403,-0.6298000037255774,1.9845078999435277,-0.5896684618314822,-0.5758106657310548,-0.5788898726408979,1.769811121266526
-0.20355740692124488,-0.5439969122905814,0.01298239926782539,-1.4759563537029603,1.0090408669826858,-0.4250147577130797,-0.736220107210202,-0.6679308332270758,-0.5078007830046403,1.5878056431954701,-0.5039032598602688,1.6958682119339528,-0.5758106657310548,-0.5788898726408979,-0.5650320466312655
0.3973993463315698,-0.8302232001621549,-0.45910484683491853,-0.770600868062358,-0.9910401379383962,-0.4250147577130797,1.3582894438856787,-0.6679308332270758,-0.5078007830046403,-0.6298000037255774,1.9845078999435277,-0.5896684618314822,-0.5758106657310548,-0.5788898726408979,1.769811121266526
-0.4038763246721831,-0.8779275814740838,-0.6951484698862904,-1.4759563537029603,-0.9910401379383962,-0.4250147577130797,1.3582894438856787,-0.6679308332270758,-0.5078007830046403,-0.6298000037255774,1.9845078999435277,1.6958682119339528,-0.5758106657310548,-0.5788898726408979,-0.5650320466312655
-1.6057898311778125,-0.40088376835479467,0.9571568914733132,-1.4759563537029603,-0.9910401379383962,-0.4250147577130797,1.3582894438856787,1.497161008675925,-0.5078007830046403,-0.6298000037255774,-0.5039032598602688,-0.5896684618314822,1.7366819677269967,-0.5788898726408979,-0.5650320466312655
-0.20355740692124488,-1.5934933011530175,1.4292441375760572,0.6401101032188468,1.0090408669826858,-0.4250147577130797,-0.736220107210202,1.497161008675925,-0.5078007830046403,-0.6298000037255774,-0.5039032598602688,-0.5896684618314822,1.7366819677269967,-0.5788898726408979,-0.5650320466312655
1.1986750173353227,-1.402675775905302,-1.4032793390404064,-0.770600868062358,-0.9910401379383962,-0.4250147577130797,1.3582894438856787,1.497161008675925,-0.5078007830046403,-0.6298000037255774,-0.5039032598602688,1.6958682119339528,-0.5758106657310548,-0.5788898726408979,-0.5650320466312655
1.0651290721680307,1.2210651962507884,0.01298239926782539,-0.06524538242175558,1.0090408669826858,-0.4250147577130797,-0.736220107210202,1.497161008675925,-0.5078007830046403,-0.6298000037255774,-0.5039032598602688,-0.5896684618314822,1.7366819677269967,-0.5788898726408979,-0.5650320466312655
1.398993935086261,1.1733608149388595,-0.22306122378354656,-1.4759563537029603,-0.9910401379383962,-0.4250147577130797,1.3582894438856787,-0.6679308332270758,-0.5078007830046403,-0.6298000037255774,1.9845078999435277,-0.5896684618314822,-0.5758106657310548,-0.5788898726408979,1.769811121266526
-0.4706492972558292,1.6504046280581486,1.1932005145246851,0.6401101032188468,1.0090408669826858,-0.4250147577130797,-0.736220107210202,1.497161008675925,-0.5078007830046403,-0.6298000037255774,-0.5039032598602688,-0.5896684618314822,1.7366819677269967,-0.5788898726408979,-0.5650320466312655
-0.8045141601740596,0.6009082391957125,0.01298239926782539,1.3454655888594491,-0.9910401379383962,-0.4250147577130797,1.3582894438856787,-0.6679308332270758,-0.5078007830046403,1.5878056431954701,-0.5039032598602688,-0.5896684618314822,1.7366819677269967,-0.5788898726408979,-0.5650320466312655
-0.6709682150067674,-1.4980845385291597,-1.6393229620917782,0.6401101032188468,-0.9910401379383962,-0.4250147577130797,1.3582894438856787,1.497161008675925,-0.5078007830046403,-0.6298000037255774,-0.5039032598602688,-0.5896684618314822,-0.5758106657310548,-0.5788898726408979,1.769811121266526
-0.5374222698394753,-1.0210407254098706,0.9571568914733132,-0.770600868062358,-0.9910401379383962,2.352859475705742,-0.736220107210202,-0.6679308332270758,-0.5078007830046403,1.5878056431954701,-0.5039032598602688,1.6958682119339528,-0.5758106657310548,-0.5788898726408979,-0.5650320466312655
-1.205151995675936,-0.44858814966672356,-0.45910484683491853,-0.06524538242175558,1.0090408669826858,-0.4250147577130797,-0.736220107210202,-0.6679308332270758,-0.5078007830046403,1.5878056431954701,-0.5039032598602688,-0.5896684618314822,1.7366819677269967,-0.5788898726408979,-0.5650320466312655
-0.8045141601740596,-0.782518818850226,-1.6393229620917782,-0.06524538242175558,1.0090408669826858,-0.4250147577130797,-0.736220107210202,-0.6679308332270758,-0.5078007830046403,-0.6298000037255774,1.9845078999435277,-0.5896684618314822,-0.5758106657310548,1.7274442813069022,-0.5650320466312655
0.6644912366661542,0.7440213831314992,1.665287760627429,-0.770600868062358,-0.9910401379383962,2.352859475705742,-0.736220107210202,-0.6679308332270758,-0.5078007830046403,-0.6298000037255774,1.9845078999435277,-0.5896684618314822,-0.5758106657310548,1.7274442813069022,-0.5650320466312655
-1.205151995675936,0.9825432896911438,0.9571568914733132,-1.4759563537029603,-0.9910401379383962,-0.4250147577130797,1.3582894438856787,-0.6679308332270758,1.9692762072618977,-0.6298000037255774,-0.5039032598602688,1.6958682119339528,-0.5758106657310548,-0.5788898726408979,-0.5650320466312655
-0.4706492972558292,-0.40088376835479467,-0.45910484683491853,1.3454655888594491,1.0090408669826858,-0.4250147577130797,-0.736220107210202,-0.6679308332270758,-0.5078007830046403,1.5878056431954701,-0.5039032598602688,1.6958682119339528,-0.5758106657310548,-0.5788898726408979,-0.5650320466312655
1.5325398802535533,-1.1641538693456572,-0.9311920929376625,-1.4759563537029603,1.0090408669826858,-0.4250147577130797,-0.736220107210202,-0.6679308332270758,1.9692762072618977,-0.6298000037255774,-0.5039032598602688,-0.5896684618314822,-0.5758106657310548,-0.5788898726408979,1.769811121266526
-1.4722438860105203,-1.5457889198410886,-0.6951484698862904,0.6401101032188468,1.0090408669826858,-0.4250147577130797,-0.736220107210202,-0.6679308332270758,-0.5078007830046403,-0.6298000037255774,1.9845078999435277,-0.5896684618314822,-0.5758106657310548,-0.5788898726408979,1.769811121266526
0.6644912366661542,-1.1641538693456572,1.665287760627429,-0.06524538242175558,1.0090408669826858,-0.4250147577130797,-0.736220107210202,-0.6679308332270758,1.9692762072618977,-0.6298000037255774,-0.5039032598602688,-0.5896684618314822,-0.5758106657310548,-0.5788898726408979,1.769811121266526
1.1319020447516768,1.5072914841223617,-0.9311920929376625,0.6401101032188468,-0.9910401379383962,-0.4250147577130797,1.3582894438856787,-0.6679308332270758,-0.5078007830046403,1.5878056431954701,-0.5039032598602688,-0.5896684618314822,-0.5758106657310548,-0.5788898726408979,1.769811121266526
-0.4706492972558292,1.6981090093700775,0.9571568914733132,-0.06524538242175558,-0.9910401379383962,2.352859475705742,-0.736220107210202,-0.6679308332270758,-0.5078007830046403,1.5878056431954701,-0.5039032598602688,-0.5896684618314822,-0.5758106657310548,-0.5788898726408979,1.769811121266526
-1.071606050508644,-0.734814437538297,1.4292441375760572,-1.4759563537029603,1.0090408669826858,-0.4250147577130797,-0.736220107210202,-0.6679308332270758,-0.5078007830046403,-0.6298000037255774,1.9845078999435277,1.6958682119339528,-0.5758106657310548,-0.5788898726408979,-0.5650320466312655
0.33062637374792375,0.5532038578837836,1.665287760627429,-0.770600868062358,-0.9910401379383962,-0.4250147577130797,1.3582894438856787,-0.6679308332270758,1.9692762072618977,-0.6298000037255774,-0.5039032598602688,-0.5896684618314822,1.7366819677269967,-0.5788898726408979,-0.5650320466312655
1.6660858254208453,1.3164739588746461,1.4292441375760572,-0.770600868062358,-0.9910401379383962,-0.4250147577130797,1.3582894438856787,-0.6679308332270758,-0.5078007830046403,1.5878056431954701,-0.5039032598602688,1.6958682119339528,-0.5758106657310548,-0.5788898726408979,-0.5650320466312655
-1.3386979408432282,0.6009082391957125,0.01298239926782539,-1.4759563537029603,1.0090408669826858,-0.4250147577130797,-0.736220107210202,-0.6679308332270758,-0.5078007830046403,1.5878056431954701,-0.5039032598602688,-0.5896684618314822,1.7366819677269967,-0.5788898726408979,-0.5650320466312655
-1.1383790230922899,-0.4962925309786525,-0.9311920929376625,-1.4759563537029603,-0.9910401379383962,2.352859475705742,-0.736220107210202,-0.6679308332270758,-0.5078007830046403,1.5878056431954701,-0.5039032598602688,1.6958682119339528,-0.5758106657310548,-0.5788898726408979,-0.5650320466312655
0.6644912366661542,0.12386442607642337,-1.1672357159890343,-1.4759563537029603,1.0090408669826858,-0.4250147577130797,-0.736220107210202,1.497161008675925,-0.5078007830046403,-0.6298000037255774,-0.5039032598602688,-0.5896684618314822,-0.5758106657310548,-0.5788898726408979,1.769811121266526
0.2638534011642777,0.45779509525992573,1.4292441375760572,0.6401101032188468,1.0090408669826858,-0.4250147577130797,-0.736220107210202,-0.6679308332270758,-0.5078007830046403,-0.6298000037255774,1.9845078999435277,-0.5896684618314822,-0.5758106657310548,1.7274442813069022,-0.5650320466312655
1.332220962502615,1.6504046280581486,0.4850696453705693,-1.4759563537029603,-0.9910401379383962,2.352859475705742,-0.736220107210202,-0.6679308332270758,-0.5078007830046403,1.5878056431954701,-0.5039032598602688,-0.5896684618314822,-0.5758106657310548,-0.5788898726408979,1.769811121266526
-0.33710335208853703,0.5054994765718547,1.665287760627429,0.6401101032188468,-0.9910401379383962,2.352859475705742,-0.736220107210202,-0.6679308332270758,-0.5078007830046403,1.5878056431954701,-0.5039032598602688,-0.5896684618314822,-0.5758106657310548,1.7274442813069022,-0.5650320466312655
-1.4722438860105203,-1.0687451067217995,0.01298239926782539,0.6401101032188468,1.0090408669826858,-0.4250147577130797,-0.736220107210202,-0.6679308332270758,1.9692762072618977,-0.6298000037255774,-0.5039032598602688,-0.5896684618314822,-0.5758106657310548,-0.5788898726408979,1.769811121266526
-1.7393357763451047,1.5549958654342908,-0.9311920929376625,-1.4759563537029603,1.0090408669826858,-0.4250147577130797,-0.736220107210202,-0.6679308332270758,-0.5078007830046403,-0.6298000037255774,1.9845078999435277,1.6958682119339528,-0.5758106657310548,-0.5788898726408979,-0.5650320466312655
-1.071606050508644,-1.4980845385291597,-0.6951484698862904,-0.06524538242175558,1.0090408669826858,-0.4250147577130797,-0.736220107210202,1.497161008675925,-0.5078007830046403,-0.6298000037255774,-0.5039032598602688,1.6958682119339528,-0.5758106657310548,-0.5788898726408979,-0.5650320466312655
0.8648101544170924,-0.06695309917129227,1.4292441375760572,1.3454655888594491,-0.9910401379383962,-0.4250147577130797,1.3582894438856787,-0.6679308332270758,-0.5078007830046403,1.5878056431954701,-0.5039032598602688,-0.5896684618314822,1.7366819677269967,-0.5788898726408979,-0.5650320466312655
0.06353448341333943,0.17156880738835228,-0.6951484698862904,-0.06524538242175558,1.0090408669826858,-0.4250147577130797,-0.736220107210202,-0.6679308332270758,-0.5078007830046403,1.5878056431954701,-0.5039032598602688,-0.5896684618314822,-0.5758106657310548,-0.5788898726408979,1.769811121266526
0.6644912366661542,-0.5439969122905814,0.9571568914733132,-0.06524538242175558,-0.9910401379383962,-0.4250147577130797,1.3582894438856787,-0.6679308332270758,1.9692762072618977,-0.6298000037255774,-0.5039032598602688,1.6958682119339528,-0.5758106657310548,-0.5788898726408979,-0.5650320466312655
1.5993128528371992,-1.259562631969515,-0.6951484698862904,0.6401101032188468,-0.9910401379383962,-0.4250147577130797,1.3582894438856787,-0.6679308332270758,-0.5078007830046403,1.5878056431954701,-0.5039032598602688,-0.5896684618314822,1.7366819677269967,-0.5788898726408979,-0.5650320466312655
1.0651290721680307,1.411882721498504,-1.1672357159890343,0.6401101032188468,1.0090408669826858,-0.4250147577130797,-0.736220107210202,1.497161008675925,-0.5078007830046403,-0.6298000037255774,-0.5039032598602688,1.6958682119339528,-0.5758106657310548,-0.5788898726408979,-0.5650320466312655
-0.4038763246721831,1.0779520523150017,1.665287760627429,-0.770600868062358,1.0090408669826858,-0.4250147577130797,-0.736220107210202,1.497161008675925,-0.5078007830046403,-0.6298000037255774,-0.5039032598602688,1.6958682119339528,-0.5758106657310548,-0.5788898726408979,-0.5650320466312655
-1.205151995675936,1.411882721498504,1.4292441375760572,0.6401101032188468,-0.9910401379383962,-0.4250147577130797,1.3582894438856787,-0.6679308332270758,-0.5078007830046403,1.5878056431954701,-0.5039032598602688,1.6958682119339528,-0.5758106657310548,-0.5788898726408979,-0.5650320466312655
1.5325398802535533,-0.25777062441900794,-0.22306122378354656,-0.770600868062358,-0.9910401379383962,-0.4250147577130797,1.3582894438856787,-0.6679308332270758,-0.5078007830046403,1.5878056431954701,-0.5039032598602688,-0.5896684618314822,-0.5758106657310548,1.7274442813069022,-0.5650320466312655
-0.1367844343375988,-1.1164494880337283,0.01298239926782539,1.3454655888594491,1.0090408669826858,-0.4250147577130797,-0.736220107210202,-0.6679308332270758,-0.5078007830046403,-0.6298000037255774,1.9845078999435277,-0.5896684618314822,-0.5758106657310548,1.7274442813069022,-0.5650320466312655
1.4657669076699071,-0.25777062441900794,0.24902602231919735,-0.06524538242175558,-0.9910401379383962,2.352859475705742,-0.736220107210202,-0.6679308332270758,1.9692762072618977,-0.6298000037255774,-0.5039032598602688,-0.5896684618314822,1.7366819677269967,-0.5788898726408979,-0.5650320466312655
0.06353448341333943,0.839430145755357,-1.4032793390404064,1.3454655888594491,-0.9910401379383962,-0.4250147577130797,1.3582894438856787,-0.6679308332270758,-0.5078007830046403,-0.6298000037255774,1.9845078999435277,-0.5896684618314822,-0.5758106657310548,1.7274442813069022,-0.5650320466312655
0.46417231891521593,-1.259562631969515,0.01298239926782539,1.3454655888594491,-0.9910401379383962,-0.4250147577130797,1.3582894438856787,-0.6679308332270758,-0.5078007830046403,-0.6298000037255774,1.9845078999435277,-0.5896684618314822,-0.5758106657310548,-0.5788898726408979,1.769811121266526
-1.4054709134268744,0.2669775700122101,0.01298239926782539,-0.06524538242175558,-0.9910401379383962,-0.4250147577130797,1.3582894438856787,-0.6679308332270758,-0.5078007830046403,1.5878056431954701,-0.5039032598602688,-0.5896684618314822,-0.5758106657310548,-0.5788898726408979,1.769811121266526
0.6644912366661542,0.314681951324139,-0.45910484683491853,1.3454655888594491,1.0090408669826858,-0.4250147577130797,-0.736220107210202,1.497161008675925,-0.5078007830046403,-0.6298000037255774,-0.5039032598602688,1.6958682119339528,-0.5758106657310548,-0.5788898726408979,-0.5650320466312655
1.4657669076699071,-0.9256319627860127,0.4850696453705693,0.6401101032188468,1.0090408669826858,-0.4250147577130797,-0.736220107210202,-0.6679308332270758,1.9692762072618977,-0.6298000037255774,-0.5039032598602688,-0.5896684618314822,1.7366819677269967,-0.5788898726408979,-0.5650320466312655
1.398993935086261,-0.8779275814740838,0.7211132684219412,1.3454655888594491,1.0090408669826858,-0.4250147577130797,-0.736220107210202,1.497161008675925,-0.5078007830046403,-0.6298000037255774,-0.5039032598602688,-0.5896684618314822,1.7366819677269967,-0.5788898726408979,-0.5650320466312655
1.5325398802535533,1.2210651962507884,0.4850696453705693,-0.770600868062358,1.0090408669826858,-0.4250147577130797,-0.736220107210202,-0.6679308332270758,-0.5078007830046403,-0.6298000037255774,1.9845078999435277,-0.5896684618314822,-0.5758106657310548,1.7274442813069022,-0.5650320466312655
0.7312642092498002,-0.06695309917129227,1.665287760627429,1.3454655888594491,1.0090408669826858,-0.4250147577130797,-0.736220107210202,1.497161008675925,-0.5078007830046403,-0.6298000037255774,-0.5039032598602688,-0.5896684618314822,-0.5758106657310548,-0.5788898726408979,1.769811121266526
0.597718264082508,-0.1623618617951501,-0.9311920929376625,-0.06524538242175558,-0.9910401379383962,2.352859475705742,-0.736220107210202,-0.6679308332270758,-0.5078007830046403,-0.6298000037255774,1.9845078999435277,1.6958682119339528,-0.5758106657310548,-0.5788898726408979,-0.5650320466312655
-0.07001146175395272,0.314681951324139,0.01298239926782539,-0.770600868062358,-0.9910401379383962,-0.4250147577130797,1.3582894438856787,-0.6679308332270758,-0.5078007830046403,1.5878056431954701,-0.5039032598602688,-0.5896684618314822,-0.5758106657310548,-0.5788898726408979,1.769811121266526
0.9983560995843845,0.5054994765718547,1.1932005145246851,1.3454655888594491,1.0090408669826858,-0.4250147577130797,-0.736220107210202,-0.6679308332270758,1.9692762072618977,-0.6298000037255774,-0.5039032598602688,-0.5896684618314822,-0.5758106657310548,-0.5788898726408979,1.769811121266526
0.9983560995843845,0.17156880738835228,-0.45910484683491853,-0.770600868062358,1.0090408669826858,-0.4250147577130797,-0.736220107210202,1.497161008675925,-0.5078007830046403,-0.6298000037255774,-0.5039032598602688,-0.5896684618314822,-0.5758106657310548,1.7274442813069022,-0.5650320466312655
1.5325398802535533,1.0779520523150017,0.9571568914733132,-1.4759563537029603,1.0090408669826858,-0.4250147577130797,-0.736220107210202,-0.6679308332270758,1.9692762072618977,-0.6298000037255774,-0.5039032598602688,-0.5896684618314822,-0.5758106657310548,-0.5788898726408979,1.769811121266526
-0.5374222698394753,0.5532038578837836,-1.4032793390404064,0.6401101032188468,1.0090408669826858,-0.4250147577130797,-0.736220107210202,-0.6679308332270758,1.9692762072618977,-0.6298000037255774,-0.5039032598602688,-0.5896684618314822,-0.5758106657310548,-0.5788898726408979,1.769811121266526
1.4657669076699071,0.6963170018195703,-1.4032793390404064,0.6401101032188468,1.0090408669826858,-0.4250147577130797,-0.736220107210202,-0.6679308332270758,-0.5078007830046403,1.5878056431954701,-0.5039032598602688,-0.5896684618314822,-0.5758106657310548,1.7274442813069022,-0.5650320466312655
-1.7393357763451047,-0.734814437538297,0.01298239926782539,-1.4759563537029603,-0.9910401379383962,-0.4250147577130797,1.3582894438856787,-0.6679308332270758,1.9692762072618977,-0.6298000037255774,-0.5039032598602688,-0.5896684618314822,-0.5758106657310548,1.7274442813069022,-0.5650320466312655
0.2638534011642777,-1.2118582506575861,0.01298239926782539,0.6401101032188468,1.0090408669826858,-0.4250147577130797,-0.736220107210202,-0.6679308332270758,-0.5078007830046403,-0.6298000037255774,1.9845078999435277,-0.5896684618314822,1.7366819677269967,-0.5788898726408979,-0.5650320466312655
0.9315831270007384,-1.5457889198410886,-1.6393229620917782,-0.770600868062358,1.0090408669826858,-0.4250147577130797,-0.736220107210202,-0.6679308332270758,1.9692762072618977,-0.6298000037255774,-0.5039032598602688,-0.5896684618314822,1.7366819677269967,-0.5788898726408979,-0.5650320466312655
1.332220962502615,-0.21006624310707903,-0.9311920929376625,-0.06524538242175558,-0.9910401379383962,2.352859475705742,-0.736220107210202,1.497161008675925,-0.5078007830046403,-0.6298000037255774,-0.5039032598602688,-0.5896684618314822,-0.5758106657310548,1.7274442813069022,-0.5650320466312655
-1.3386979408432282,-0.734814437538297,-0.6951484698862904,-0.06524538242175558,1.0090408669826858,-0.4250147577130797,-0.736220107210202,1.497161008675925,-0.5078007830046403,-0.6298000037255774,-0.5039032598602688,1.6958682119339528,-0.5758106657310548,-0.5788898726408979,-0.5650320466312655
1.4657669076699071,-0.1623618617951501,1.4292441375760572,-1.4759563537029603,1.0090408669826858,-0.4250147577130797,-0.736220107210202,-0.6679308332270758,-0.5078007830046403,1.5878056431954701,-0.5039032598602688,-0.5896684618314822,1.7366819677269967,-0.5788898726408979,-0.5650320466312655
0.2638534011642777,-0.11465748048322119,1.665287760627429,-1.4759563537029603,-0.9910401379383962,-0.4250147577130797,1.3582894438856787,-0.6679308332270758,-0.5078007830046403,1.5878056431954701,-0.5039032598602688,-0.5896684618314822,1.7366819677269967,-0.5788898726408979,-0.5650320466312655
0.9983560995843845,1.0302476710030728,1.4292441375760572,1.3454655888594491,1.0090408669826858,-0.4250147577130797,-0.736220107210202,-0.6679308332270758,-0.5078007830046403,1.5878056431954701,-0.5039032598602688,1.6958682119339528,-0.5758106657310548,-0.5788898726408979,-0.5650320466312655
-1.0048330779249979,0.3623863326360679,-0.22306122378354656,0.6401101032188468,-0.9910401379383962,-0.4250147577130797,1.3582894438856787,-0.6679308332270758,-0.5078007830046403,1.5878056431954701,-0.5039032598602688,-0.5896684618314822,1.7366819677269967,-0.5788898726408979,-0.5650320466312655
-1.1383790230922899,0.3623863326360679,1.1932005145246851,0.6401101032188468,1.0090408669826858,-0.4250147577130797,-0.736220107210202,-0.6679308332270758,-0.5078007830046403,-0.6298000037255774,1.9845078999435277,-0.5896684618314822,-0.5758106657310548,1.7274442813069022,-0.5650320466312655
-1.3386979408432282,0.12386442607642337,1.1932005145246851,0.6401101032188468,1.0090408669826858,-0.4250147577130797,-0.736220107210202,-0.6679308332270758,-0.5078007830046403,1.5878056431954701,-0.5039032598602688,-0.5896684618314822,-0.5758106657310548,-0.5788898726408979,1.769811121266526
0.597718264082508,0.2669775700122101,0.01298239926782539,-0.06524538242175558,-0.9910401379383962,-0.4250147577130797,1.3582894438856787,-0.6679308332270758,-0.5078007830046403,1.5878056431954701,-0.5039032598602688,-0.5896684618314822,-0.5758106657310548,1.7274442813069022,-0.5650320466312655
-1.5390168585941664,-1.1164494880337283,0.01298239926782539,-1.4759563537029603,-0.9910401379383962,-0.4250147577130797,1.3582894438856787,-0.6679308332270758,-0.5078007830046403,-0.6298000037255774,1.9845078999435277,-0.5896684618314822,-0.5758106657310548,1.7274442813069022,-0.5650320466312655
0.1970804285806316,1.411882721498504,-0.22306122378354656,-0.06524538242175558,-0.9910401379383962,-0.4250147577130797,1.3582894438856787,1.497161008675925,-0.5078007830046403,-0.6298000037255774,-0.5039032598602688,1.6958682119339528,-0.5758106657310548,-0.5788898726408979,-0.5650320466312655
-1.7393357763451047,-1.4503801572172308,0.01298239926782539,-0.770600868062358,1.0090408669826858,-0.4250147577130797,-0.736220107210202,-0.6679308332270758,-0.5078007830046403,1.5878056431954701,-0.5039032598602688,-0.5896684618314822,1.7366819677269967,-0.5788898726408979,-0.5650320466312655
0.33062637374792375,-0.9733363440979416,-0.9311920929376625,-1.4759563537029603,-0.9910401379383962,-0.4250147577130797,1.3582894438856787,-0.6679308332270758,-0.5078007830046403,1.5878056431954701,-0.5039032598602688,-0.5896684618314822,-0.5758106657310548,1.7274442813069022,-0.5650320466312655
-1.6057898311778125,0.7917257644434281,-0.6951484698862904,0.6401101032188468,-0.9910401379383962,2.352859475705742,-0.736220107210202,1.497161008675925,-0.5078007830046403,-0.6298000037255774,-0.5039032598602688,-0.5896684618314822,1.7366819677269967,-0.5788898726408979,-0.5650320466312655
-0.9380601053413518,1.0302476710030728,0.7211132684219412,-1.4759563537029603,-0.9910401379383962,-0.4250147577130797,1.3582894438856787,-0.6679308332270758,-0.5078007830046403,1.5878056431954701,-0.5039032598602688,-0.5896684618314822,-0.5758106657310548,-0.5788898726408979,1.769811121266526
0.9315831270007384,0.6009082391957125,-0.6951484698862904,1.3454655888594491,-0.9910401379383962,2.352859475705742,-0.736220107210202,-0.6679308332270758,1.9692762072618977,-0.6298000037255774,-0.5039032598602688,-0.5896684618314822,-0.5758106657310548,1.7274442813069022,-0.5650320466312655
-0.8712871327577056,-0.9256319627860127,1.4292441375760572,-0.770600868062358,1.0090408669826858,-0.4250147577130797,-0.736220107210202,-0.6679308332270758,-0.5078007830046403,-0.6298000037255774,1.9845078999435277,-0.5896684618314822,-0.5758106657310548,-0.5788898726408979,1.769811121266526
0.3973993463315698,-0.5439969122905814,-1.1672357159890343,-0.06524538242175558,1.0090408669826858,-0.4250147577130797,-0.736220107210202,-0.6679308332270758,-0.5078007830046403,-0.6298000037255774,1.9845078999435277,-0.5896684618314822,-0.5758106657310548,-0.5788898726408979,1.769811121266526
1.1986750173353227,-1.1641538693456572,-0.9311920929376625,0.6401101032188468,-0.9910401379383962,-0.4250147577130797,1.3582894438856787,1.497161008675925,-0.5078007830046403,-0.6298000037255774,-0.5039032598602688,1.6958682119339528,-0.5758106657310548,-0.5788898726408979,-0.5650320466312655
1.0651290721680307,0.6963170018195703,0.7211132684219412,-0.770600868062358,-0.9910401379383962,-0.4250147577130797,1.3582894438856787,1.497161008675925,-0.5078007830046403,-0.6298000037255774,-0.5039032598602688,-0.5896684618314822,1.7366819677269967,-0.5788898726408979,-0.5650320466312655
-0.8045141601740596,1.2210651962507884,-0.22306122378354656,-0.770600868062358,1.0090408669826858,-0.4250147577130797,-0.736220107210202,1.497161008675925,-0.5078007830046403,-0.6298000037255774,-0.5039032598602688,-0.5896684618314822,-0.5758106657310548,-0.5788898726408979,1.769811121266526
-0.4706492972558292,-1.4503801572172308,-1.6393229620917782,0.6401101032188468,-0.9910401379383962,-0.4250147577130797,1.3582894438856787,-0.6679308332270758,-0.5078007830046403,-0.6298000037255774,1.9845078999435277,-0.5896684618314822,1.7366819677269967,-0.5788898726408979,-0.5650320466312655
-1.3386979408432282,-0.9733363440979416,-0.45910484683491853,-0.770600868062358,-0.9910401379383962,-0.4250147577130797,1.3582894438856787,-0.6679308332270758,-0.5078007830046403,1.5878056431954701,-0.5039032598602688,-0.5896684618314822,-0.5758106657310548,-0.5788898726408979,1.769811121266526
1.332220962502615,0.5532038578837836,1.1932005145246851,0.6401101032188468,-0.9910401379383962,2.352859475705742,-0.736220107210202,1.497161008675925,-0.5078007830046403,-0.6298000037255774,-0.5039032598602688,1.6958682119339528,-0.5758106657310548,-0.5788898726408979,-0.5650320466312655
0.6644912366661542,0.5532038578837836,-1.4032793390404064,0.6401101032188468,1.0090408669826858,-0.4250147577130797,-0.736220107210202,-0.6679308332270758,-0.5078007830046403,-0.6298000037255774,1.9845078999435277,-0.5896684618314822,1.7366819677269967,-0.5788898726408979,-0.5650320466312655
1.6660858254208453,-0.5917012936025103,0.01298239926782539,-0.770600868062358,1.0090408669826858,-0.4250147577130797,-0.736220107210202,-0.6679308332270758,-0.5078007830046403,1.5878056431954701,-0.5039032598602688,1.6958682119339528,-0.5758106657310548,-0.5788898726408979,-0.5650320466312655
-0.20355740692124488,0.3623863326360679,0.4850696453705693,0.6401101032188468,-0.9910401379383962,2.352859475705742,-0.736220107210202,1.497161008675925,-0.5078007830046403,-0.6298000037255774,-0.5039032598602688,-0.5896684618314822,1.7366819677269967,-0.5788898726408979,-0.5650320466312655
0.3973993463315698,0.41009071394799684,0.01298239926782539,-0.770600868062358,1.0090408669826858,-0.4250147577130797,-0.736220107210202,-0.6679308332270758,1.9692762072618977,-0.6298000037255774,-0.5039032598602688,1.6958682119339528,-0.5758106657310548,-0.5788898726408979,-0.5650320466312655
0.5309452914988619,-1.4503801572172308,1.665287760627429,-1.4759563537029603,1.0090408669826858,-0.4250147577130797,-0.736220107210202,1.497161008675925,-0.5078007830046403,-0.6298000037255774,-0.5039032598602688,-0.5896684618314822,-0.5758106657310548,-0.5788898726408979,1.769811121266526
-0.33710335208853703,-1.259562631969515,1.4292441375760572,-0.770600868062358,1.0090408669826858,-0.4250147577130797,-0.736220107210202,1.497161008675925,-0.5078007830046403,-0.6298000037255774,-0.5039032598602688,-0.5896684618314822,-0.5758106657310548,1.7274442813069022,-0.5650320466312655
-0.1367844343375988,-1.5457889198410886,1.665287760627429,-1.4759563537029603,-0.9910401379383962,2.352859475705742,-0.736220107210202,-0.6679308332270758,-0.5078007830046403,1.5878056431954701,-0.5039032598602688,-0.5896684618314822,-0.5758106657310548,-0.5788898726408979,1.769811121266526
0.46417231891521593,1.4595871028104328,0.7211132684219412,0.6401101032188468,-0.9910401379383962,2.352859475705742,-0.736220107210202,-0.6679308332270758,-0.5078007830046403,-0.6298000037255774,1.9845078999435277,-0.5896684618314822,1.7366819677269967,-0.5788898726408979,-0.5650320466312655
-1.6725628037614586,0.839430145755357,0.24902602231919735,-0.06524538242175558,-0.9910401379383962,-0.4250147577130797,1.3582894438856787,1.497161008675925,-0.5078007830046403,-0.6298000037255774,-0.5039032598602688,-0.5896684618314822,-0.5758106657310548,-0.5788898726408979,1.769811121266526
0.6644912366661542,0.5054994765718547,-1.1672357159890343,1.3454655888594491,1.0090408669826858,-0.4250147577130797,-0.736220107210202,-0.6679308332270758,1.9692762072618977,-0.6298000037255774,-0.5039032598602688,-0.5896684618314822,-0.5758106657310548,-0.5788898726408979,1.769811121266526
-0.8045141601740596,1.5072914841223617,0.01298239926782539,-0.770600868062358,1.0090408669826858,-0.4250147577130797,-0.736220107210202,-0.6679308332270758,-0.5078007830046403,-0.6298000037255774,1.9845078999435277,-0.5896684618314822,-0.5758106657310548,1.7274442813069022,-0.5650320466312655
-1.3386979408432282,-1.1641538693456572,-0.6951484698862904,1.3454655888594491,1.0090408669826858,-0.4250147577130797,-0.736220107210202,-0.6679308332270758,-0.5078007830046403,-0.6298000037255774,1.9845078999435277,-0.5896684618314822,1.7366819677269967,-0.5788898726408979,-0.5650320466312655
0.06353448341333943,1.3164739588746461,-0.22306122378354656,-1.4759563537029603,-0.9910401379383962,-0.4250147577130797,1.3582894438856787,1.497161008675925,-0.5078007830046403,-0.6298000037255774,-0.5039032598602688,-0.5896684618314822,1.7366819677269967,-0.5788898726408979,-0.5650320466312655
0.06353448341333943,1.3164739588746461,-0.45910484683491853,-0.06524538242175558,1.0090408669826858,-0.4250147577130797,-0.736220107210202,-0.6679308332270758,1.9692762072618977,-0.6298000037255774,-0.5039032598602688,-0.5896684618314822,-0.5758106657310548,-0.5788898726408979,1.769811121266526
1.0651290721680307,-0.9256319627860127,1.1932005145246851,-0.06524538242175558,-0.9910401379383962,2.352859475705742,-0.736220107210202,-0.6679308332270758,-0.5078007830046403,-0.6298000037255774,1.9845078999435277,-0.5896684618314822,-0.5758106657310548,1.7274442813069022,-0.5650320466312655
0.7312642092498002,-1.259562631969515,-0.9311920929376625,-1.4759563537029603,1.0090408669826858,-0.4250147577130797,-0.736220107210202,-0.6679308332270758,1.9692762072618977,-0.6298000037255774,-0.5039032598602688,-0.5896684618314822,-0.5758106657310548,1.7274442813069022,-0.5650320466312655
-0.8045141601740596,1.6504046280581486,0.01298239926782539,-0.06524538242175558,-0.9910401379383962,-0.4250147577130797,1.3582894438856787,-0.6679308332270758,1.9692762072618977,-0.6298000037255774,-0.5039032598602688,1.6958682119339528,-0.5758106657310548,-0.5788898726408979,-0.5650320466312655
-0.7377411875904135,-0.3531793870428657,1.4292441375760572,-0.06524538242175558,-0.9910401379383962,-0.4250147577130797,1.3582894438856787,-0.6679308332270758,-0.5078007830046403,1.5878056431954701,-0.5039032598602688,1.6958682119339528,-0.5758106657310548,-0.5788898726408979,-0.5650320466312655
1.5993128528371992,-0.1623618617951501,-0.9311920929376625,-0.770600868062358,-0.9910401379383962,-0.4250147577130797,1.3582894438856787,1.497161008675925,-0.5078007830046403,-0.6298000037255774,-0.5039032598602688,1.6958682119339528,-0.5758106657310548,-0.5788898726408979,-0.5650320466312655
-1.2719249682595821,0.314681951324139,-0.22306122378354656,-0.06524538242175558,-0.9910401379383962,-0.4250147577130797,1.3582894438856787,1.497161008675925,-0.5078007830046403,-0.6298000037255774,-0.5039032598602688,-0.5896684618314822,1.7366819677269967,-0.5788898726408979,-0.5650320466312655
1.1986750173353227,0.5532038578837836,0.9571568914733132,-1.4759563537029603,-0.9910401379383962,-0.4250147577130797,1.3582894438856787,-0.6679308332270758,-0.5078007830046403,1.5878056431954701,-0.5039032598602688,1.6958682119339528,-0.5758106657310548,-0.5788898726408979,-0.5650320466312655
0.9315831270007384,-1.307267013281444,-0.9311920929376625,1.3454655888594491,1.0090408669826858,-0.4250147577130797,-0.736220107210202,-0.6679308332270758,1.9692762072618977,-0.6298000037255774,-0.5039032598602688,1.6958682119339528,-0.5758106657310548,-0.5788898726408979,-0.5650320466312655
-1.4722438860105203,-1.0210407254098706,-0.45910484683491853,0.6401101032188468,-0.9910401379383962,-0.4250147577130797,1.3582894438856787,-0.6679308332270758,-0.5078007830046403,1.5878056431954701,-0.5039032598602688,-0.5896684618314822,-0.5758106657310548,1.7274442813069022,-0.5650320466312655
0.7980371818334463,-1.4980845385291597,-0.6951484698862904,1.3454655888594491,1.0090408669826858,-0.4250147577130797,-0.736220107210202,-0.6679308332270758,-0.5078007830046403,-0.6298000037255774,1.9845078999435277,1.6958682119339528,-0.5758106657310548,-0.5788898726408979,-0.5650320466312655
-1.6057898311778125,-0.30547500573093683,1.1932005145246851,-1.4759563537029603,1.0090408669826858,-0.4250147577130797,-0.736220107210202,1.497161008675925,-0.5078007830046403,-0.6298000037255774,-0.5039032598602688,-0.5896684618314822,1.7366819677269967,-0.5788898726408979,-0.5650320466312655
-0.6041952424231214,1.3164739588746461,-0.22306122378354656,-0.770600868062358,-0.9910401379383962,2.352859475705742,-0.736220107210202,1.497161008675925,-0.5078007830046403,-0.6298000037255774,-0.5039032598602688,-0.5896684618314822,-0.5758106657310548,-0.5788898726408979,1.769811121266526
-1.4722438860105203,-0.21006624310707903,-1.4032793390404064,-0.06524538242175558,1.0090408669826858,-0.4250147577130797,-0.736220107210202,-0.6679308332270758,1.9692762072618977,-0.6298000037255774,-0.5039032598602688,-0.5896684618314822,-0.5758106657310548,-0.5788898726408979,1.769811121266526
-0.20355740692124488,-1.0210407254098706,-0.6951484698862904,0.6401101032188468,-0.9910401379383962,2.352859475705742,-0.736220107210202,-0.6679308332270758,-0.5078007830046403,1.5878056431954701,-0.5039032598602688,-0.5896684618314822,-0.5758106657310548,-0.5788898726408979,1.769811121266526
-1.6725628037614586,-1.402675775905302,0.7211132684219412,-0.770600868062358,-0.9910401379383962,-0.4250147577130797,1.3582894438856787,-0.6679308332270758,1.9692762072618977,-0.6298000037255774,-0.5039032598602688,-0.5896684618314822,1.7366819677269967,-0.5788898726408979,-0.5650320466312655
-0.27033037950489097,0.8871345270672859,0.9571568914733132,-0.06524538242175558,1.0090408669826858,-0.4250147577130797,-0.736220107210202,-0.6679308332270758,-0.5078007830046403,1.5878056431954701,-0.5039032598602688,-0.5896684618314822,-0.5758106657310548,1.7274442813069022,-0.5650320466312655
-1.1383790230922899,1.6027002467462197,-0.6951484698862904,-1.4759563537029603,-0.9910401379383962,2.352859475705742,-0.736220107210202,-0.6679308332270758,-0.5078007830046403,1.5878056431954701,-0.5039032598602688,-0.5896684618314822,1.7366819677269967,-0.5788898726408979,-0.5650320466312655
-1.205151995675936,-1.0687451067217995,0.01298239926782539,0.6401101032188468,1.0090408669826858,-0.4250147577130797,-0.736220107210202,1.497161008675925,-0.5078007830046403,-0.6298000037255774,-0.5039032598602688,1.6958682119339528,-0.5758106657310548,-0.5788898726408979,-0.5650320466312655
0.597718264082508,-1.0210407254098706,1.1932005145246851,0.6401101032188468,1.0090408669826858,-0.4250147577130797,-0.736220107210202,1.497161008675925,-0.5078007830046403,-0.6298000037255774,-0.5039032598602688,-0.5896684618314822,-0.5758106657310548,-0.5788898726408979,1.769811121266526
1.0651290721680307,0.839430145755357,0.4850696453705693,1.3454655888594491,-0.9910401379383962,2.352859475705742,-0.736220107210202,-0.6679308332270758,-0.5078007830046403,1.5878056431954701,-0.5039032598602688,-0.5896684618314822,-0.5758106657310548,1.7274442813069022,-0.5650320466312655
-1.071606050508644,-0.40088376835479467,-1.6393229620917782,-0.06524538242175558,-0.9910401379383962,-0.4250147577130797,1.3582894438856787,-0.6679308332270758,-0.5078007830046403,-0.6298000037255774,1.9845078999435277,-0.5896684618314822,-0.5758106657310548,-0.5788898726408979,1.769811121266526
-1.7393357763451047,-0.019248717859363367,1.4292441375760572,0.6401101032188468,1.0090408669826858,-0.4250147577130797,-0.736220107210202,-0.6679308332270758,1.9692762072618977,-0.6298000037255774,-0.5039032598602688,-0.5896684618314822,-0.5758106657310548,1.7274442813069022,-0.5650320466312655
-0.07001146175395272,-0.25777062441900794,1.1932005145246851,-0.06524538242175558,-0.9910401379383962,2.352859475705742,-0.736220107210202,-0.6679308332270758,-0.5078007830046403,1.5878056431954701,-0.5039032598602688,-0.5896684618314822,-0.5758106657310548,-0.5788898726408979,1.769811121266526
-0.8045141601740596,-0.21006624310707903,0.4850696453705693,-1.4759563537029603,1.0090408669826858,-0.4250147577130797,-0.736220107210202,1.497161008675925,-0.5078007830046403,-0.6298000037255774,-0.5039032598602688,1.6958682119339528,-0.5758106657310548,-0.5788898726408979,-0.5650320466312655
0.5309452914988619,1.5549958654342908,0.01298239926782539,-0.06524538242175558,1.0090408669826858,-0.4250147577130797,-0.736220107210202,1.497161008675925,-0.5078007830046403,-0.6298000037255774,-0.5039032598602688,-0.5896684618314822,-0.5758106657310548,-0.5788898726408979,1.769811121266526
1.6660858254208453,0.12386442607642337,-0.22306122378354656,-1.4759563537029603,1.0090408669826858,-0.4250147577130797,-0.736220107210202,1.497161008675925,-0.5078007830046403,-0.6298000037255774,-0.5039032598602688,-0.5896684618314822,1.7366819677269967,-0.5788898726408979,-0.5650320466312655
-0.8712871327577056,0.8871345270672859,0.7211132684219412,-0.770600868062358,-0.9910401379383962,-0.4250147577130797,1.3582894438856787,-0.6679308332270758,-0.5078007830046403,-0.6298000037255774,1.9845078999435277,-0.5896684618314822,-0.5758106657310548,-0.5788898726408979,1.769811121266526
0.1303074559969855,0.314681951324139,-0.6951484698862904,-1.4759563537029603,1.0090408669826858,-0.4250147577130797,-0.736220107210202,1.497161008675925,-0.5078007830046403,-0.6298000037255774,-0.5039032598602688,-0.5896684618314822,1.7366819677269967,-0.5788898726408979,-0.5650320466312655
-1.5390168585941664,-0.30547500573093683,0.9571568914733132,-0.770600868062358,-0.9910401379383962,-0.4250147577130797,1.3582894438856787,-0.6679308332270758,1.9692762072618977,-0.6298000037255774,-0.5039032598602688,-0.5896684618314822,-0.5758106657310548,-0.5788898726408979,1.769811121266526
-0.4038763246721831,-0.5917012936025103,0.24902602231919735,0.6401101032188468,1.0090408669826858,-0.4250147577130797,-0.736220107210202,-0.6679308332270758,1.9692762072618977,-0.6298000037255774,-0.5039032598602688,-0.5896684618314822,-0.5758106657310548,1.7274442813069022,-0.5650320466312655
-1.7393357763451047,-0.8779275814740838,1.4292441375760572,1.3454655888594491,1.0090408669826858,-0.4250147577130797,-0.736220107210202,1.497161008675925,-0.5078007830046403,-0.6298000037255774,-0.5039032598602688,1.6958682119339528,-0.5758106657310548,-0.5788898726408979,-0.5650320466312655
1.1319020447516768,-0.5439969122905814,0.9571568914733132,-1.4759563537029603,-0.9910401379383962,-0.4250147577130797,1.3582894438856787,-0.6679308332270758,1.9692762072618977,-0.6298000037255774,-0.5039032598602688,1.6958682119339528,-0.5758106657310548,-0.5788898726408979,-0.5650320466312655
0.597718264082508,-1.4503801572172308,0.4850696453705693,-0.06524538242175558,-0.9910401379383962,-0.4250147577130797,1.3582894438856787,-0.6679308332270758,-0.5078007830046403,1.5878056431954701,-0.5039032598602688,-0.5896684618314822,-0.5758106657310548,-0.5788898726408979,1.769811121266526
0.06353448341333943,0.7917257644434281,-1.6393229620917782,-1.4759563537029603,1.0090408669826858,-0.4250147577130797,-0.736220107210202,-0.6679308332270758,-0.5078007830046403,-0.6298000037255774,1.9845078999435277,-0.5896684618314822,1.7366819677269967,-0.5788898726408979,-0.5650320466312655
0.1970804285806316,-0.44858814966672356,-1.1672357159890343,-0.06524538242175558,1.0090408669826858,-0.4250147577130797,-0.736220107210202,-0.6679308332270758,-0.5078007830046403,-0.6298000037255774,1.9845078999435277,-0.5896684618314822,-0.5758106657310548,-0.5788898726408979,1.769811121266526
-1.6725628037614586,0.7440213831314992,1.1932005145246851,-0.770600868062358,-0.9910401379383962,-0.4250147577130797,1.3582894438856787,1.497161008675925,-0.5078007830046403,-0.6298000037255774,-0.5039032598602688,1.6958682119339528,-0.5758106657310548,-0.5788898726408979,-0.5650320466312655
-0.1367844343375988,-0.3531793870428657,1.1932005145246851,-1.4759563537029603,1.0090408669826858,-0.4250147577130797,-0.736220107210202,-0.6679308332270758,-0.5078007830046403,1.5878056431954701,-0.5039032598602688,-0.5896684618314822,1.7366819677269967,-0.5788898726408979,-0.5650320466312655
0.1303074559969855,-0.5917012936025103,-0.22306122378354656,0.6401101032188468,1.0090408669826858,-0.4250147577130797,-0.736220107210202,-0.6679308332270758,-0.5078007830046403,1.5878056431954701,-0.5039032598602688,-0.5896684618314822,-0.5758106657310548,1.7274442813069022,-0.5650320466312655
-0.27033037950489097,0.5532038578837836,0.9571568914733132,-0.06524538242175558,1.0090408669826858,-0.4250147577130797,-0.736220107210202,-0.6679308332270758,-0.5078007830046403,-0.6298000037255774,1.9845078999435277,1.6958682119339528,-0.5758106657310548,-0.5788898726408979,-0.5650320466312655
-0.6709682150067674,0.7440213831314992,-1.4032793390404064,-1.4759563537029603,1.0090408669826858,-0.4250147577130797,-0.736220107210202,1.497161008675925,-0.5078007830046403,-0.6298000037255774,-0.5039032598602688,-0.5896684618314822,-0.5758106657310548,1.7274442813069022,-0.5650320466312655
-0.5374222698394753,0.3623863326360679,-1.1672357159890343,1.3454655888594491,1.0090408669826858,-0.4250147577130797,-0.736220107210202,-0.6679308332270758,-0.5078007830046403,1.5878056431954701,-0.5039032598602688,1.6958682119339528,-0.5758106657310548,-0.5788898726408979,-0.5650320466312655
1.1986750173353227,0.7440213831314992,1.665287760627429,1.3454655888594491,-0.9910401379383962,2.352859475705742,-0.736220107210202,-0.6679308332270758,1.9692762072618977,-0.6298000037255774,-0.5039032598602688,-0.5896684618314822,1.7366819677269967,-0.5788898726408979,-0.5650320466312655
-0.07001146175395272,0.839430145755357,0.01298239926782539,0.6401101032188468,1.0090408669826858,-0.4250147577130797,-0.736220107210202,1.497161008675925,-0.5078007830046403,-0.6298000037255774,-0.5039032598602688,-0.5896684618314822,1.7366819677269967,-0.5788898726408979,-0.5650320466312655
0.06353448341333943,-1.1641538693456572,-1.4032793390404064,1.3454655888594491,-0.9910401379383962,2.352859475705742,-0.736220107210202,-0.6679308332270758,-0.5078007830046403,1.5878056431954701,-0.5039032598602688,-0.5896684618314822,-0.5758106657310548,-0.5788898726408979,1.769811121266526
0.46417231891521593,1.6504046280581486,0.01298239926782539,-0.06524538242175558,-0.9910401379383962,-0.4250147577130797,1.3582894438856787,-0.6679308332270758,1.9692762072618977,-0.6298000037255774,-0.5039032598602688,1.6958682119339528,-0.5758106657310548,-0.5788898726408979,-0.5650320466312655
0.9315831270007384,-0.6394056749144392,-1.1672357159890343,1.3454655888594491,-0.9910401379383962,-0.4250147577130797,1.3582894438856787,-0.6679308332270758,-0.5078007830046403,1.5878056431954701,-0.5039032598602688,-0.5896684618314822,-0.5758106657310548,1.7274442813069022,-0.5650320466312655
1.5325398802535533,-0.6871100562263681,0.9571568914733132,-0.06524538242175558,-0.9910401379383962,-0.4250147577130797,1.3582894438856787,-0.6679308332270758,1.9692762072618977,-0.6298000037255774,-0.5039032598602688,-0.5896684618314822,-0.5758106657310548,-0.5788898726408979,1.769811121266526
-1.3386979408432282,1.6027002467462197,0.4850696453705693,-0.770600868062358,-0.9910401379383962,2.352859475705742,-0.736220107210202,-0.6679308332270758,1.9692762072618977,-0.6298000037255774,-0.5039032598602688,1.6958682119339528,-0.5758106657310548,-0.5788898726408979,-0.5650320466312655
-1.6057898311778125,-1.4980845385291597,0.4850696453705693,-0.06524538242175558,-0.9910401379383962,-0.4250147577130797,1.3582894438856787,1.497161008675925,-0.5078007830046403,-0.6298000037255774,-0.5039032598602688,-0.5896684618314822,-0.5758106657310548,-0.5788898726408979,1.769811121266526
-1.0048330779249979,0.314681951324139,0.24902602231919735,0.6401101032188468,-0.9910401379383962,-0.4250147577130797,1.3582894438856787,-0.6679308332270758,-0.5078007830046403,-0.6298000037255774,1.9845078999435277,-0.5896684618314822,-0.5758106657310548,1.7274442813069022,-0.5650320466312655
0.33062637374792375,-0.734814437538297,0.01298239926782539,1.3454655888594491,-0.9910401379383962,-0.4250147577130797,1.3582894438856787,-0.6679308332270758,-0.5078007830046403,1.5878056431954701,-0.5039032598602688,-0.5896684618314822,-0.5758106657310548,-0.5788898726408979,1.769811121266526
-0.7377411875904135,-0.019248717859363367,-0.6951484698862904,-1.4759563537029603,-0.9910401379383962,-0.4250147577130797,1.3582894438856787,-0.6679308332270758,1.9692762072618977,-0.6298000037255774,-0.5039032598602688,-0.5896684618314822,-0.5758106657310548,1.7274442813069022,-0.5650320466312655
0.33062637374792375,0.839430145755357,-1.6393229620917782,1.3454655888594491,-0.9910401379383962,-0.4250147577130797,1.3582894438856787,-0.6679308332270758,-0.5078007830046403,-0.6298000037255774,1.9845078999435277,1.6958682119339528,-0.5758106657310548,-0.5788898726408979,-0.5650320466312655
-1.071606050508644,1.3164739588746461,-1.6393229620917782,0.6401101032188468,-0.9910401379383962,2.352859475705742,-0.736220107210202,1.497161008675925,-0.5078007830046403,-0.6298000037255774,-0.5039032598602688,-0.5896684618314822,-0.5758106657310548,-0.5788898726408979,1.769811121266526
-1.7393357763451047,-1.6411976824649464,-1.6393229620917782,-1.4759563537029603,1.0090408669826858,-0.4250147577130797,-0.736220107210202,-0.6679308332270758,-0.5078007830046403,1.5878056431954701,-0.5039032598602688,-0.5896684618314822,-0.5758106657310548,-0.5788898726408979,1.769811121266526
-0.33710335208853703,-0.40088376835479467,-0.45910484683491853,-0.770600868062358,1.0090408669826858,-0.4250147577130797,-0.736220107210202,1.497161008675925,-0.5078007830046403,-0.6298000037255774,-0.5039032598602688,1.6958682119339528,-0.5758106657310548,-0.5788898726408979,-0.5650320466312655
-0.8045141601740596,0.45779509525992573,-1.6393229620917782,0.6401101032188468,-0.9910401379383962,-0.4250147577130797,1.3582894438856787,1.497161008675925,-0.5078007830046403,-0.6298000037255774,-0.5039032598602688,1.6958682119339528,-0.5758106657310548,-0.5788898726408979,-0.5650320466312655
-0.5374222698394753,0.028455663452565543,0.9571568914733132,-0.06524538242175558,1.0090408669826858,-0.4250147577130797,-0.736220107210202,-0.6679308332270758,-0.5078007830046403,-0.6298000037255774,1.9845078999435277,-0.5896684618314822,-0.5758106657310548,-0.5788898726408979,1.769811121266526
-0.7377411875904135,-1.3549713945933728,0.24902602231919735,-0.770600868062358,-0.9910401379383962,-0.4250147577130797,1.3582894438856787,-0.6679308332270758,1.9692762072618977,-0.6298000037255774,-0.5039032598602688,1.6958682119339528,-0.5758106657310548,-0.5788898726408979,-0.5650320466312655
-0.9380601053413518,-1.5457889198410886,-0.6951484698862904,-1.4759563537029603,1.0090408669826858,-0.4250147577130797,-0.736220107210202,1.497161008675925,-0.5078007830046403,-0.6298000037255774,-0.5039032598602688,1.6958682119339528,-0.5758106657310548,-0.5788898726408979,-0.5650320466312655
0.5309452914988619,-0.1623618617951501,-1.4032793390404064,1.3454655888594491,-0.9910401379383962,-0.4250147577130797,1.3582894438856787,-0.6679308332270758,-0.5078007830046403,1.5878056431954701,-0.5039032598602688,-0.5896684618314822,-0.5758106657310548,-0.5788898726408979,1.769811121266526
1.6660858254208453,-1.307267013281444,-1.1672357159890343,1.3454655888594491,1.0090408669826858,-0.4250147577130797,-0.736220107210202,1.497161008675925,-0.5078007830046403,-0.6298000037255774,-0.5039032598602688,-0.5896684618314822,-0.5758106657310548,1.7274442813069022,-0.5650320466312655
1.5325398802535533,0.7440213831314992,-0.22306122378354656,0.6401101032188468,1.0090408669826858,-0.4250147577130797,-0.736220107210202,-0.6679308332270758,-0.5078007830046403,-0.6298000037255774,1.9845078999435277,-0.5896684618314822,1.7366819677269967,-0.5788898726408979,-0.5650320466312655
0.7980371818334463,0.028455663452565543,0.24902602231919735,-0.770600868062358,-0.9910401379383962,-0.4250147577130797,1.3582894438856787,-0.6679308332270758,-0.5078007830046403,1.5878056431954701,-0.5039032598602688,-0.5896684618314822,1.7366819677269967,-0.5788898726408979,-0.5650320466312655
-1.6725628037614586,1.1733608149388595,0.01298239926782539,-0.770600868062358,-0.9910401379383962,2.352859475705742,-0.736220107210202,-0.6679308332270758,-0.5078007830046403,1.5878056431954701,-0.5039032598602688,-0.5896684618314822,-0.5758106657310548,1.7274442813069022,-0.5650320466312655
-0.6709682150067674,-0.8302232001621549,0.24902602231919735,1.3454655888594491,1.0090408669826858,-0.4250147577130797,-0.736220107210202,1.497161008675925,-0.5078007830046403,-0.6298000037255774,-0.5039032598602688,-0.5896684618314822,1.7366819677269967,-0.5788898726408979,-0.5650320466312655
-1.2719249682595821,-0.8302232001621549,0.7211132684219412,-1.4759563537029603,1.0090408669826858,-0.4250147577130797,-0.736220107210202,-0.6679308332270758,-0.5078007830046403,1.5878056431954701,-0.5039032598602688,-0.5896684618314822,1.7366819677269967,-0.5788898726408979,-0.5650320466312655
-0.07001146175395272,-0.3531793870428657,1.665287760627429,-1.4759563537029603,-0.9910401379383962,-0.4250147577130797,1.3582894438856787,1.497161008675925,-0.5078007830046403,-0.6298000037255774,-0.5039032598602688,1.6958682119339528,-0.5758106657310548,-0.5788898726408979,-0.5650320466312655
0.3973993463315698,-0.6871100562263681,0.01298239926782539,-1.4759563537029603,-0.9910401379383962,-0.4250147577130797,1.3582894438856787,1.497161008675925,-0.5078007830046403,-0.6298000037255774,-0.5039032598602688,-0.5896684618314822,-0.5758106657310548,-0.5788898726408979,1.769811121266526
0.46417231891521593,-0.782518818850226,0.9571568914733132,1.3454655888594491,-0.9910401379383962,-0.4250147577130797,1.3582894438856787,1.497161008675925,-0.5078007830046403,-0.6298000037255774,-0.5039032598602688,1.6958682119339528,-0.5758106657310548,-0.5788898726408979,-0.5650320466312655
-0.7377411875904135,1.1256564336269306,-0.45910484683491853,1.3454655888594491,1.0090408669826858,-0.4250147577130797,-0.736220107210202,1.497161008675925,-0.5078007830046403,-0.6298000037255774,-0.5039032598602688,-0.5896684618314822,-0.5758106657310548,1.7274442813069022,-0.5650320466312655
1.2654479899189688,1.3164739588746461,0.9571568914733132,0.6401101032188468,-0.9910401379383962,-0.4250147577130797,1.3582894438856787,1.497161008675925,-0.5078007830046403,-0.6298000037255774,-0.5039032598602688,1.6958682119339528,-0.5758106657310548,-0.5788898726408979,-0.5650320466312655
0.46417231891521593,-0.3531793870428657,-0.6951484698862904,-1.4759563537029603,-0.9910401379383962,-0.4250147577130797,1.3582894438856787,-0.6679308332270758,-0.5078007830046403,-0.6298000037255774,1.9845078999435277,1.6958682119339528,-0.5758106657310548,-0.5788898726408979,-0.5650320466312655
0.46417231891521593,1.2210651962507884,-0.22306122378354656,-0.770600868062358,1.0090408669826858,-0.4250147577130797,-0.736220107210202,-0.6679308332270758,-0.5078007830046403,1.5878056431954701,-0.5039032598602688,-0.5896684618314822,-0.5758106657310548,1.7274442813069022,-0.5650320466312655
-0.33710335208853703,-0.6394056749144392,1.4292441375760572,-0.06524538242175558,1.0090408669826858,-0.4250147577130797,-0.736220107210202,-0.6679308332270758,1.9692762072618977,-0.6298000037255774,-0.5039032598602688,-0.5896684618314822,-0.5758106657310548,-0.5788898726408979,1.769811121266526
1.5993128528371992,0.9825432896911438,1.665287760627429,1.3454655888594491,-0.9910401379383962,-0.4250147577130797,1.3582894438856787,-0.6679308332270758,-0.5078007830046403,-0.6298000037255774,1.9845078999435277,1.6958682119339528,-0.5758106657310548,-0.5788898726408979,-0.5650320466312655
1.332220962502615,-0.782518818850226,1.1932005145246851,-0.06524538242175558,-0.9910401379383962,-0.4250147577130797,1.3582894438856787,1.497161008675925,-0.5078007830046403,-0.6298000037255774,-0.5039032598602688,1.6958682119339528,-0.5758106657310548,-0.5788898726408979,-0.5650320466312655
-0.9380601053413518,0.314681951324139,0.7211132684219412,-0.06524538242175558,-0.9910401379383962,-0.4250147577130797,1.3582894438856787,-0.6679308332270758,-0.5078007830046403,-0.6298000037255774,1.9845078999435277,-0.5896684618314822,-0.5758106657310548,1.7274442813069022,-0.5650320466312655
1.1986750173353227,1.2210651962507884,-0.9311920929376625,-0.770600868062358,1.0090408669826858,-0.4250147577130797,-0.736220107210202,-0.6679308332270758,-0.5078007830046403,-0.6298000037255774,1.9845078999435277,-0.5896684618314822,-0.5758106657310548,1.7274442813069022,-0.5650320466312655
0.7980371818334463,0.2669775700122101,0.9571568914733132,0.6401101032188468,-0.9910401379383962,2.352859475705742,-0.736220107210202,-0.6679308332270758,-0.5078007830046403,-0.6298000037255774,1.9845078999435277,1.6958682119339528,-0.5758106657310548,-0.5788898726408979,-0.5650320466312655
1.6660858254208453,1.6981090093700775,1.665287760627429,-0.06524538242175558,1.0090408669826858,-0.4250147577130797,-0.736220107210202,-0.6679308332270758,-0.5078007830046403,1.5878056431954701,-0.5039032598602688,-0.5896684618314822,-0.5758106657310548,-0.5788898726408979,1.769811121266526
-1.1383790230922899,0.6486126205076413,-0.22306122378354656,-1.4759563537029603,-0.9910401379383962,-0.4250147577130797,1.3582894438856787,-0.6679308332270758,1.9692762072618977,-0.6298000037255774,-0.5039032598602688,-0.5896684618314822,1.7366819677269967,-0.5788898726408979,-0.5650320466312655
0.7980371818334463,1.6981090093700775,-0.45910484683491853,0.6401101032188468,-0.9910401379383962,-0.4250147577130797,1.3582894438856787,1.497161008675925,-0.5078007830046403,-0.6298000037255774,-0.5039032598602688,-0.5896684618314822,-0.5758106657310548,1.7274442813069022,-0.5650320466312655
0.9983560995843845,0.8871345270672859,-0.22306122378354656,-0.770600868062358,-0.9910401379383962,2.352859475705742,-0.736220107210202,-0.6679308332270758,1.9692762072618977,-0.6298000037255774,-0.5039032598602688,1.6958682119339528,-0.5758106657310548,-0.5788898726408979,-0.5650320466312655
0.1303074559969855,-1.3549713945933728,-0.9311920929376625,-1.4759563537029603,-0.9910401379383962,-0.4250147577130797,1.3582894438856787,-0.6679308332270758,-0.5078007830046403,-0.6298000037255774,1.9845078999435277,-0.5896684618314822,-0.5758106657310548,1.7274442813069022,-0.5650320466312655
-0.07001146175395272,0.41009071394799684,0.7211132684219412,-0.770600868062358,-0.9910401379383962,-0.4250147577130797,1.3582894438856787,1.497161008675925,-0.5078007830046403,-0.6298000037255774,-0.5039032598602688,-0.5896684618314822,1.7366819677269967,-0.5788898726408979,-0.5650320466312655
1.2654479899189688,-0.5439969122905814,1.4292441375760572,-1.4759563537029603,1.0090408669826858,-0.4250147577130797,-0.736220107210202,-0.6679308332270758,-0.5078007830046403,1.5878056431954701,-0.5039032598602688,-0.5896684618314822,1.7366819677269967,-0.5788898726408979,-0.5650320466312655
-0.9380601053413518,1.6981090093700775,-0.6951484698862904,1.3454655888594491,1.0090408669826858,-0.4250147577130797,-0.736220107210202,-0.6679308332270758,-0.5078007830046403,1.5878056431954701,-0.5039032598602688,-0.5896684618314822,-0.5758106657310548,1.7274442813069022,-0.5650320466312655
1.6660858254208453,-0.019248717859363367,-0.45910484683491853,0.6401101032188468,1.0090408669826858,-0.4250147577130797,-0.736220107210202,-0.6679308332270758,-0.5078007830046403,-0.6298000037255774,1.9845078999435277,-0.5896684618314822,1.7366819677269967,-0.5788898726408979,-0.5650320466312655
0.2638534011642777,-1.5934933011530175,1.665287760627429,0.6401101032188468,-0.9910401379383962,2.352859475705742,-0.736220107210202,-0.6679308332270758,-0.5078007830046403,1.5878056431954701,-0.5039032598602688,-0.5896684618314822,1.7366819677269967,-0.5788898726408979,-0.5650320466312655
-1.2719249682595821,-1.4980845385291597,1.665287760627429,1.3454655888594491,1.0090408669826858,-0.4250147577130797,-0.736220107210202,1.497161008675925,-0.5078007830046403,-0.6298000037255774,-0.5039032598602688,-0.5896684618314822,1.7366819677269967,-0.5788898726408979,-0.5650320466312655
0.7980371818334463,-0.1623618617951501,-1.6393229620917782,-0.06524538242175558,-0.9910401379383962,-0.4250147577130797,1.3582894438856787,-0.6679308332270758,-0.5078007830046403,1.5878056431954701,-0.5039032598602688,-0.5896684618314822,-0.5758106657310548,1.7274442813069022,-0.5650320466312655
-0.8045141601740596,-0.3531793870428657,-0.9311920929376625,-1.4759563537029603,1.0090408669826858,-0.4250147577130797,-0.736220107210202,1.497161008675925,-0.5078007830046403,-0.6298000037255774,-0.5039032598602688,1.6958682119339528,-0.5758106657310548,-0.5788898726408979,-0.5650320466312655
-1.4054709134268744,0.9825432896911438,0.24902602231919735,-1.4759563537029603,-0.9910401379383962,-0.4250147577130797,1.3582894438856787,-0.6679308332270758,-0.5078007830046403,1.5878056431954701,-0.5039032598602688,-0.5896684618314822,1.7366819677269967,-0.5788898726408979,-0.5650320466312655
-1.3386979408432282,0.839430145755357,0.4850696453705693,0.6401101032188468,-0.9910401379383962,-0.4250147577130797,1.3582894438856787,-0.6679308332270758,-0.5078007830046403,1.5878056431954701,-0.5039032598602688,-0.5896684618314822,-0.5758106657310548,-0.5788898726408979,1.769811121266526
-0.7377411875904135,-0.25777062441900794,-0.22306122378354656,0.6401101032188468,-0.9910401379383962,2.352859475705742,-0.736220107210202,-0.6679308332270758,-0.5078007830046403,1.5878056431954701,-0.5039032598602688,1.6958682119339528,-0.5758106657310548,-0.5788898726408979,-0.5650320466312655
-1.1383790230922899,-1.4980845385291597,1.4292441375760572,-1.4759563537029603,1.0090408669826858,-0.4250147577130797,-0.736220107210202,-0.6679308332270758,1.9692762072618977,-0.6298000037255774,-0.5039032598602688,1.6958682119339528,-0.5758106657310548,-0.5788898726408979,-0.5650320466312655
0.9315831270007384,-0.1623618617951501,-1.6393229620917782,0.6401101032188468,-0.9910401379383962,-0.4250147577130797,1.3582894438856787,-0.6679308332270758,-0.5078007830046403,1.5878056431954701,-0.5039032598602688,-0.5896684618314822,1.7366819677269967,-0.5788898726408979,-0.5650320466312655
-0.7377411875904135,-1.0210407254098706,0.7211132684219412,-0.770600868062358,-0.9910401379383962,-0.4250147577130797,1.3582894438856787,-0.6679308332270758,-0.5078007830046403,-0.6298000037255774,1.9845078999435277,-0.5896684618314822,-0.5758106657310548,-0.5788898726408979,1.769811121266526
-0.0032384891703066414,-0.6394056749144392,0.01298239926782539,-0.06524538242175558,-0.9910401379383962,-0.4250147577130797,1.3582894438856787,-0.6679308332270758,-0.5078007830046403,1.5878056431954701,-0.5039032598602688,-0.5896684618314822,1.7366819677269967,-0.5788898726408979,-0.5650320466312655
0.9983560995843845,0.5054994765718547,-0.9311920929376625,-0.770600868062358,1.0090408669826858,-0.4250147577130797,-0.736220107210202,-0.6679308332270758,-0.5078007830046403,-0.6298000037255774,1.9845078999435277,1.6958682119339528,-0.5758106657310548,-0.5788898726408979,-0.5650320466312655
-0.6709682150067674,1.1733608149388595,-1.4032793390404064,-1.4759563537029603,1.0090408669826858,-0.4250147577130797,-0.736220107210202,1.497161008675925,-0.5078007830046403,-0.6298000037255774,-0.5039032598602688,-0.5896684618314822,1.7366819677269967,-0.5788898726408979,-0.5650320466312655
1.2654479899189688,-0.8779275814740838,1.665287760627429,-0.06524538242175558,-0.9910401379383962,-0.4250147577130797,1.3582894438856787,-0.6679308332270758,1.9692762072618977,-0.6298000037255774,-0.5039032598602688,-0.5896684618314822,-0.5758106657310548,-0.5788898726408979,1.769811121266526
0.9983560995843845,0.6486126205076413,-0.22306122378354656,-0.770600868062358,-0.9910401379383962,-0.4250147577130797,1.3582894438856787,-0.6679308332270758,-0.5078007830046403,-0.6298000037255774,1.9845078999435277,-0.5896684618314822,1.7366819677269967,-0.5788898726408979,-0.5650320466312655
1.1986750173353227,1.6027002467462197,1.665287760627429,1.3454655888594491,1.0090408669826858,-0.4250147577130797,-0.736220107210202,-0.6679308332270758,-0.5078007830046403,-0.6298000037255774,1.9845078999435277,-0.5896684618314822,-0.5758106657310548,-0.5788898726408979,1.769811121266526
-1.205151995675936,0.2669775700122101,-0.45910484683491853,-0.06524538242175558,-0.9910401379383962,-0.4250147577130797,1.3582894438856787,1.497161008675925,-0.5078007830046403,-0.6298000037255774,-0.5039032598602688,1.6958682119339528,-0.5758106657310548,-0.5788898726408979,-0.5650320466312655
-1.5390168585941664,-0.11465748048322119,-1.1672357159890343,0.6401101032188468,1.0090408669826858,-0.4250147577130797,-0.736220107210202,-0.6679308332270758,-0.5078007830046403,1.5878056431954701,-0.5039032598602688,-0.5896684618314822,1.7366819677269967,-0.5788898726408979,-0.5650320466312655
-0.4038763246721831,0.028455663452565543,-1.4032793390404064,0.6401101032188468,1.0090408669826858,-0.4250147577130797,-0.736220107210202,-0.6679308332270758,-0.5078007830046403,-0.6298000037255774,1.9845078999435277,1.6958682119339528,-0.5758106657310548,-0.5788898726408979,-0.5650320466312655
-0.8045141601740596,-0.6394056749144392,-1.6393229620917782,0.6401101032188468,-0.9910401379383962,-0.4250147577130797,1.3582894438856787,-0.6679308332270758,-0.5078007830046403,1.5878056431954701,-0.5039032598602688,-0.5896684618314822,1.7366819677269967,-0.5788898726408979,-0.5650320466312655
-0.27033037950489097,1.2210651962507884,-0.6951484698862904,0.6401101032188468,1.0090408669826858,-0.4250147577130797,-0.736220107210202,1.497161008675925,-0.5078007830046403,-0.6298000037255774,-0.5039032598602688,1.6958682119339528,-0.5758106657310548,-0.5788898726408979,-0.5650320466312655
0.597718264082508,1.6981090093700775,-0.45910484683491853,-1.4759563537029603,-0.9910401379383962,-0.4250147577130797,1.3582894438856787,-0.6679308332270758,-0.5078007830046403,1.5878056431954701,-0.5039032598602688,-0.5896684618314822,-0.5758106657310548,1.7274442813069022,-0.5650320466312655
0.2638534011642777,1.2210651962507884,0.24902602231919735,0.6401101032188468,1.0090408669826858,-0.4250147577130797,-0.736220107210202,1.497161008675925,-0.5078007830046403,-0.6298000037255774,-0.5039032598602688,-0.5896684618314822,-0.5758106657310548,-0.5788898726408979,1.769811121266526
-0.8045141601740596,-0.21006624310707903,0.7211132684219412,-1.4759563537029603,1.0090408669826858,-0.4250147577130797,-0.736220107210202,-0.6679308332270758,1.9692762072618977,-0.6298000037255774,-0.5039032598602688,-0.5896684618314822,-0.5758106657310548,-0.5788898726408979,1.769811121266526
0.7312642092498002,1.1733608149388595,1.4292441375760572,-1.4759563537029603,1.0090408669826858,-0.4250147577130797,-0.736220107210202,-0.6679308332270758,-0.5078007830046403,-0.6298000037255774,1.9845078999435277,1.6958682119339528,-0.5758106657310548,-0.5788898726408979,-0.5650320466312655
-0.4706492972558292,-0.6394056749144392,1.1932005145246851,1.3454655888594491,1.0090408669826858,-0.4250147577130797,-0.736220107210202,-0.6679308332270758,-0.5078007830046403,-0.6298000037255774,1.9845078999435277,-0.5896684618314822,-0.5758106657310548,-0.5788898726408979,1.769811121266526
1.5993128528371992,1.3164739588746461,0.24902602231919735,0.6401101032188468,-0.9910401379383962,-0.4250147577130797,1.3582894438856787,1.497161008675925,-0.5078007830046403,-0.6298000037255774,-0.5039032598602688,-0.5896684618314822,1.7366819677269967,-0.5788898726408979,-0.5650320466312655
-0.5374222698394753,-0.25777062441900794,0.7211132684219412,0.6401101032188468,-0.9910401379383962,2.352859475705742,-0.736220107210202,-0.6679308332270758,1.9692762072618977,-0.6298000037255774,-0.5039032598602688,-0.5896684618314822,-0.5758106657310548,1.7274442813069022,-0.5650320466312655
-1.4054709134268744,0.314681951324139,-1.1672357159890343,-1.4759563537029603,1.0090408669826858,-0.4250147577130797,-0.736220107210202,-0.6679308332270758,-0.5078007830046403,1.5878056431954701,-0.5039032598602688,-0.5896684618314822,-0.5758106657310548,-0.5788898726408979,1.769811121266526
-0.20355740692124488,0.8871345270672859,0.24902602231919735,-0.06524538242175558,1.0090408669826858,-0.4250147577130797,-0.736220107210202,1.497161008675925,-0.5078007830046403,-0.6298000037255774,-0.5039032598602688,-0.5896684618314822,1.7366819677269967,-0.5788898726408979,-0.5650320466312655
-0.20355740692124488,-1.6411976824649464,1.665287760627429,0.6401101032188468,-0.9910401379383962,2.352859475705742,-0.736220107210202,-0.6679308332270758,-0.5078007830046403,1.5878056431954701,-0.5039032598602688,1.6958682119339528,-0.5758106657310548,-0.5788898726408979,-0.5650320466312655
0.33062637374792375,0.8871345270672859,0.9571568914733132,-1.4759563537029603,-0.9910401379383962,-0.4250147577130797,1.3582894438856787,-0.6679308332270758,-0.5078007830046403,-0.6298000037255774,1.9845078999435277,-0.5896684618314822,1.7366819677269967,-0.5788898726408979,-0.5650320466312655
-1.5390168585941664,1.411882721498504,-0.45910484683491853,0.6401101032188468,-0.9910401379383962,2.352859475705742,-0.736220107210202,-0.6679308332270758,-0.5078007830046403,-0.6298000037255774,1.9845078999435277,-0.5896684618314822,-0.5758106657310548,-0.5788898726408979,1.769811121266526
-1.6057898311778125,0.2669775700122101,0.24902602231919735,-1.4759563537029603,-0.9910401379383962,-0.4250147577130797,1.3582894438856787,-0.6679308332270758,-0.5078007830046403,1.5878056431954701,-0.5039032598602688,-0.5896684618314822,1.7366819677269967,-0.5788898726408979,-0.5650320466312655
-0.9380601053413518,1.1256564336269306,1.665287760627429,0.6401101032188468,-0.9910401379383962,2.352859475705742,-0.736220107210202,-0.6679308332270758,-0.5078007830046403,-0.6298000037255774,1.9845078999435277,-0.5896684618314822,-0.5758106657310548,1.7274442813069022,-0.5650320466312655
-0.07001146175395272,1.1256564336269306,-0.9311920929376625,0.6401101032188468,-0.9910401379383962,-0.4250147577130797,1.3582894438856787,-0.6679308332270758,1.9692762072618977,-0.6298000037255774,-0.5039032598602688,-0.5896684618314822,1.7366819677269967,-0.5788898726408979,-0.5650320466312655
1.2654479899189688,1.5549958654342908,-0.22306122378354656,0.6401101032188468,1.0090408669826858,-0.4250147577130797,-0.736220107210202,-0.6679308332270758,1.9692762072618977,-0.6298000037255774,-0.5039032598602688,-0.5896684618314822,-0.5758106657310548,-0.5788898726408979,1.769811121266526
1.5325398802535533,1.1256564336269306,0.24902602231919735,0.6401101032188468,1.0090408669826858,-0.4250147577130797,-0.736220107210202,-0.6679308332270758,-0.5078007830046403,-0.6298000037255774,1.9845078999435277,-0.5896684618314822,-0.5758106657310548,-0.5788898726408979,1.769811121266526
-0.9380601053413518,1.364178340186575,-0.6951484698862904,1.3454655888594491,-0.9910401379383962,-0.4250147577130797,1.3582894438856787,1.497161008675925,-0.5078007830046403,-0.6298000037255774,-0.5039032598602688,1.6958682119339528,-0.5758106657310548,-0.5788898726408979,-0.5650320466312655
0.2638534011642777,0.2192731887002812,0.4850696453705693,-0.770600868062358,1.0090408669826858,-0.4250147577130797,-0.736220107210202,1.497161008675925,-0.5078007830046403,-0.6298000037255774,-0.5039032598602688,-0.5896684618314822,1.7366819677269967,-0.5788898726408979,-0.5650320466312655
-0.6041952424231214,1.411882721498504,1.4292441375760572,0.6401101032188468,1.0090408669826858,-0.4250147577130797,-0.736220107210202,1.497161008675925,-0.5078007830046403,-0.6298000037255774,-0.5039032598602688,-0.5896684618314822,-0.5758106657310548,-0.5788898726408979,1.769811121266526
0.1970804285806316,1.2210651962507884,0.9571568914733132,0.6401101032188468,-0.9910401379383962,2.352859475705742,-0.736220107210202,-0.6679308332270758,1.9692762072618977,-0.6298000037255774,-0.5039032598602688,-0.5896684618314822,1.7366819677269967,-0.5788898726408979,-0.5650320466312655
1.4657669076699071,-0.1623618617951501,-0.45910484683491853,1.3454655888594491,1.0090408669826858,-0.4250147577130797,-0.736220107210202,1.497161008675925,-0.5078007830046403,-0.6298000037255774,-0.5039032598602688,-0.5896684618314822,1.7366819677269967,-0.5788898726408979,-0.5650320466312655
-1.2719249682595821,-0.734814437538297,-1.4032793390404064,-0.770600868062358,-0.9910401379383962,-0.4250147577130797,1.3582894438856787,-0.6679308332270758,1.9692762072618977,-0.6298000037255774,-0.5039032598602688,1.6958682119339528,-0.5758106657310548,-0.5788898726408979,-0.5650320466312655
0.3973993463315698,-1.0687451067217995,-0.9311920929376625,-1.4759563537029603,-0.9910401379383962,-0.4250147577130797,1.3582894438856787,-0.6679308332270758,-0.5078007830046403,1.5878056431954701,-0.5039032598602688,-0.5896684618314822,-0.5758106657310548,1.7274442813069022,-0.5650320466312655
1.1319020447516768,1.0302476710030728,-0.9311920929376625,-0.06524538242175558,-0.9910401379383962,-0.4250147577130797,1.3582894438856787,-0.6679308332270758,1.9692762072618977,-0.6298000037255774,-0.5039032598602688,-0.5896684618314822,-0.5758106657310548,-0.5788898726408979,1.769811121266526
-0.5374222698394753,-0.9256319627860127,-0.22306122378354656,-1.4759563537029603,-0.9910401379383962,-0.4250147577130797,1.3582894438856787,-0.6679308332270758,1.9692762072618977,-0.6298000037255774,-0.5039032598602688,1.6958682119339528,-0.5758106657310548,-0.5788898726408979,-0.5650320466312655
-0.7377411875904135,-1.4503801572172308,0.9571568914733132,-0.770600868062358,1.0090408669826858,-0.4250147577130797,-0.736220107210202,1.497161008675925,-0.5078007830046403,-0.6298000037255774,-0.5039032598602688,-0.5896684618314822,-0.5758106657310548,1.7274442813069022,-0.5650320466312655
-0.4038763246721831,-1.259562631969515,-1.1672357159890343,-0.06524538242175558,1.0090408669826858,-0.4250147577130797,-0.736220107210202,1.497161008675925,-0.5078007830046403,-0.6298000037255774,-0.5039032598602688,-0.5896684618314822,-0.5758106657310548,-0.5788898726408979,1.769811121266526
-0.4706492972558292,1.5549958654342908,0.24902602231919735,-0.770600868062358,1.0090408669826858,-0.4250147577130797,-0.736220107210202,1.497161008675925,-0.5078007830046403,-0.6298000037255774,-0.5039032598602688,-0.5896684618314822,-0.5758106657310548,-0.5788898726408979,1.769811121266526
1.1319020447516768,-1.5934933011530175,-1.1672357159890343,-1.4759563537029603,1.0090408669826858,-0.4250147577130797,-0.736220107210202,1.497161008675925,-0.5078007830046403,-0.6298000037255774,-0.5039032598602688,1.6958682119339528,-0.5758106657310548,-0.5788898726408979,-0.5650320466312655
0.6644912366661542,0.7917257644434281,-1.4032793390404064,1.3454655888594491,-0.9910401379383962,-0.4250147577130797,1.3582894438856787,1.497161008675925,-0.5078007830046403,-0.6298000037255774,-0.5039032598602688,-0.5896684618314822,-0.5758106657310548,-0.5788898726408979,1.769811121266526
0.6644912366661542,-0.11465748048322119,-0.22306122378354656,1.3454655888594491,-0.9910401379383962,-0.4250147577130797,1.3582894438856787,-0.6679308332270758,-0.5078007830046403,1.5878056431954701,-0.5039032598602688,1.6958682119339528,-0.5758106657310548,-0.5788898726408979,-0.5650320466312655
1.332220962502615,0.6963170018195703,0.01298239926782539,-0.06524538242175558,-0.9910401379383962,2.352859475705742,-0.736220107210202,-0.6679308332270758,1.9692762072618977,-0.6298000037255774,-0.5039032598602688,-0.5896684618314822,-0.5758106657310548,-0.5788898726408979,1.769811121266526
0.9983560995843845,-0.1623618617951501,1.665287760627429,1.3454655888594491,-0.9910401379383962,-0.4250147577130797,1.3582894438856787,1.497161008675925,-0.5078007830046403,-0.6298000037255774,-0.5039032598602688,-0.5896684618314822,1.7366819677269967,-0.5788898726408979,-0.5650320466312655
-1.4722438860105203,-0.8779275814740838,1.665287760627429,-0.06524538242175558,-0.9910401379383962,-0.4250147577130797,1.3582894438856787,-0.6679308332270758,1.9692762072618977,-0.6298000037255774,-0.5039032598602688,-0.5896684618314822,1.7366819677269967,-0.5788898726408979,-0.5650320466312655
-1.3386979408432282,1.2210651962507884,-1.6393229620917782,-1.4759563537029603,-0.9910401379383962,2.352859475705742,-0.736220107210202,-0.6679308332270758,-0.5078007830046403,-0.6298000037255774,1.9845078999435277,1.6958682119339528,-0.5758106657310548,-0.5788898726408979,-0.5650320466312655
0.46417231891521593,-0.9733363440979416,1.1932005145246851,0.6401101032188468,-0.9910401379383962,-0.4250147577130797,1.3582894438856787,1.497161008675925,-0.5078007830046403,-0.6298000037255774,-0.5039032598602688,-0.5896684618314822,1.7366819677269967,-0.5788898726408979,-0.5650320466312655
-0.6041952424231214,0.3623863326360679,0.7211132684219412,-0.770600868062358,1.0090408669826858,-0.4250147577130797,-0.736220107210202,1.497161008675925,-0.5078007830046403,-0.6298000037255774,-0.5039032598602688,1.6958682119339528,-0.5758106657310548,-0.5788898726408979,-0.5650320466312655
-0.7377411875904135,-0.8302232001621549,0.9571568914733132,-0.06524538242175558,1.0090408669826858,-0.4250147577130797,-0.736220107210202,-0.6679308332270758,-0.5078007830046403,1.5878056431954701,-0.5039032598602688,1.6958682119339528,-0.5758106657310548,-0.5788898726408979,-0.5650320466312655
-1.6725628037614586,1.5549958654342908,0.24902602231919735,-1.4759563537029603,-0.9910401379383962,2.352859475705742,-0.736220107210202,-0.6679308332270758,-0.5078007830046403,1.5878056431954701,-0.5039032598602688,-0.5896684618314822,-0.5758106657310548,-0.5788898726408979,1.769811121266526
0.597718264082508,1.5549958654342908,-1.4032793390404064,-1.4759563537029603,1.0090408669826858,-0.4250147577130797,-0.736220107210202,-0.6679308332270758,1.9692762072618977,-0.6298000037255774,-0.5039032598602688,-0.5896684618314822,-0.5758106657310548,1.7274442813069022,-0.5650320466312655
-0.0032384891703066414,1.2687695775627172,0.24902602231919735,0.6401101032188468,-0.9910401379383962,-0.4250147577130797,1.3582894438856787,1.497161008675925,-0.5078007830046403,-0.6298000037255774,-0.5039032598602688,-0.5896684618314822,-0.5758106657310548,-0.5788898726408979,1.769811121266526
1.6660858254208453,1.4595871028104328,0.4850696453705693,-0.06524538242175558,1.0090408669826858,-0.4250147577130797,-0.736220107210202,-0.6679308332270758,-0.5078007830046403,-0.6298000037255774,1.9845078999435277,-0.5896684618314822,-0.5758106657310548,-0.5788898726408979,1.769811121266526
0.7312642092498002,0.2192731887002812,-1.6393229620917782,-1.4759563537029603,1.0090408669826858,-0.4250147577130797,-0.736220107210202,1.497161008675925,-0.5078007830046403,-0.6298000037255774,-0.5039032598602688,-0.5896684618314822,1.7366819677269967,-0.5788898726408979,-0.5650320466312655
-1.7393357763451047,-1.4503801572172308,-0.22306122378354656,-0.06524538242175558,1.0090408669826858,-0.4250147577130797,-0.736220107210202,1.497161008675925,-0.5078007830046403,-0.6298000037255774,-0.5039032598602688,-0.5896684618314822,-0.5758106657310548,1.7274442813069022,-0.5650320466312655
0.7312642092498002,0.2192731887002812,-0.6951484698862904,1.3454655888594491,-0.9910401379383962,-0.4250147577130797,1.3582894438856787,-0.6679308332270758,-0.5078007830046403,1.5878056431954701,-0.5039032598602688,-0.5896684618314822,1.7366819677269967,-0.5788898726408979,-0.5650320466312655
0.2638534011642777,-0.9256319627860127,0.9571568914733132,-0.770600868062358,1.0090408669826858,-0.4250147577130797,-0.736220107210202,1.497161008675925,-0.5078007830046403,-0.6298000037255774,-0.5039032598602688,-0.5896684618314822,-0.5758106657310548,1.7274442813069022,-0.5650320466312655
1.0651290721680307,-0.25777062441900794,1.1932005145246851,1.3454655888594491,-0.9910401379383962,2.352859475705742,-0.736220107210202,-0.6679308332270758,-0.5078007830046403,-0.6298000037255774,1.9845078999435277,1.6958682119339528,-0.5758106657310548,-0.5788898726408979,-0.5650320466312655
-1.6725628037614586,-1.0210407254098706,-0.9311920929376625,1.3454655888594491,-0.9910401379383962,-0.4250147577130797,1.3582894438856787,-0.6679308332270758,-0.5078007830046403,1.5878056431954701,-0.5039032598602688,1.6958682119339528,-0.5758106657310548,-0.5788898726408979,-0.5650320466312655
-0.7377411875904135,1.5549958654342908,1.1932005145246851,-1.4759563537029603,1.0090408669826858,-0.4250147577130797,-0.736220107210202,1.497161008675925,-0.5078007830046403,-0.6298000037255774,-0.5039032598602688,1.6958682119339528,-0.5758106657310548,-0.5788898726408979,-0.5650320466312655
0.2638534011642777,-1.6889020637768752,0.7211132684219412,1.3454655888594491,-0.9910401379383962,-0.4250147577130797,1.3582894438856787,-0.6679308332270758,-0.5078007830046403,1.5878056431954701,-0.5039032598602688,-0.5896684618314822,1.7366819677269967,-0.5788898726408979,-0.5650320466312655
-0.0032384891703066414,0.2669775700122101,1.1932005145246851,0.6401101032188468,1.0090408669826858,-0.4250147577130797,-0.736220107210202,1.497161008675925,-0.5078007830046403,-0.6298000037255774,-0.5039032598602688,-0.5896684618314822,-0.5758106657310548,-0.5788898726408979,1.769811121266526
-1.2719249682595821,-1.6411976824649464,0.7211132684219412,-0.06524538242175558,-0.9910401379383962,2.352859475705742,-0.736220107210202,-0.6679308332270758,-0.5078007830046403,1.5878056431954701,-0.5039032598602688,-0.5896684618314822,-0.5758106657310548,-0.5788898726408979,1.769811121266526
-0.33710335208853703,-0.25777062441900794,-0.45910484683491853,-0.06524538242175558,-0.9910401379383962,2.352859475705742,-0.736220107210202,-0.6679308332270758,-0.5078007830046403,1.5878056431954701,-0.5039032598602688,-0.5896684618314822,-0.5758106657310548,1.7274442813069022,-0.5650320466312655
0.7312642092498002,0.6486126205076413,-1.4032793390404064,-1.4759563537029603,-0.9910401379383962,-0.4250147577130797,1.3582894438856787,-0.6679308332270758,1.9692762072618977,-0.6298000037255774,-0.5039032598602688,1.6958682119339528,-0.5758106657310548,-0.5788898726408979,-0.5650320466312655
-0.9380601053413518,0.314681951324139,-0.22306122378354656,-1.4759563537029603,1.0090408669826858,-0.4250147577130797,-0.736220107210202,-0.6679308332270758,-0.5078007830046403,1.5878056431954701,-0.5039032598602688,-0.5896684618314822,1.7366819677269967,-0.5788898726408979,-0.5650320466312655
0.7312642092498002,1.6981090093700775,-1.4032793390404064,0.6401101032188468,-0.9910401379383962,-0.4250147577130797,1.3582894438856787,-0.6679308332270758,1.9692762072618977,-0.6298000037255774,-0.5039032598602688,-0.5896684618314822,1.7366819677269967,-0.5788898726408979,-0.5650320466312655
-1.3386979408432282,1.5549958654342908,1.4292441375760572,1.3454655888594491,1.0090408669826858,-0.4250147577130797,-0.736220107210202,-0.6679308332270758,-0.5078007830046403,-0.6298000037255774,1.9845078999435277,-0.5896684618314822,-0.5758106657310548,1.7274442813069022,-0.5650320466312655
-1.4722438860105203,1.0779520523150017,-1.1672357159890343,-1.4759563537029603,1.0090408669826858,-0.4250147577130797,-0.736220107210202,-0.6679308332270758,-0.5078007830046403,-0.6298000037255774,1.9845078999435277,-0.5896684618314822,-0.5758106657310548,-0.5788898726408979,1.769811121266526
-0.20355740692124488,-1.1164494880337283,-0.22306122378354656,0.6401101032188468,1.0090408669826858,-0.4250147577130797,-0.736220107210202,-0.6679308332270758,-0.5078007830046403,1.5878056431954701,-0.5039032598602688,-0.5896684618314822,1.7366819677269967,-0.5788898726408979,-0.5650320466312655
1.2654479899189688,-1.6411976824649464,1.665287760627429,1.3454655888594491,-0.9910401379383962,2.352859475705742,-0.736220107210202,-0.6679308332270758,-0.5078007830046403,-0.6298000037255774,1.9845078999435277,-0.5896684618314822,-0.5758106657310548,-0.5788898726408979,1.769811121266526
-0.20355740692124488,1.0302476710030728,-0.9311920929376625,-1.4759563537029603,-0.9910401379383962,-0.4250147577130797,1.3582894438856787,1.497161008675925,-0.5078007830046403,-0.6298000037255774,-0.5039032598602688,-0.5896684618314822,-0.5758106657310548,-0.5788898726408979,1.769811121266526
-1.7393357763451047,-0.30547500573093683,0.24902602231919735,1.3454655888594491,-0.9910401379383962,-0.4250147577130797,1.3582894438856787,1.497161008675925,-0.5078007830046403,-0.6298000037255774,-0.5039032598602688,-0.5896684618314822,1.7366819677269967,-0.5788898726408979,-0.5650320466312655
-0.8045141601740596,-1.3549713945933728,1.4292441375760572,0.6401101032188468,1.0090408669826858,-0.4250147577130797,-0.736220107210202,1.497161008675925,-0.5078007830046403,-0.6298000037255774,-0.5039032598602688,-0.5896684618314822,-0.5758106657310548,1.7274442813069022,-0.5650320466312655
0.7312642092498002,-1.0687451067217995,-1.1672357159890343,-0.06524538242175558,1.0090408669826858,-0.4250147577130797,-0.736220107210202,-0.6679308332270758,-0.5078007830046403,-0.6298000037255774,1.9845078999435277,-0.5896684618314822,-0.5758106657310548,1.7274442813069022,-0.5650320466312655
-1.0048330779249979,0.028455663452565543,0.7211132684219412,-0.770600868062358,1.0090408669826858,-0.4250147577130797,-0.736220107210202,1.497161008675925,-0.5078007830046403,-0.6298000037255774,-0.5039032598602688,1.6958682119339528,-0.5758106657310548,-0.5788898726408979,-0.5650320466312655
-1.205151995675936,1.6504046280581486,-1.1672357159890343,1.3454655888594491,1.0090408669826858,-0.4250147577130797,-0.736220107210202,-0.6679308332270758,1.9692762072618977,-0.6298000037255774,-0.5039032598602688,-0.5896684618314822,-0.5758106657310548,-0.5788898726408979,1.769811121266526
1.398993935086261,-0.06695309917129227,-1.6393229620917782,-1.4759563537029603,1.0090408669826858,-0.4250147577130797,-0.736220107210202,1.497161008675925,-0.5078007830046403,-0.6298000037255774,-0.5039032598602688,-0.5896684618314822,1.7366819677269967,-0.5788898726408979,-0.5650320466312655
0.5309452914988619,-1.5934933011530175,-1.6393229620917782,-0.06524538242175558,-0.9910401379383962,2.352859475705742,-0.736220107210202,1.497161008675925,-0.5078007830046403,-0.6298000037255774,-0.5039032598602688,-0.5896684618314822,-0.5758106657310548,1.7274442813069022,-0.5650320466312655
0.06353448341333943,-1.1641538693456572,-1.6393229620917782,-0.770600868062358,1.0090408669826858,-0.4250147577130797,-0.736220107210202,-0.6679308332270758,1.9692762072618977,-0.6298000037255774,-0.5039032598602688,-0.5896684618314822,1.7366819677269967,-0.5788898726408979,-0.5650320466312655
-1.0048330779249979,-1.4503801572172308,0.24902602231919735,-0.770600868062358,1.0090408669826858,-0.4250147577130797,-0.736220107210202,1.497161008675925,-0.5078007830046403,-0.6298000037255774,-0.5039032598602688,1.6958682119339528,-0.5758106657310548,-0.5788898726408979,-0.5650320466312655
-0.4706492972558292,-0.4962925309786525,-0.9311920929376625,-1.4759563537029603,-0.9910401379383962,2.352859475705742,-0.736220107210202,-0.6679308332270758,1.9692762072618977,-0.6298000037255774,-0.5039032598602688,-0.5896684618314822,-0.5758106657310548,-0.5788898726408979,1.769811121266526
0.1970804285806316,0.7440213831314992,0.7211132684219412,-1.4759563537029603,-0.9910401379383962,-0.4250147577130797,1.3582894438856787,1.497161008675925,-0.5078007830046403,-0.6298000037255774,-0.5039032598602688,-0.5896684618314822,1.7366819677269967,-0.5788898726408979,-0.5650320466312655
-0.27033037950489097,0.17156880738835228,1.4292441375760572,1.3454655888594491,1.0090408669826858,-0.4250147577130797,-0.736220107210202,-0.6679308332270758,-0.5078007830046403,-0.6298000037255774,1.9845078999435277,1.6958682119339528,-0.5758106657310548,-0.5788898726408979,-0.5650320466312655
1.332220962502615,-1.3549713945933728,-0.6951484698862904,0.6401101032188468,1.0090408669826858,-0.4250147577130797,-0.736220107210202,-0.6679308332270758,-0.5078007830046403,-0.6298000037255774,1.9845078999435277,-0.5896684618314822,1.7366819677269967,-0.5788898726408979,-0.5650320466312655
-1.4722438860105203,1.6504046280581486,-0.45910484683491853,-0.770600868062358,-0.9910401379383962,2.352859475705742,-0.736220107210202,-0.6679308332270758,-0.5078007830046403,1.5878056431954701,-0.5039032598602688,1.6958682119339528,-0.5758106657310548,-0.5788898726408979,-0.5650320466312655
-0.8045141601740596,0.6963170018195703,1.4292441375760572,-0.06524538242175558,-0.9910401379383962,2.352859475705742,-0.736220107210202,1.497161008675925,-0.5078007830046403,-0.6298000037255774,-0.5039032598602688,-0.5896684618314822,-0.5758106657310548,-0.5788898726408979,1.769811121266526
-0.20355740692124488,-1.2118582506575861,-1.1672357159890343,-0.06524538242175558,-0.9910401379383962,-0.4250147577130797,1.3582894438856787,-0.6679308332270758,1.9692762072618977,-0.6298000037255774,-0.5039032598602688,-0.5896684618314822,1.7366819677269967,-0.5788898726408979,-0.5650320466312655
-0.6041952424231214,-0.8302232001621549,0.4850696453705693,-1.4759563537029603,-0.9910401379383962,2.352859475705742,-0.736220107210202,-0.6679308332270758,-0.5078007830046403,-0.6298000037255774,1.9845078999435277,1.6958682119339528,-0.5758106657310548,-0.5788898726408979,-0.5650320466312655
-0.1367844343375988,-1.307267013281444,0.01298239926782539,-0.06524538242175558,-0.9910401379383962,-0.4250147577130797,1.3582894438856787,-0.6679308332270758,1.9692762072618977,-0.6298000037255774,-0.5039032598602688,-0.5896684618314822,1.7366819677269967,-0.5788898726408979,-0.5650320466312655
-0.4706492972558292,0.7917257644434281,0.01298239926782539,-1.4759563537029603,1.0090408669826858,-0.4250147577130797,-0.736220107210202,-0.6679308332270758,1.9692762072618977,-0.6298000037255774,-0.5039032598602688,-0.5896684618314822,-0.5758106657310548,1.7274442813069022,-0.5650320466312655
-0.20355740692124488,-0.782518818850226,1.4292441375760572,1.3454655888594491,-0.9910401379383962,-0.4250147577130797,1.3582894438856787,-0.6679308332270758,-0.5078007830046403,-0.6298000037255774,1.9845078999435277,1.6958682119339528,-0.5758106657310548,-0.5788898726408979,-0.5650320466312655
-0.33710335208853703,1.4595871028104328,-1.6393229620917782,-1.4759563537029603,-0.9910401379383962,2.352859475705742,-0.736220107210202,-0.6679308332270758,1.9692762072618977,-0.6298000037255774,-0.5039032598602688,1.6958682119339528,-0.5758106657310548,-0.5788898726408979,-0.5650320466312655
0.7980371818334463,-0.782518818850226,0.7211132684219412,-0.770600868062358,1.0090408669826858,-0.4250147577130797,-0.736220107210202,-0.6679308332270758,1.9692762072618977,-0.6298000037255774,-0.5039032598602688,-0.5896684618314822,-0.5758106657310548,-0.5788898726408979,1.769811121266526
0.9315831270007384,1.6504046280581486,-0.45910484683491853,0.6401101032188468,-0.9910401379383962,2.352859475705742,-0.736220107210202,1.497161008675925,-0.5078007830046403,-0.6298000037255774,-0.5039032598602688,-0.5896684618314822,1.7366819677269967,-0.5788898726408979,-0.5650320466312655
-1.4722438860105203,-1.307267013281444,-1.4032793390404064,-0.06524538242175558,-0.9910401379383962,2.352859475705742,-0.736220107210202,-0.6679308332270758,1.9692762072618977,-0.6298000037255774,-0.5039032598602688,-0.5896684618314822,1.7366819677269967,-0.5788898726408979,-0.5650320466312655
0.46417231891521593,1.6504046280581486,-0.45910484683491853,-1.4759563537029603,-0.9910401379383962,-0.4250147577130797,1.3582894438856787,-0.6679308332270758,-0.5078007830046403,1.5878056431954701,-0.5039032598602688,-0.5896684618314822,-0.5758106657310548,1.7274442813069022,-0.5650320466312655
0.2638534011642777,-0.5917012936025103,0.24902602231919735,0.6401101032188468,1.0090408669826858,-0.4250147577130797,-0.736220107210202,-0.6679308332270758,-0.5078007830046403,-0.6298000037255774,1.9845078999435277,-0.5896684618314822,1.7366819677269967,-0.5788898726408979,-0.5650320466312655
1.332220962502615,0.07616004476449445,-0.6951484698862904,-1.4759563537029603,1.0090408669826858,-0.4250147577130797,-0.736220107210202,-0.6679308332270758,-0.5078007830046403,1.5878056431954701,-0.5039032598602688,1.6958682119339528,-0.5758106657310548,-0.5788898726408979,-0.5650320466312655
-0.20355740692124488,-0.9733363440979416,-1.6393229620917782,-1.4759563537029603,-0.9910401379383962,-0.4250147577130797,1.3582894438856787,-0.6679308332270758,-0.5078007830046403,1.5878056431954701,-0.5039032598602688,1.6958682119339528,-0.5758106657310548,-0.5788898726408979,-0.5650320466312655
0.06353448341333943,-0.8779275814740838,1.665287760627429,-0.06524538242175558,1.0090408669826858,-0.4250147577130797,-0.736220107210202,-0.6679308332270758,-0.5078007830046403,-0.6298000037255774,1.9845078999435277,1.6958682119339528,-0.5758106657310548,-0.5788898726408979,-0.5650320466312655
1.5325398802535533,0.6486126205076413,1.665287760627429,-0.06524538242175558,1.0090408669826858,-0.4250147577130797,-0.736220107210202,-0.6679308332270758,1.9692762072618977,-0.6298000037255774,-0.5039032598602688,-0.5896684618314822,1.7366819677269967,-0.5788898726408979,-0.5650320466312655
0.5309452914988619,-0.40088376835479467,1.665287760627429,1.3454655888594491,-0.9910401379383962,-0.4250147577130797,1.3582894438856787,-0.6679308332270758,1.9692762072618977,-0.6298000037255774,-0.5039032598602688,-0.5896684618314822,-0.5758106657310548,1.7274442813069022,-0.5650320466312655
1.2654479899189688,-1.307267013281444,1.1932005145246851,-0.770600868062358,-0.9910401379383962,-0.4250147577130797,1.3582894438856787,-0.6679308332270758,-0.5078007830046403,1.5878056431954701,-0.5039032598602688,-0.5896684618314822,-0.5758106657310548,-0.5788898726408979,1.769811121266526
-0.9380601053413518,0.12386442607642337,-1.1672357159890343,0.6401101032188468,1.0090408669826858,-0.4250147577130797,-0.736220107210202,-0.6679308332270758,-0.5078007830046403,-0.6298000037255774,1.9845078999435277,1.6958682119339528,-0.5758106657310548,-0.5788898726408979,-0.5650320466312655
-0.33710335208853703,-1.5457889198410886,0.7211132684219412,1.3454655888594491,1.0090408669826858,-0.4250147577130797,-0.736220107210202,1.497161008675925,-0.5078007830046403,-0.6298000037255774,-0.5039032598602688,-0.5896684618314822,1.7366819677269967,-0.5788898726408979,-0.5650320466312655
0.1970804285806316,0.5054994765718547,1.665287760627429,1.3454655888594491,-0.9910401379383962,-0.4250147577130797,1.3582894438856787,-0.6679308332270758,1.9692762072618977,-0.6298000037255774,-0.5039032598602688,1.6958682119339528,-0.5758106657310548,-0.5788898726408979,-0.5650320466312655
-0.4038763246721831,0.3623863326360679,-0.22306122378354656,-0.06524538242175558,1.0090408669826858,-0.4250147577130797,-0.736220107210202,-0.6679308332270758,-0.5078007830046403,-0.6298000037255774,1.9845078999435277,-0.5896684618314822,-0.5758106657310548,1.7274442813069022,-0.5650320466312655
0.46417231891521593,0.8871345270672859,-0.22306122378354656,-0.06524538242175558,-0.9910401379383962,-0.4250147577130797,1.3582894438856787,-0.6679308332270758,1.9692762072618977,-0.6298000037255774,-0.5039032598602688,1.6958682119339528,-0.5758106657310548,-0.5788898726408979,-0.5650320466312655
-0.6041952424231214,-0.5439969122905814,-1.6393229620917782,-1.4759563537029603,1.0090408669826858,-0.4250147577130797,-0.736220107210202,-0.6679308332270758,-0.5078007830046403,-0.6298000037255774,1.9845078999435277,-0.5896684618314822,-0.5758106657310548,-0.5788898726408979,1.769811121266526
-0.1367844343375988,1.1733608149388595,-1.4032793390404064,-1.4759563537029603,1.0090408669826858,-0.4250147577130797,-0.736220107210202,1.497161008675925,-0.5078007830046403,-0.6298000037255774,-0.5039032598602688,1.6958682119339528,-0.5758106657310548,-0.5788898726408979,-0.5650320466312655
1.4657669076699071,-0.06695309917129227,-0.45910484683491853,-1.4759563537029603,1.0090408669826858,-0.4250147577130797,-0.736220107210202,-0.6679308332270758,1.9692762072618977,-0.6298000037255774,-0.5039032598602688,-0.5896684618314822,-0.5758106657310548,1.7274442813069022,-0.5650320466312655
-0.8045141601740596,-0.5439969122905814,0.01298239926782539,-0.06524538242175558,1.0090408669826858,-0.4250147577130797,-0.736220107210202,-0.6679308332270758,1.9692762072618977,-0.6298000037255774,-0.5039032598602688,-0.5896684618314822,1.7366819677269967,-0.5788898726408979,-0.5650320466312655
0.7980371818334463,-1.0687451067217995,0.01298239926782539,1.3454655888594491,1.0090408669826858,-0.4250147577130797,-0.736220107210202,-0.6679308332270758,1.9692762072618977,-0.6298000037255774,-0.5039032598602688,1.6958682119339528,-0.5758106657310548,-0.5788898726408979,-0.5650320466312655
0.33062637374792375,0.7440213831314992,1.4292441375760572,-0.770600868062358,1.0090408669826858,-0.4250147577130797,-0.736220107210202,-0.6679308332270758,-0.5078007830046403,-0.6298000037255774,1.9845078999435277,-0.5896684618314822,1.7366819677269967,-0.5788898726408979,-0.5650320466312655
0.9315831270007384,1.6504046280581486,-1.1672357159890343,-1.4759563537029603,-0.9910401379383962,2.352859475705742,-0.736220107210202,-0.6679308332270758,-0.5078007830046403,1.5878056431954701,-0.5039032598602688,-0.5896684618314822,-0.5758106657310548,-0.5788898726408979,1.769811121266526
0.9983560995843845,0.07616004476449445,0.01298239926782539,-0.06524538242175558,1.0090408669826858,-0.4250147577130797,-0.736220107210202,-0.6679308332270758,-0.5078007830046403,1.5878056431954701,-0.5039032598602688,-0.5896684618314822,1.7366819677269967,-0.5788898726408979,-0.5650320466312655
-0.6041952424231214,-0.6394056749144392,1.4292441375760572,0.6401101032188468,1.0090408669826858,-0.4250147577130797,-0.736220107210202,-0.6679308332270758,-0.5078007830046403,-0.6298000037255774,1.9845078999435277,1.6958682119339528,-0.5758106657310548,-0.5788898726408979,-0.5650320466312655
-0.1367844343375988,-1.3549713945933728,1.665287760627429,0.6401101032188468,-0.9910401379383962,-0.4250147577130797,1.3582894438856787,1.497161008675925,-0.5078007830046403,-0.6298000037255774,-0.5039032598602688,-0.5896684618314822,1.7366819677269967,-0.5788898726408979,-0.5650320466312655
1.5325398802535533,1.6027002467462197,0.4850696453705693,0.6401101032188468,-0.9910401379383962,2.352859475705742,-0.736220107210202,-0.6679308332270758,-0.5078007830046403,1.5878056431954701,-0.5039032598602688,-0.5896684618314822,-0.5758106657310548,1.7274442813069022,-0.5650320466312655
0.1303074559969855,-1.402675775905302,-1.6393229620917782,1.3454655888594491,1.0090408669826858,-0.4250147577130797,-0.736220107210202,1.497161008675925,-0.5078007830046403,-0.6298000037255774,-0.5039032598602688,-0.5896684618314822,1.7366819677269967,-0.5788898726408979,-0.5650320466312655
1.5993128528371992,-0.8779275814740838,-0.9311920929376625,-0.06524538242175558,-0.9910401379383962,2.352859475705742,-0.736220107210202,-0.6679308332270758,1.9692762072618977,-0.6298000037255774,-0.5039032598602688,-0.5896684618314822,1.7366819677269967,-0.5788898726408979,-0.5650320466312655
-0.8045141601740596,-0.30547500573093683,1.4292441375760572,0.6401101032188468,1.0090408669826858,-0.4250147577130797,-0.736220107210202,1.497161008675925,-0.5078007830046403,-0.6298000037255774,-0.5039032598602688,1.6958682119339528,-0.5758106657310548,-0.5788898726408979,-0.5650320466312655
1.0651290721680307,1.1256564336269306,-1.4032793390404064,-1.4759563537029603,-0.9910401379383962,-0.4250147577130797,1.3582894438856787,1.497161008675925,-0.5078007830046403,-0.6298000037255774,-0.5039032598602688,-0.5896684618314822,-0.5758106657310548,-0.5788898726408979,1.769811121266526
-1.071606050508644,0.2192731887002812,-1.1672357159890343,-1.4759563537029603,-0.9910401379383962,2.352859475705742,-0.736220107210202,1.497161008675925,-0.5078007830046403,-0.6298000037255774,-0.5039032598602688,1.6958682119339528,-0.5758106657310548,-0.5788898726408979,-0.5650320466312655
1.398993935086261,0.5532038578837836,-0.6951484698862904,-0.770600868062358,-0.9910401379383962,2.352859475705742,-0.736220107210202,-0.6679308332270758,-0.5078007830046403,1.5878056431954701,-0.5039032598602688,-0.5896684618314822,1.7366819677269967,-0.5788898726408979,-0.5650320466312655
1.398993935086261,-0.1623618617951501,0.7211132684219412,0.6401101032188468,1.0090408669826858,-0.4250147577130797,-0.736220107210202,1.497161008675925,-0.5078007830046403,-0.6298000037255774,-0.5039032598602688,1.6958682119339528,-0.5758106657310548,-0.5788898726408979,-0.5650320466312655
-0.7377411875904135,-0.8302232001621549,0.01298239926782539,-1.4759563537029603,-0.9910401379383962,-0.4250147577130797,1.3582894438856787,-0.6679308332270758,1.9692762072618977,-0.6298000037255774,-0.5039032598602688,-0.5896684618314822,-0.5758106657310548,1.7274442813069022,-0.5650320466312655
0.8648101544170924,1.6504046280581486,1.1932005145246851,-0.770600868062358,-0.9910401379383962,2.352859475705742,-0.736220107210202,-0.6679308332270758,-0.5078007830046403,1.5878056431954701,-0.5039032598602688,-0.5896684618314822,-0.5758106657310548,1.7274442813069022,-0.5650320466312655
0.46417231891521593,-1.3549713945933728,0.01298239926782539,-1.4759563537029603,1.0090408669826858,-0.4250147577130797,-0.736220107210202,-0.6679308332270758,-0.5078007830046403,-0.6298000037255774,1.9845078999435277,-0.5896684618314822,-0.5758106657310548,1.7274442813069022,-0.5650320466312655
1.2654479899189688,-1.402675775905302,-1.4032793390404064,-1.4759563537029603,-0.9910401379383962,-0.4250147577130797,1.3582894438856787,1.497161008675925,-0.5078007830046403,-0.6298000037255774,-0.5039032598602688,-0.5896684618314822,-0.5758106657310548,-0.5788898726408979,1.769811121266526
1.2654479899189688,0.7917257644434281,-1.6393229620917782,0.6401101032188468,1.0090408669826858,-0.4250147577130797,-0.736220107210202,-0.6679308332270758,-0.5078007830046403,1.5878056431954701,-0.5039032598602688,1.6958682119339528,-0.5758106657310548,-0.5788898726408979,-0.5650320466312655
-0.9380601053413518,-1.3549713945933728,-0.6951484698862904,0.6401101032188468,1.0090408669826858,-0.4250147577130797,-0.736220107210202,-0.6679308332270758,1.9692762072618977,-0.6298000037255774,-0.5039032598602688,-0.5896684618314822,1.7366819677269967,-0.5788898726408979,-0.5650320466312655
-0.20355740692124488,-0.40088376835479467,0.01298239926782539,0.6401101032188468,1.0090408669826858,-0.4250147577130797,-0.736220107210202,-0.6679308332270758,-0.5078007830046403,-0.6298000037255774,1.9845078999435277,1.6958682119339528,-0.5758106657310548,-0.5788898726408979,-0.5650320466312655
1.4657669076699071,-0.9733363440979416,-0.9311920929376625,-0.06524538242175558,1.0090408669826858,-0.4250147577130797,-0.736220107210202,-0.6679308332270758,1.9692762072618977,-0.6298000037255774,-0.5039032598602688,-0.5896684618314822,-0.5758106657310548,1.7274442813069022,-0.5650320466312655
-0.07001146175395272,-0.1623618617951501,-0.9311920929376625,-1.4759563537029603,-0.9910401379383962,-0.4250147577130797,1.3582894438856787,1.497161008675925,-0.5078007830046403,-0.6298000037255774,-0.5039032598602688,-0.5896684618314822,1.7366819677269967,-0.5788898726408979,-0.5650320466312655
0.6644912366661542,0.028455663452565543,-0.22306122378354656,0.6401101032188468,1.0090408669826858,-0.4250147577130797,-0.736220107210202,-0.6679308332270758,-0.5078007830046403,-0.6298000037255774,1.9845078999435277,1.6958682119339528,-0.5758106657310548,-0.5788898726408979,-0.5650320466312655
-0.8045141601740596,-0.40088376835479467,0.01298239926782539,-0.06524538242175558,1.0090408669826858,-0.4250147577130797,-0.736220107210202,1.497161008675925,-0.5078007830046403,-0.6298000037255774,-0.5039032598602688,-0.5896684618314822,1.7366819677269967,-0.5788898726408979,-0.5650320466312655
0.1303074559969855,0.3623863326360679,-0.22306122378354656,0.6401101032188468,-0.9910401379383962,-0.4250147577130797,1.3582894438856787,-0.6679308332270758,1.9692762072618977,-0.6298000037255774,-0.5039032598602688,-0.5896684618314822,-0.5758106657310548,1.7274442813069022,-0.5650320466312655
1.5993128528371992,-0.44858814966672356,-1.6393229620917782,0.6401101032188468,-0.9910401379383962,-0.4250147577130797,1.3582894438856787,-0.6679308332270758,-0.5078007830046403,1.5878056431954701,-0.5039032598602688,1.6958682119339528,-0.5758106657310548,-0.5788898726408979,-0.5650320466312655
-1.0048330779249979,-0.5917012936025103,-0.45910484683491853,0.6401101032188468,-0.9910401379383962,-0.4250147577130797,1.3582894438856787,1.497161008675925,-0.5078007830046403,-0.6298000037255774,-0.5039032598602688,-0.5896684618314822,-0.5758106657310548,-0.5788898726408979,1.769811121266526
0.7980371818334463,-0.8779275814740838,-0.45910484683491853,1.3454655888594491,1.0090408669826858,-0.4250147577130797,-0.736220107210202,-0.6679308332270758,-0.5078007830046403,-0.6298000037255774,1.9845078999435277,-0.5896684618314822,-0.5758106657310548,-0.5788898726408979,1.769811121266526
-0.1367844343375988,-0.44858814966672356,0.4850696453705693,1.3454655888594491,1.0090408669826858,-0.4250147577130797,-0.736220107210202,1.497161008675925,-0.5078007830046403,-0.6298000037255774,-0.5039032598602688,1.6958682119339528,-0.5758106657310548,-0.5788898726408979,-0.5650320466312655
-0.20355740692124488,0.2192731887002812,-0.45910484683491853,1.3454655888594491,-0.9910401379383962,2.352859475705742,-0.736220107210202,-0.6679308332270758,-0.5078007830046403,-0.6298000037255774,1.9845078999435277,1.6958682119339528,-0.5758106657310548,-0.5788898726408979,-0.5650320466312655
1.6660858254208453,1.2210651962507884,-1.6393229620917782,-0.06524538242175558,-0.9910401379383962,2.352859475705742,-0.736220107210202,1.497161008675925,-0.5078007830046403,-0.6298000037255774,-0.5039032598602688,-0.5896684618314822,-0.5758106657310548,1.7274442813069022,-0.5650320466312655
-0.8045141601740596,0.8871345270672859,-0.6951484698862904,1.3454655888594491,-0.9910401379383962,2.352859475705742,-0.736220107210202,-0.6679308332270758,-0.5078007830046403,-0.6298000037255774,1.9845078999435277,-0.5896684618314822,-0.5758106657310548,1.7274442813069022,-0.5650320466312655
0.6644912366661542,0.839430145755357,0.4850696453705693,-0.06524538242175558,-0.9910401379383962,2.352859475705742,-0.736220107210202,-0.6679308332270758,-0.5078007830046403,-0.6298000037255774,1.9845078999435277,1.6958682119339528,-0.5758106657310548,-0.5788898726408979,-0.5650320466312655
1.398993935086261,-0.3531793870428657,0.24902602231919735,-0.06524538242175558,1.0090408669826858,-0.4250147577130797,-0.736220107210202,-0.6679308332270758,-0.5078007830046403,1.5878056431954701,-0.5039032598602688,-0.5896684618314822,1.7366819677269967,-0.5788898726408979,-0.5650320466312655
0.3973993463315698,1.3164739588746461,0.7211132684219412,0.6401101032188468,1.0090408669826858,-0.4250147577130797,-0.736220107210202,1.497161008675925,-0.5078007830046403,-0.6298000037255774,-0.5039032598602688,-0.5896684618314822,-0.5758106657310548,1.7274442813069022,-0.5650320466312655
0.8648101544170924,0.6486126205076413,0.4850696453705693,1.3454655888594491,-0.9910401379383962,-0.4250147577130797,1.3582894438856787,-0.6679308332270758,-0.5078007830046403,1.5878056431954701,-0.5039032598602688,-0.5896684618314822,-0.5758106657310548,1.7274442813069022,-0.5650320466312655
-1.7393357763451047,-0.734814437538297,0.01298239926782539,-0.770600868062358,1.0090408669826858,-0.4250147577130797,-0.736220107210202,-0.6679308332270758,1.9692762072618977,-0.6298000037255774,-0.5039032598602688,-0.5896684618314822,1.7366819677269967,-0.5788898726408979,-0.5650320466312655
1.1319020447516768,-1.0687451067217995,1.1932005145246851,-0.06524538242175558,1.0090408669826858,-0.4250147577130797,-0.736220107210202,-0.6679308332270758,1.9692762072618977,-0.6298000037255774,-0.5039032598602688,-0.5896684618314822,-0.5758106657310548,1.7274442813069022,-0.5650320466312655
0.6644912366661542,-0.9733363440979416,1.4292441375760572,-0.06524538242175558,-0.9910401379383962,-0.4250147577130797,1.3582894438856787,1.497161008675925,-0.5078007830046403,-0.6298000037255774,-0.5039032598602688,-0.5896684618314822,1.7366819677269967,-0.5788898726408979,-0.5650320466312655
1.4657669076699071,-1.4503801572172308,0.24902602231919735,-1.4759563537029603,1.0090408669826858,-0.4250147577130797,-0.736220107210202,1.497161008675925,-0.5078007830046403,-0.6298000037255774,-0.5039032598602688,1.6958682119339528,-0.5758106657310548,-0.5788898726408979,-0.5650320466312655
-0.8712871327577056,-1.402675775905302,1.1932005145246851,-0.770600868062358,-0.9910401379383962,2.352859475705742,-0.736220107210202,1.497161008675925,-0.5078007830046403,-0.6298000037255774,-0.5039032598602688,1.6958682119339528,-0.5758106657310548,-0.5788898726408979,-0.5650320466312655
-0.1367844343375988,0.6486126205076413,0.9571568914733132,-1.4759563537029603,1.0090408669826858,-0.4250147577130797,-0.736220107210202,-0.6679308332270758,1.9692762072618977,-0.6298000037255774,-0.5039032598602688,-0.5896684618314822,-0.5758106657310548,-0.5788898726408979,1.769811121266526
0.6644912366661542,-0.6394056749144392,-1.1672357159890343,-1.4759563537029603,1.0090408669826858,-0.4250147577130797,-0.736220107210202,-0.6679308332270758,-0.5078007830046403,-0.6298000037255774,1.9845078999435277,-0.5896684618314822,-0.5758106657310548,1.7274442813069022,-0.5650320466312655
1.398993935086261,0.41009071394799684,0.4850696453705693,1.3454655888594491,1.0090408669826858,-0.4250147577130797,-0.736220107210202,-0.6679308332270758,-0.5078007830046403,1.5878056431954701,-0.5039032598602688,-0.5896684618314822,-0.5758106657310548,-0.5788898726408979,1.769811121266526
0.6644912366661542,-0.5439969122905814,0.01298239926782539,1.3454655888594491,1.0090408669826858,-0.4250147577130797,-0.736220107210202,-0.6679308332270758,-0.5078007830046403,1.5878056431954701,-0.5039032598602688,1.6958682119339528,-0.5758106657310548,-0.5788898726408979,-0.5650320466312655
-1.1383790230922899,1.364178340186575,-0.22306122378354656,0.6401101032188468,1.0090408669826858,-0.4250147577130797,-0.736220107210202,-0.6679308332270758,1.9692762072618977,-0.6298000037255774,-0.5039032598602688,-0.5896684618314822,-0.5758106657310548,-0.5788898726408979,1.769811121266526
-0.20355740692124488,-0.5917012936025103,-1.1672357159890343,0.6401101032188468,1.0090408669826858,-0.4250147577130797,-0.736220107210202,1.497161008675925,-0.5078007830046403,-0.6298000037255774,-0.5039032598602688,1.6958682119339528,-0.5758106657310548,-0.5788898726408979,-0.5650320466312655
0.2638534011642777,0.3623863326360679,0.01298239926782539,-0.06524538242175558,-0.9910401379383962,-0.4250147577130797,1.3582894438856787,-0.6679308332270758,-0.5078007830046403,1.5878056431954701,-0.5039032598602688,-0.5896684618314822,1.7366819677269967,-0.5788898726408979,-0.5650320466312655
0.2638534011642777,1.0302476710030728,0.4850696453705693,-1.4759563537029603,-0.9910401379383962,-0.4250147577130797,1.3582894438856787,-0.6679308332270758,-0.5078007830046403,-0.6298000037255774,1.9845078999435277,-0.5896684618314822,1.7366819677269967,-0.5788898726408979,-0.5650320466312655
1.398993935086261,0.6486126205076413,1.665287760627429,1.3454655888594491,1.0090408669826858,-0.4250147577130797,-0.736220107210202,-0.6679308332270758,-0.5078007830046403,-0.6298000037255774,1.9845078999435277,-0.5896684618314822,-0.5758106657310548,-0.5788898726408979,1.769811121266526
-1.205151995675936,-0.25777062441900794,-1.1672357159890343,0.6401101032188468,1.0090408669826858,-0.4250147577130797,-0.736220107210202,1.497161008675925,-0.5078007830046403,-0.6298000037255774,-0.5039032598602688,1.6958682119339528,-0.5758106657310548,-0.5788898726408979,-0.5650320466312655
0.8648101544170924,1.1733608149388595,1.4292441375760572,-1.4759563537029603,-0.9910401379383962,-0.4250147577130797,1.3582894438856787,-0.6679308332270758,1.9692762072618977,-0.6298000037255774,-0.5039032598602688,-0.5896684618314822,-0.5758106657310548,-0.5788898726408979,1.769811121266526
0.7980371818334463,0.8871345270672859,-0.6951484698862904,0.6401101032188468,-0.9910401379383962,2.352859475705742,-0.736220107210202,1.497161008675925,-0.5078007830046403,-0.6298000037255774,-0.5039032598602688,1.6958682119339528,-0.5758106657310548,-0.5788898726408979,-0.5650320466312655
-1.5390168585941664,0.2192731887002812,0.7211132684219412,-1.4759563537029603,1.0090408669826858,-0.4250147577130797,-0.736220107210202,-0.6679308332270758,1.9692762072618977,-0.6298000037255774,-0.5039032598602688,-0.5896684618314822,1.7366819677269967,-0.5788898726408979,-0.5650320466312655
-0.07001146175395272,-0.3531793870428657,1.4292441375760572,-0.770600868062358,1.0090408669826858,-0.4250147577130797,-0.736220107210202,-0.6679308332270758,-0.5078007830046403,-0.6298000037255774,1.9845078999435277,-0.5896684618314822,-0.5758106657310548,1.7274442813069022,-0.5650320466312655
-0.9380601053413518,0.6009082391957125,-0.45910484683491853,0.6401101032188468,-0.9910401379383962,-0.4250147577130797,1.3582894438856787,-0.6679308332270758,-0.5078007830046403,1.5878056431954701,-0.5039032598602688,1.6958682119339528,-0.5758106657310548,-0.5788898726408979,-0.5650320466312655
1.1986750173353227,-1.6411976824649464,0.01298239926782539,-0.06524538242175558,1.0090408669826858,-0.4250147577130797,-0.736220107210202,-0.6679308332270758,1.9692762072618977,-0.6298000037255774,-0.5039032598602688,-0.5896684618314822,-0.5758106657310548,1.7274442813069022,-0.5650320466312655
-1.205151995675936,-0.44858814966672356,0.7211132684219412,1.3454655888594491,-0.9910401379383962,-0.4250147577130797,1.3582894438856787,1.497161008675925,-0.5078007830046403,-0.6298000037255774,-0.5039032598602688,1.6958682119339528,-0.5758106657310548,-0.5788898726408979,-0.5650320466312655
1.5325398802535533,-1.307267013281444,0.01298239926782539,1.3454655888594491,1.0090408669826858,-0.4250147577130797,-0.736220107210202,-0.6679308332270758,-0.5078007830046403,1.5878056431954701,-0.5039032598602688,-0.5896684618314822,1.7366819677269967,-0.5788898726408979,-0.5650320466312655
0.9315831270007384,-0.30547500573093683,1.1932005145246851,0.6401101032188468,1.0090408669826858,-0.4250147577130797,-0.736220107210202,-0.6679308332270758,-0.5078007830046403,1.5878056431954701,-0.5039032598602688,-0.5896684618314822,-0.5758106657310548,-0.5788898726408979,1.769811121266526
0.06353448341333943,1.2687695775627172,0.9571568914733132,-0.770600868062358,-0.9910401379383962,2.352859475705742,-0.736220107210202,-0.6679308332270758,1.9692762072618977,-0.6298000037255774,-0.5039032598602688,1.6958682119339528,-0.5758106657310548,-0.5788898726408979,-0.5650320466312655
1.332220962502615,-0.8302232001621549,-1.1672357159890343,-1.4759563537029603,-0.9910401379383962,-0.4250147577130797,1.3582894438856787,-0.6679308332270758,1.9692762072618977,-0.6298000037255774,-0.5039032598602688,-0.5896684618314822,-0.5758106657310548,1.7274442813069022,-0.5650320466312655
-1.071606050508644,0.2192731887002812,0.01298239926782539,-0.770600868062358,-0.9910401379383962,2.352859475705742,-0.736220107210202,-0.6679308332270758,1.9692762072618977,-0.6298000037255774,-0.5039032598602688,1.6958682119339528,-0.5758106657310548,-0.5788898726408979,-0.5650320466312655
-1.3386979408432282,-0.30547500573093683,-1.6393229620917782,1.3454655888594491,1.0090408669826858,-0.4250147577130797,-0.736220107210202,-0.6679308332270758,1.9692762072618977,-0.6298000037255774,-0.5039032598602688,-0.5896684618314822,1.7366819677269967,-0.5788898726408979,-0.5650320466312655
0.33062637374792375,-0.5917012936025103,0.01298239926782539,1.3454655888594491,-0.9910401379383962,-0.4250147577130797,1.3582894438856787,-0.6679308332270758,-0.5078007830046403,1.5878056431954701,-0.5039032598602688,-0.5896684618314822,-0.5758106657310548,-0.5788898726408979,1.769811121266526
0.7980371818334463,1.364178340186575,0.24902602231919735,-0.06524538242175558,-0.9910401379383962,2.352859475705742,-0.736220107210202,-0.6679308332270758,-0.5078007830046403,-0.6298000037255774,1.9845078999435277,-0.5896684618314822,-0.5758106657310548,-0.5788898726408979,1.769811121266526
1.4657669076699071,-0.5439969122905814,-0.45910484683491853,-1.4759563537029603,-0.9910401379383962,-0.4250147577130797,1.3582894438856787,1.497161008675925,-0.5078007830046403,-0.6298000037255774,-0.5039032598602688,-0.5896684618314822,-0.5758106657310548,1.7274442813069022,-0.5650320466312655
1.5325398802535533,0.41009071394799684,0.9571568914733132,-0.06524538242175558,1.0090408669826858,-0.4250147577130797,-0.736220107210202,-0.6679308332270758,1.9692762072618977,-0.6298000037255774,-0.5039032598602688,-0.5896684618314822,-0.5758106657310548,1.7274442813069022,-0.5650320466312655
0.8648101544170924,0.7440213831314992,-1.6393229620917782,-0.770600868062358,1.0090408669826858,-0.4250147577130797,-0.736220107210202,1.497161008675925,-0.5078007830046403,-0.6298000037255774,-0.5039032598602688,-0.5896684618314822,1.7366819677269967,-0.5788898726408979,-0.5650320466312655
-1.4722438860105203,0.9825432896911438,1.665287760627429,-0.770600868062358,-0.9910401379383962,-0.4250147577130797,1.3582894438856787,-0.6679308332270758,-0.5078007830046403,-0.6298000037255774,1.9845078999435277,1.6958682119339528,-0.5758106657310548,-0.5788898726408979,-0.5650320466312655
1.5325398802535533,-1.1641538693456572,-1.4032793390404064,-1.4759563537029603,1.0090408669826858,-0.4250147577130797,-0.736220107210202,1.497161008675925,-0.5078007830046403,-0.6298000037255774,-0.5039032598602688,-0.5896684618314822,1.7366819677269967,-0.5788898726408979,-0.5650320466312655
-1.3386979408432282,1.4595871028104328,1.665287760627429,-0.770600868062358,1.0090408669826858,-0.4250147577130797,-0.736220107210202,1.497161008675925,-0.5078007830046403,-0.6298000037255774,-0.5039032598602688,-0.5896684618314822,1.7366819677269967,-0.5788898726408979,-0.5650320466312655
-1.4722438860105203,-1.4980845385291597,0.9571568914733132,-1.4759563537029603,-0.9910401379383962,2.352859475705742,-0.736220107210202,1.497161008675925,-0.5078007830046403,-0.6298000037255774,-0.5039032598602688,-0.5896684618314822,-0.5758106657310548,-0.5788898726408979,1.769811121266526
-0.6041952424231214,-1.1164494880337283,-0.45910484683491853,-0.770600868062358,-0.9910401379383962,-0.4250147577130797,1.3582894438856787,1.497161008675925,-0.5078007830046403,-0.6298000037255774,-0.5039032598602688,-0.5896684618314822,1.7366819677269967,-0.5788898726408979,-0.5650320466312655
-0.27033037950489097,-1.1164494880337283,-1.4032793390404064,0.6401101032188468,-0.9910401379383962,-0.4250147577130797,1.3582894438856787,-0.6679308332270758,1.9692762072618977,-0.6298000037255774,-0.5039032598602688,-0.5896684618314822,1.7366819677269967,-0.5788898726408979,-0.5650320466312655
-0.4706492972558292,-0.4962925309786525,0.4850696453705693,-1.4759563537029603,1.0090408669826858,-0.4250147577130797,-0.736220107210202,-0.6679308332270758,1.9692762072618977,-0.6298000037255774,-0.5039032598602688,-0.5896684618314822,1.7366819677269967,-0.5788898726408979,-0.5650320466312655
0.1303074559969855,0.6486126205076413,0.7211132684219412,1.3454655888594491,1.0090408669826858,-0.4250147577130797,-0.736220107210202,-0.6679308332270758,1.9692762072618977,-0.6298000037255774,-0.5039032598602688,-0.5896684618314822,1.7366819677269967,-0.5788898726408979,-0.5650320466312655
-0.4038763246721831,-0.40088376835479467,1.1932005145246851,1.3454655888594491,1.0090408669826858,-0.4250147577130797,-0.736220107210202,-0.6679308332270758,1.9692762072618977,-0.6298000037255774,-0.5039032598602688,1.6958682119339528,-0.5758106657310548,-0.5788898726408979,-0.5650320466312655
0.1970804285806316,-0.9733363440979416,-0.22306122378354656,-0.06524538242175558,-0.9910401379383962,2.352859475705742,-0.736220107210202,1.497161008675925,-0.5078007830046403,-0.6298000037255774,-0.5039032598602688,-0.5896684618314822,-0.5758106657310548,1.7274442813069022,-0.5650320466312655
0.9983560995843845,1.364178340186575,0.9571568914733132,-1.4759563537029603,-0.9910401379383962,2.352859475705742,-0.736220107210202,1.497161008675925,-0.5078007830046403,-0.6298000037255774,-0.5039032598602688,-0.5896684618314822,-0.5758106657310548,1.7274442813069022,-0.5650320466312655
0.46417231891521593,0.17156880738835228,-0.22306122378354656,0.6401101032188468,-0.9910401379383962,-0.4250147577130797,1.3582894438856787,-0.6679308332270758,-0.5078007830046403,1.5878056431954701,-0.5039032598602688,-0.5896684618314822,-0.5758106657310548,-0.5788898726408979,1.769811121266526
-0.07001146175395272,-1.1164494880337283,-0.22306122378354656,0.6401101032188468,-0.9910401379383962,-0.4250147577130797,1.3582894438856787,-0.6679308332270758,-0.5078007830046403,-0.6298000037255774,1.9845078999435277,-0.5896684618314822,-0.5758106657310548,1.7274442813069022,-0.5650320466312655
0.8648101544170924,-0.40088376835479467,1.665287760627429,1.3454655888594491,1.0090408669826858,-0.4250147577130797,-0.736220107210202,-0.6679308332270758,-0.5078007830046403,-0.6298000037255774,1.9845078999435277,-0.5896684618314822,-0.5758106657310548,1.7274442813069022,-0.5650320466312655
-0.8712871327577056,-0.06695309917129227,0.9571568914733132,-1.4759563537029603,1.0090408669826858,-0.4250147577130797,-0.736220107210202,-0.6679308332270758,-0.5078007830046403,1.5878056431954701,-0.5039032598602688,-0.5896684618314822,-0.5758106657310548,-0.5788898726408979,1.769811121266526
-1.4054709134268744,0.45779509525992573,-1.4032793390404064,-0.770600868062358,-0.9910401379383962,-0.4250147577130797,1.3582894438856787,-0.6679308332270758,-0.5078007830046403,1.5878056431954701,-0.5039032598602688,-0.5896684618314822,-0.5758106657310548,-0.5788898726408979,1.769811121266526
-0.20355740692124488,-1.307267013281444,-0.9311920929376625,1.3454655888594491,1.0090408669826858,-0.4250147577130797,-0.736220107210202,-0.6679308332270758,-0.5078007830046403,1.5878056431954701,-0.5039032598602688,-0.5896684618314822,-0.5758106657310548,-0.5788898726408979,1.769811121266526
0.597718264082508,-0.9733363440979416,1.665287760627429,1.3454655888594491,-0.9910401379383962,-0.4250147577130797,1.3582894438856787,-0.6679308332270758,-0.5078007830046403,-0.6298000037255774,1.9845078999435277,-0.5896684618314822,1.7366819677269967,-0.5788898726408979,-0.5650320466312655
0.7980371818334463,-0.40088376835479467,-1.4032793390404064,-1.4759563537029603,-0.9910401379383962,-0.4250147577130797,1.3582894438856787,-0.6679308332270758,-0.5078007830046403,-0.6298000037255774,1.9845078999435277,-0.5896684618314822,-0.5758106657310548,1.7274442813069022,-0.5650320466312655
0.2638534011642777,-1.307267013281444,0.01298239926782539,0.6401101032188468,-0.9910401379383962,-0.4250147577130797,1.3582894438856787,-0.6679308332270758,-0.5078007830046403,1.5878056431954701,-0.5039032598602688,-0.5896684618314822,-0.5758106657310548,1.7274442813069022,-0.5650320466312655
-1.1383790230922899,-1.307267013281444,0.01298239926782539,-0.770600868062358,1.0090408669826858,-0.4250147577130797,-0.736220107210202,1.497161008675925,-0.5078007830046403,-0.6298000037255774,-0.5039032598602688,1.6958682119339528,-0.5758106657310548,-0.5788898726408979,-0.5650320466312655
-1.205151995675936,-0.4962925309786525,-0.45910484683491853,1.3454655888594491,1.0090408669826858,-0.4250147577130797,-0.736220107210202,-0.6679308332270758,-0.5078007830046403,1.5878056431954701,-0.5039032598602688,-0.5896684618314822,-0.5758106657310548,1.7274442813069022,-0.5650320466312655
1.1319020447516768,-1.1164494880337283,1.1932005145246851,1.3454655888594491,-0.9910401379383962,-0.4250147577130797,1.3582894438856787,1.497161008675925,-0.5078007830046403,-0.6298000037255774,-0.5039032598602688,-0.5896684618314822,1.7366819677269967,-0.5788898726408979,-0.5650320466312655
1.1319020447516768,0.8871345270672859,1.665287760627429,1.3454655888594491,1.0090408669826858,-0.4250147577130797,-0.736220107210202,-0.6679308332270758,-0.5078007830046403,1.5878056431954701,-0.5039032598602688,1.6958682119339528,-0.5758106657310548,-0.5788898726408979,-0.5650320466312655
0.7312642092498002,0.2192731887002812,-0.22306122378354656,-0.770600868062358,-0.9910401379383962,-0.4250147577130797,1.3582894438856787,1.497161008675925,-0.5078007830046403,-0.6298000037255774,-0.5039032598602688,-0.5896684618314822,-0.5758106657310548,-0.5788898726408979,1.769811121266526
-1.7393357763451047,-0.44858814966672356,0.9571568914733132,-1.4759563537029603,1.0090408669826858,-0.4250147577130797,-0.736220107210202,-0.6679308332270758,1.9692762072618977,-0.6298000037255774,-0.5039032598602688,1.6958682119339528,-0.5758106657310548,-0.5788898726408979,-0.5650320466312655
-1.4722438860105203,0.7440213831314992,0.01298239926782539,-1.4759563537029603,1.0090408669826858,-0.4250147577130797,-0.736220107210202,-0.6679308332270758,1.9692762072618977,-0.6298000037255774,-0.5039032598602688,-0.5896684618314822,1.7366819677269967,-0.5788898726408979,-0.5650320466312655
0.7980371818334463,-1.5934933011530175,0.4850696453705693,-0.06524538242175558,1.0090408669826858,-0.4250147577130797,-0.736220107210202,-0.6679308332270758,1.9692762072618977,-0.6298000037255774,-0.5039032598602688,-0.5896684618314822,-0.5758106657310548,-0.5788898726408979,1.769811121266526
0.33062637374792375,1.6981090093700775,1.665287760627429,1.3454655888594491,-0.9910401379383962,-0.4250147577130797,1.3582894438856787,1.497161008675925,-0.5078007830046403,-0.6298000037255774,-0.5039032598602688,-0.5896684618314822,-0.5758106657310548,-0.5788898726408979,1.769811121266526
-0.0032384891703066414,0.45779509525992573,-0.9311920929376625,1.3454655888594491,1.0090408669826858,-0.4250147577130797,-0.736220107210202,1.497161008675925,-0.5078007830046403,-0.6298000037255774,-0.5039032598602688,-0.5896684618314822,-0.5758106657310548,1.7274442813069022,-0.5650320466312655
1.1986750173353227,-0.40088376835479467,0.24902602231919735,-0.06524538242175558,1.0090408669826858,-0.4250147577130797,-0.736220107210202,1.497161008675925,-0.5078007830046403,-0.6298000037255774,-0.5039032598602688,1.6958682119339528,-0.5758106657310548,-0.5788898726408979,-0.5650320466312655
0.1970804285806316,-1.5934933011530175,-1.1672357159890343,0.6401101032188468,1.0090408669826858,-0.4250147577130797,-0.736220107210202,1.497161008675925,-0.5078007830046403,-0.6298000037255774,-0.5039032598602688,-0.5896684618314822,1.7366819677269967,-0.5788898726408979,-0.5650320466312655
1.1319020447516768,0.8871345270672859,1.4292441375760572,0.6401101032188468,1.0090408669826858,-0.4250147577130797,-0.736220107210202,-0.6679308332270758,-0.5078007830046403,1.5878056431954701,-0.5039032598602688,-0.5896684618314822,-0.5758106657310548,-0.5788898726408979,1.769811121266526
-0.4038763246721831,-0.21006624310707903,-1.1672357159890343,-1.4759563537029603,1.0090408669826858,-0.4250147577130797,-0.736220107210202,1.497161008675925,-0.5078007830046403,-0.6298000037255774,-0.5039032598602688,-0.5896684618314822,-0.5758106657310548,-0.5788898726408979,1.769811121266526
-1.5390168585941664,0.9825432896911438,0.24902602231919735,-0.06524538242175558,-0.9910401379383962,2.352859475705742,-0.736220107210202,1.497161008675925,-0.5078007830046403,-0.6298000037255774,-0.5039032598602688,-0.5896684618314822,-0.5758106657310548,-0.5788898726408979,1.769811121266526
-1.205151995675936,0.07616004476449445,-1.4032793390404064,0.6401101032188468,-0.9910401379383962,2.352859475705742,-0.736220107210202,1.497161008675925,-0.5078007830046403,-0.6298000037255774,-0.5039032598602688,-0.5896684618314822,-0.5758106657310548,1.7274442813069022,-0.5650320466312655
-0.27033037950489097,-1.2118582506575861,-0.22306122378354656,-1.4759563537029603,-0.9910401379383962,-0.4250147577130797,1.3582894438856787,-0.6679308332270758,1.9692762072618977,-0.6298000037255774,-0.5039032598602688,-0.5896684618314822,-0.5758106657310548,-0.5788898726408979,1.769811121266526
0.06353448341333943,0.41009071394799684,-1.6393229620917782,-0.770600868062358,1.0090408669826858,-0.4250147577130797,-0.736220107210202,1.497161008675925,-0.5078007830046403,-0.6298000037255774,-0.5039032598602688,-0.5896684618314822,-0.5758106657310548,-0.5788898726408979,1.769811121266526
0.8648101544170924,0.6009082391957125,0.4850696453705693,0.6401101032188468,1.0090408669826858,-0.4250147577130797,-0.736220107210202,-0.6679308332270758,-0.5078007830046403,1.5878056431954701,-0.5039032598602688,-0.5896684618314822,1.7366819677269967,-0.5788898726408979,-0.5650320466312655
1.5993128528371992,-1.0210407254098706,1.1932005145246851,0.6401101032188468,1.0090408669826858,-0.4250147577130797,-0.736220107210202,1.497161008675925,-0.5078007830046403,-0.6298000037255774,-0.5039032598602688,1.6958682119339528,-0.5758106657310548,-0.5788898726408979,-0.5650320466312655
-0.33710335208853703,-1.4980845385291597,0.24902602231919735,-1.4759563537029603,-0.9910401379383962,2.352859475705742,-0.736220107210202,-0.6679308332270758,-0.5078007830046403,-0.6298000037255774,1.9845078999435277,-0.5896684618314822,-0.5758106657310548,-0.5788898726408979,1.769811121266526
-0.4706492972558292,0.2192731887002812,-0.6951484698862904,-0.06524538242175558,1.0090408669826858,-0.4250147577130797,-0.736220107210202,1.497161008675925,-0.5078007830046403,-0.6298000037255774,-0.5039032598602688,-0.5896684618314822,-0.5758106657310548,1.7274442813069022,-0.5650320466312655
0.3973993463315698,1.2687695775627172,-1.6393229620917782,-0.06524538242175558,-0.9910401379383962,-0.4250147577130797,1.3582894438856787,-0.6679308332270758,-0.5078007830046403,1.5878056431954701,-0.5039032598602688,1.6958682119339528,-0.5758106657310548,-0.5788898726408979,-0.5650320466312655
0.9315831270007384,0.17156880738835228,1.665287760627429,-0.06524538242175558,-0.9910401379383962,2.352859475705742,-0.736220107210202,-0.6679308332270758,-0.5078007830046403,-0.6298000037255774,1.9845078999435277,-0.5896684618314822,1.7366819677269967,-0.5788898726408979,-0.5650320466312655
0.7312642092498002,0.5054994765718547,0.9571568914733132,-1.4759563537029603,1.0090408669826858,-0.4250147577130797,-0.736220107210202,1.497161008675925,-0.5078007830046403,-0.6298000037255774,-0.5039032598602688,-0.5896684618314822,-0.5758106657310548,1.7274442813069022,-0.5650320466312655
1.332220962502615,1.5072914841223617,0.24902602231919735,-1.4759563537029603,1.0090408669826858,-0.4250147577130797,-0.736220107210202,1.497161008675925,-0.5078007830046403,-0.6298000037255774,-0.5039032598602688,-0.5896684618314822,1.7366819677269967,-0.5788898726408979,-0.5650320466312655
0.9315831270007384,0.6009082391957125,1.665287760627429,-1.4759563537029603,1.0090408669826858,-0.4250147577130797,-0.736220107210202,-0.6679308332270758,-0.5078007830046403,1.5878056431954701,-0.5039032598602688,-0.5896684618314822,-0.5758106657310548,1.7274442813069022,-0.5650320466312655
-0.7377411875904135,0.5054994765718547,-1.6393229620917782,-0.770600868062358,1.0090408669826858,-0.4250147577130797,-0.736220107210202,-0.6679308332270758,-0.5078007830046403,1.5878056431954701,-0.5039032598602688,-0.5896684618314822,-0.5758106657310548,-0.5788898726408979,1.769811121266526
0.06353448341333943,-0.30547500573093683,-0.6951484698862904,-0.770600868062358,-0.9910401379383962,-0.4250147577130797,1.3582894438856787,-0.6679308332270758,-0.5078007830046403,-0.6298000037255774,1.9845078999435277,-0.5896684618314822,1.7366819677269967,-0.5788898726408979,-0.5650320466312655
1.1986750173353227,0.6009082391957125,-1.6393229620917782,1.3454655888594491,-0.9910401379383962,-0.4250147577130797,1.3582894438856787,-0.6679308332270758,-0.5078007830046403,1.5878056431954701,-0.5039032598602688,-0.5896684618314822,-0.5758106657310548,-0.5788898726408979,1.769811121266526
0.8648101544170924,-0.4962925309786525,1.1932005145246851,0.6401101032188468,1.0090408669826858,-0.4250147577130797,-0.736220107210202,1.497161008675925,-0.5078007830046403,-0.6298000037255774,-0.5039032598602688,1.6958682119339528,-0.5758106657310548,-0.5788898726408979,-0.5650320466312655
1.4657669076699071,1.1256564336269306,0.01298239926782539,-1.4759563537029603,1.0090408669826858,-0.4250147577130797,-0.736220107210202,-0.6679308332270758,-0.5078007830046403,-0.6298000037255774,1.9845078999435277,-0.5896684618314822,1.7366819677269967,-0.5788898726408979,-0.5650320466312655
0.7980371818334463,-0.9256319627860127,-1.4032793390404064,-1.4759563537029603,-0.9910401379383962,-0.4250147577130797,1.3582894438856787,1.497161008675925,-0.5078007830046403,-0.6298000037255774,-0.5039032598602688,-0.5896684618314822,-0.5758106657310548,-0.5788898726408979,1.769811121266526
0.06353448341333943,0.2669775700122101,0.7211132684219412,-0.770600868062358,-0.9910401379383962,2.352859475705742,-0.736220107210202,-0.6679308332270758,-0.5078007830046403,1.5878056431954701,-0.5039032598602688,-0.5896684618314822,-0.5758106657310548,1.7274442813069022,-0.5650320466312655
-1.7393357763451047,-1.6889020637768752,-0.22306122378354656,0.6401101032188468,1.0090408669826858,-0.4250147577130797,-0.736220107210202,1.497161008675925,-0.5078007830046403,-0.6298000037255774,-0.5039032598602688,-0.5896684618314822,1.7366819677269967,-0.5788898726408979,-0.5650320466312655
0.2638534011642777,-0.8302232001621549,0.01298239926782539,0.6401101032188468,-0.9910401379383962,-0.4250147577130797,1.3582894438856787,-0.6679308332270758,-0.5078007830046403,-0.6298000037255774,1.9845078999435277,-0.5896684618314822,1.7366819677269967,-0.5788898726408979,-0.5650320466312655
0.33062637374792375,0.7440213831314992,1.665287760627429,-1.4759563537029603,1.0090408669826858,-0.4250147577130797,-0.736220107210202,-0.6679308332270758,-0.5078007830046403,1.5878056431954701,-0.5039032598602688,-0.5896684618314822,1.7366819677269967,-0.5788898726408979,-0.5650320466312655
0.9315831270007384,1.4595871028104328,-0.45910484683491853,-0.06524538242175558,-0.9910401379383962,2.352859475705742,-0.736220107210202,-0.6679308332270758,1.9692762072618977,-0.6298000037255774,-0.5039032598602688,-0.5896684618314822,1.7366819677269967,-0.5788898726408979,-0.5650320466312655
-0.6041952424231214,-1.307267013281444,-0.9311920929376625,-0.770600868062358,-0.9910401379383962,-0.4250147577130797,1.3582894438856787,-0.6679308332270758,1.9692762072618977,-0.6298000037255774,-0.5039032598602688,-0.5896684618314822,-0.5758106657310548,-0.5788898726408979,1.769811121266526
-0.4038763246721831,0.6486126205076413,1.665287760627429,1.3454655888594491,1.0090408669826858,-0.4250147577130797,-0.736220107210202,-0.6679308332270758,-0.5078007830046403,-0.6298000037255774,1.9845078999435277,1.6958682119339528,-0.5758106657310548,-0.5788898726408979,-0.5650320466312655
-1.2719249682595821,1.4595871028104328,0.24902602231919735,0.6401101032188468,-0.9910401379383962,2.352859475705742,-0.736220107210202,1.497161008675925,-0.5078007830046403,-0.6298000037255774,-0.5039032598602688,-0.5896684618314822,1.7366819677269967,-0.5788898726408979,-0.5650320466312655
-0.6041952424231214,1.3164739588746461,-0.22306122378354656,1.3454655888594491,1.0090408669826858,-0.4250147577130797,-0.736220107210202,-0.6679308332270758,-0.5078007830046403,1.5878056431954701,-0.5039032598602688,-0.5896684618314822,-0.5758106657310548,-0.5788898726408979,1.769811121266526
-0.20355740692124488,-1.307267013281444,0.7211132684219412,-0.06524538242175558,1.0090408669826858,-0.4250147577130797,-0.736220107210202,-0.6679308332270758,-0.5078007830046403,1.5878056431954701,-0.5039032598602688,-0.5896684618314822,1.7366819677269967,-0.5788898726408979,-0.5650320466312655
0.1970804285806316,0.6963170018195703,0.01298239926782539,-1.4759563537029603,1.0090408669826858,-0.4250147577130797,-0.736220107210202,1.497161008675925,-0.5078007830046403,-0.6298000037255774,-0.5039032598602688,-0.5896684618314822,-0.5758106657310548,1.7274442813069022,-0.5650320466312655
-0.33710335208853703,1.0302476710030728,1.665287760627429,0.6401101032188468,1.0090408669826858,-0.4250147577130797,-0.736220107210202,-0.6679308332270758,1.9692762072618977,-0.6298000037255774,-0.5039032598602688,-0.5896684618314822,1.7366819677269967,-0.5788898726408979,-0.5650320466312655
-1.6725628037614586,0.07616004476449445,1.1932005145246851,-1.4759563537029603,1.0090408669826858,-0.4250147577130797,-0.736220107210202,-0.6679308332270758,-0.5078007830046403,1.5878056431954701,-0.5039032598602688,1.6958682119339528,-0.5758106657310548,-0.5788898726408979,-0.5650320466312655
0.6644912366661542,0.7440213831314992,1.665287760627429,-0.06524538242175558,1.0090408669826858,-0.4250147577130797,-0.736220107210202,-0.6679308332270758,1.9692762072618977,-0.6298000037255774,-0.5039032598602688,1.6958682119339528,-0.5758106657310548,-0.5788898726408979,-0.5650320466312655
-0.5374222698394753,-0.11465748048322119,0.7211132684219412,-1.4759563537029603,-0.9910401379383962,-0.4250147577130797,1.3582894438856787,-0.6679308332270758,-0.5078007830046403,1.5878056431954701,-0.5039032598602688,1.6958682119339528,-0.5758106657310548,-0.5788898726408979,-0.5650320466312655
1.398993935086261,0.314681951324139,1.4292441375760572,-1.4759563537029603,-0.9910401379383962,2.352859475705742,-0.736220107210202,-0.6679308332270758,-0.5078007830046403,-0.6298000037255774,1.9845078999435277,1.6958682119339528,-0.5758106657310548,-0.5788898726408979,-0.5650320466312655
-1.2719249682595821,1.5549958654342908,0.01298239926782539,1.3454655888594491,-0.9910401379383962,2.352859475705742,-0.736220107210202,-0.6679308332270758,-0.5078007830046403,-0.6298000037255774,1.9845078999435277,-0.5896684618314822,-0.5758106657310548,-0.5788898726408979,1.769811121266526
0.1970804285806316,0.3623863326360679,-0.6951484698862904,1.3454655888594491,1.0090408669826858,-0.4250147577130797,-0.736220107210202,1.497161008675925,-0.5078007830046403,-0.6298000037255774,-0.5039032598602688,1.6958682119339528,-0.5758106657310548,-0.5788898726408979,-0.5650320466312655
0.33062637374792375,1.1256564336269306,0.7211132684219412,1.3454655888594491,1.0090408669826858,-0.4250147577130797,-0.736220107210202,-0.6679308332270758,-0.5078007830046403,-0.6298000037255774,1.9845078999435277,-0.5896684618314822,-0.5758106657310548,1.7274442813069022,-0.5650320466312655
-1.6057898311778125,-1.0687451067217995,0.01298239926782539,-0.770600868062358,-0.9910401379383962,-0.4250147577130797,1.3582894438856787,-0.6679308332270758,-0.5078007830046403,-0.6298000037255774,1.9845078999435277,-0.5896684618314822,1.7366819677269967,-0.5788898726408979,-0.5650320466312655
1.4657669076699071,1.364178340186575,-0.22306122378354656,0.6401101032188468,1.0090408669826858,-0.4250147577130797,-0.736220107210202,-0.6679308332270758,1.9692762072618977,-0.6298000037255774,-0.5039032598602688,1.6958682119339528,-0.5758106657310548,-0.5788898726408979,-0.5650320466312655
-0.6709682150067674,0.7917257644434281,-0.9311920929376625,-0.770600868062358,1.0090408669826858,-0.4250147577130797,-0.736220107210202,1.497161008675925,-0.5078007830046403,-0.6298000037255774,-0.5039032598602688,-0.5896684618314822,1.7366819677269967,-0.5788898726408979,-0.5650320466312655
-1.2719249682595821,-1.5934933011530175,1.665287760627429,0.6401101032188468,1.0090408669826858,-0.4250147577130797,-0.736220107210202,1.497161008675925,-0.5078007830046403,-0.6298000037255774,-0.5039032598602688,-0.5896684618314822,1.7366819677269967,-0.5788898726408979,-0.5650320466312655
0.46417231891521593,0.5532038578837836,0.9571568914733132,0.6401101032188468,1.0090408669826858,-0.4250147577130797,-0.736220107210202,1.497161008675925,-0.5078007830046403,-0.6298000037255774,-0.5039032598602688,-0.5896684618314822,-0.5758106657310548,-0.5788898726408979,1.769811121266526
0.9983560995843845,-0.8779275814740838,-0.45910484683491853,-1.4759563537029603,-0.9910401379383962,2.352859475705742,-0.736220107210202,-0.6679308332270758,-0.5078007830046403,-0.6298000037255774,1.9845078999435277,-0.5896684618314822,-0.5758106657310548,1.7274442813069022,-0.5650320466312655
1.6660858254208453,-0.019248717859363367,-1.1672357159890343,1.3454655888594491,-0.9910401379383962,-0.4250147577130797,1.3582894438856787,1.497161008675925,-0.5078007830046403,-0.6298000037255774,-0.5039032598602688,-0.5896684618314822,-0.5758106657310548,-0.5788898726408979,1.769811121266526
0.46417231891521593,-1.307267013281444,-0.9311920929376625,-0.770600868062358,-0.9910401379383962,2.352859475705742,-0.736220107210202,1.497161008675925,-0.5078007830046403,-0.6298000037255774,-0.5039032598602688,1.6958682119339528,-0.5758106657310548,-0.5788898726408979,-0.5650320466312655
-0.6709682150067674,1.364178340186575,1.1932005145246851,-0.770600868062358,-0.9910401379383962,-0.4250147577130797,1.3582894438856787,1.497161008675925,-0.5078007830046403,-0.6298000037255774,-0.5039032598602688,1.6958682119339528,-0.5758106657310548,-0.5788898726408979,-0.5650320466312655
-0.1367844343375988,0.17156880738835228,0.7211132684219412,-0.770600868062358,1.0090408669826858,-0.4250147577130797,-0.736220107210202,-0.6679308332270758,-0.5078007830046403,1.5878056431954701,-0.5039032598602688,-0.5896684618314822,-0.5758106657310548,1.7274442813069022,-0.5650320466312655
0.1303074559969855,-1.6411976824649464,-0.45910484683491853,-1.4759563537029603,1.0090408669826858,-0.4250147577130797,-0.736220107210202,1.497161008675925,-0.5078007830046403,-0.6298000037255774,-0.5039032598602688,-0.5896684618314822,-0.5758106657310548,1.7274442813069022,-0.5650320466312655
-1.4722438860105203,0.2669775700122101,-0.9311920929376625,0.6401101032188468,-0.9910401379383962,-0.4250147577130797,1.3582894438856787,-0.6679308332270758,-0.5078007830046403,-0.6298000037255774,1.9845078999435277,1.6958682119339528,-0.5758106657310548,-0.5788898726408979,-0.5650320466312655
0.9315831270007384,-0.44858814966672356,0.01298239926782539,-0.770600868062358,1.0090408669826858,-0.4250147577130797,-0.736220107210202,-0.6679308332270758,-0.5078007830046403,1.5878056431954701,-0.5039032598602688,-0.5896684618314822,-0.5758106657310548,1.7274442813069022,-0.5650320466312655
1.5325398802535533,-1.4503801572172308,-0.9311920929376625,1.3454655888594491,-0.9910401379383962,-0.4250147577130797,1.3582894438856787,-0.6679308332270758,-0.5078007830046403,1.5878056431954701,-0.5039032598602688,-0.5896684618314822,-0.5758106657310548,-0.5788898726408979,1.769811121266526
1.1986750173353227,-1.0687451067217995,-0.6951484698862904,-1.4759563537029603,1.0090408669826858,-0.4250147577130797,-0.736220107210202,-0.6679308332270758,-0.5078007830046403,1.5878056431954701,-0.5039032598602688,-0.5896684618314822,-0.5758106657310548,1.7274442813069022,-0.5650320466312655
1.1986750173353227,-1.1164494880337283,-0.6951484698862904,0.6401101032188468,-0.9910401379383962,2.352859475705742,-0.736220107210202,-0.6679308332270758,-0.5078007830046403,1.5878056431954701,-0.5039032598602688,-0.5896684618314822,-0.5758106657310548,-0.5788898726408979,1.769811121266526
-0.20355740692124488,-1.5457889198410886,0.24902602231919735,-1.4759563537029603,1.0090408669826858,-0.4250147577130797,-0.736220107210202,-0.6679308332270758,-0.5078007830046403,1.5878056431954701,-0.5039032598602688,-0.5896684618314822,-0.5758106657310548,-0.5788898726408979,1.769811121266526
0.8648101544170924,-0.25777062441900794,0.24902602231919735,-1.4759563537029603,-0.9910401379383962,-0.4250147577130797,1.3582894438856787,-0.6679308332270758,-0.5078007830046403,1.5878056431954701,-0.5039032598602688,-0.5896684618314822,-0.5758106657310548,-0.5788898726408979,1.769811121266526
-0.7377411875904135,0.839430145755357,-0.22306122378354656,-0.06524538242175558,1.0090408669826858,-0.4250147577130797,-0.736220107210202,-0.6679308332270758,1.9692762072618977,-0.6298000037255774,-0.5039032598602688,-0.5896684618314822,-0.5758106657310548,-0.5788898726408979,1.769811121266526
1.1986750173353227,-0.11465748048322119,1.4292441375760572,-1.4759563537029603,1.0090408669826858,-0.4250147577130797,-0.736220107210202,-0.6679308332270758,-0.5078007830046403,1.5878056431954701,-0.5039032598602688,-0.5896684618314822,-0.5758106657310548,-0.5788898726408979,1.769811121266526
-1.2719249682595821,-0.6394056749144392,-0.45910484683491853,-0.06524538242175558,-0.9910401379383962,-0.4250147577130797,1.3582894438856787,1.497161008675925,-0.5078007830046403,-0.6298000037255774,-0.5039032598602688,-0.5896684618314822,-0.5758106657310548,-0.5788898726408979,1.769811121266526
-0.7377411875904135,-0.6871100562263681,-0.6951484698862904,-1.4759563537029603,1.0090408669826858,-0.4250147577130797,-0.736220107210202,-0.6679308332270758,1.9692762072618977,-0.6298000037255774,-0.5039032598602688,-0.5896684618314822,-0.5758106657310548,1.7274442813069022,-0.5650320466312655
0.33062637374792375,1.0302476710030728,0.7211132684219412,-1.4759563537029603,1.0090408669826858,-0.4250147577130797,-0.736220107210202,1.497161008675925,-0.5078007830046403,-0.6298000037255774,-0.5039032598602688,1.6958682119339528,-0.5758106657310548,-0.5788898726408979,-0.5650320466312655
-0.27033037950489097,-1.0210407254098706,0.01298239926782539,-0.06524538242175558,1.0090408669826858,-0.4250147577130797,-0.736220107210202,-0.6679308332270758,-0.5078007830046403,-0.6298000037255774,1.9845078999435277,-0.5896684618314822,-0.5758106657310548,1.7274442813069022,-0.5650320466312655
1.6660858254208453,0.6009082391957125,-1.4032793390404064,-0.06524538242175558,1.0090408669826858,-0.4250147577130797,-0.736220107210202,1.497161008675925,-0.5078007830046403,-0.6298000037255774,-0.5039032598602688,1.6958682119339528,-0.5758106657310548,-0.5788898726408979,-0.5650320466312655
0.9983560995843845,0.9825432896911438,1.4292441375760572,-1.4759563537029603,-0.9910401379383962,-0.4250147577130797,1.3582894438856787,1.497161008675925,-0.5078007830046403,-0.6298000037255774,-0.5039032598602688,1.6958682119339528,-0.5758106657310548,-0.5788898726408979,-0.5650320466312655
-0.0032384891703066414,0.45779509525992573,-0.22306122378354656,1.3454655888594491,1.0090408669826858,-0.4250147577130797,-0.736220107210202,1.497161008675925,-0.5078007830046403,-0.6298000037255774,-0.5039032598602688,-0.5896684618314822,-0.5758106657310548,1.7274442813069022,-0.5650320466312655
-0.07001146175395272,-0.4962925309786525,0.24902602231919735,-0.06524538242175558,-0.9910401379383962,-0.4250147577130797,1.3582894438856787,-0.6679308332270758,1.9692762072618977,-0.6298000037255774,-0.5039032598602688,-0.5896684618314822,-0.5758106657310548,-0.5788898726408979,1.769811121266526
0.1303074559969855,0.2192731887002812,1.4292441375760572,0.6401101032188468,-0.9910401379383962,-0.4250147577130797,1.3582894438856787,-0.6679308332270758,-0.5078007830046403,1.5878056431954701,-0.5039032598602688,1.6958682119339528,-0.5758106657310548,-0.5788898726408979,-0.5650320466312655
-1.3386979408432282,-0.8779275814740838,-1.1672357159890343,1.3454655888594491,-0.9910401379383962,2.352859475705742,-0.736220107210202,1.497161008675925,-0.5078007830046403,-0.6298000037255774,-0.5039032598602688,-0.5896684618314822,1.7366819677269967,-0.5788898726408979,-0.5650320466312655
-0.4706492972558292,0.41009071394799684,0.9571568914733132,1.3454655888594491,1.0090408669826858,-0.4250147577130797,-0.736220107210202,1.497161008675925,-0.5078007830046403,-0.6298000037255774,-0.5039032598602688,1.6958682119339528,-0.5758106657310548,-0.5788898726408979,-0.5650320466312655
0.3973993463315698,0.8871345270672859,1.665287760627429,1.3454655888594491,1.0090408669826858,-0.4250147577130797,-0.736220107210202,-0.6679308332270758,1.9692762072618977,-0.6298000037255774,-0.5039032598602688,-0.5896684618314822,-0.5758106657310548,1.7274442813069022,-0.5650320466312655
1.5993128528371992,1.364178340186575,-1.1672357159890343,0.6401101032188468,1.0090408669826858,-0.4250147577130797,-0.736220107210202,-0.6679308332270758,1.9692762072618977,-0.6298000037255774,-0.5039032598602688,1.6958682119339528,-0.5758106657310548,-0.5788898726408979,-0.5650320466312655
-1.2719249682595821,0.2669775700122101,1.4292441375760572,0.6401101032188468,1.0090408669826858,-0.4250147577130797,-0.736220107210202,-0.6679308332270758,-0.5078007830046403,-0.6298000037255774,1.9845078999435277,-0.5896684618314822,1.7366819677269967,-0.5788898726408979,-0.5650320466312655
0.33062637374792375,0.7440213831314992,1.1932005145246851,-0.06524538242175558,-0.9910401379383962,-0.4250147577130797,1.3582894438856787,-0.6679308332270758,-0.5078007830046403,1.5878056431954701,-0.5039032598602688,1.6958682119339528,-0.5758106657310548,-0.5788898726408979,-0.5650320466312655
1.1319020447516768,0.7917257644434281,0.4850696453705693,-1.4759563537029603,-0.9910401379383962,-0.4250147577130797,1.3582894438856787,-0.6679308332270758,-0.5078007830046403,-0.6298000037255774,1.9845078999435277,1.6958682119339528,-0.5758106657310548,-0.5788898726408979,-0.5650320466312655
-0.4706492972558292,-0.06695309917129227,-0.45910484683491853,-1.4759563537029603,1.0090408669826858,-0.4250147577130797,-0.736220107210202,-0.6679308332270758,-0.5078007830046403,1.5878056431954701,-0.5039032598602688,1.6958682119339528,-0.5758106657310548,-0.5788898726408979,-0.5650320466312655
0.6644912366661542,-1.5934933011530175,0.01298239926782539,-0.06524538242175558,1.0090408669826858,-0.4250147577130797,-0.736220107210202,1.497161008675925,-0.5078007830046403,-0.6298000037255774,-0.5039032598602688,1.6958682119339528,-0.5758106657310548,-0.5788898726408979,-0.5650320466312655
1.5993128528371992,0.6009082391957125,-0.22306122378354656,1.3454655888594491,1.0090408669826858,-0.4250147577130797,-0.736220107210202,-0.6679308332270758,1.9692762072618977,-0.6298000037255774,-0.5039032598602688,1.6958682119339528,-0.5758106657310548,-0.5788898726408979,-0.5650320466312655
-0.9380601053413518,-0.3531793870428657,0.01298239926782539,0.6401101032188468,-0.9910401379383962,-0.4250147577130797,1.3582894438856787,1.497161008675925,-0.5078007830046403,-0.6298000037255774,-0.5039032598602688,-0.5896684618314822,-0.5758106657310548,-0.5788898726408979,1.769811121266526
-0.8712871327577056,1.4595871028104328,0.01298239926782539,1.3454655888594491,-0.9910401379383962,-0.4250147577130797,1.3582894438856787,-0.6679308332270758,-0.5078007830046403,1.5878056431954701,-0.5039032598602688,-0.5896684618314822,1.7366819677269967,-0.5788898726408979,-0.5650320466312655
-1.7393357763451047,-0.1623618617951501,-1.1672357159890343,-0.06524538242175558,-0.9910401379383962,-0.4250147577130797,1.3582894438856787,-0.6679308332270758,1.9692762072618977,-0.6298000037255774,-0.5039032598602688,1.6958682119339528,-0.5758106657310548,-0.5788898726408979,-0.5650320466312655
1.6660858254208453,1.1733608149388595,-1.1672357159890343,-1.4759563537029603,-0.9910401379383962,-0.4250147577130797,1.3582894438856787,-0.6679308332270758,1.9692762072618977,-0.6298000037255774,-0.5039032598602688,-0.5896684618314822,-0.5758106657310548,-0.5788898726408979,1.769811121266526
-0.1367844343375988,-0.40088376835479467,-1.1672357159890343,0.6401101032188468,1.0090408669826858,-0.4250147577130797,-0.736220107210202,-0.6679308332270758,-0.5078007830046403,1.5878056431954701,-0.5039032598602688,-0.5896684618314822,1.7366819677269967,-0.5788898726408979,-0.5650320466312655
-1.5390168585941664,-1.1164494880337283,-0.22306122378354656,-0.770600868062358,-0.9910401379383962,-0.4250147577130797,1.3582894438856787,-0.6679308332270758,-0.5078007830046403,1.5878056431954701,-0.5039032598602688,-0.5896684618314822,-0.5758106657310548,1.7274442813069022,-0.5650320466312655
0.597718264082508,0.9825432896911438,1.4292441375760572,-0.06524538242175558,-0.9910401379383962,-0.4250147577130797,1.3582894438856787,-0.6679308332270758,-0.5078007830046403,1.5878056431954701,-0.5039032598602688,-0.5896684618314822,-0.5758106657310548,1.7274442813069022,-0.5650320466312655
0.7312642092498002,0.07616004476449445,-0.9311920929376625,0.6401101032188468,1.0090408669826858,-0.4250147577130797,-0.736220107210202,-0.6679308332270758,-0.5078007830046403,-0.6298000037255774,1.9845078999435277,-0.5896684618314822,-0.5758106657310548,1.7274442813069022,-0.5650320466312655
1.398993935086261,-1.2118582506575861,0.01298239926782539,-0.770600868062358,-0.9910401379383962,-0.4250147577130797,1.3582894438856787,-0.6679308332270758,-0.5078007830046403,1.5878056431954701,-0.5039032598602688,1.6958682119339528,-0.5758106657310548,-0.5788898726408979,-0.5650320466312655
0.8648101544170924,-1.5934933011530175,-0.6951484698862904,-0.06524538242175558,1.0090408669826858,-0.4250147577130797,-0.736220107210202,-0.6679308332270758,-0.5078007830046403,1.5878056431954701,-0.5039032598602688,-0.5896684618314822,-0.5758106657310548,-0.5788898726408979,1.769811121266526
-0.4038763246721831,-0.8302232001621549,0.7211132684219412,1.3454655888594491,1.0090408669826858,-0.4250147577130797,-0.736220107210202,1.497161008675925,-0.5078007830046403,-0.6298000037255774,-0.5039032598602688,-0.5896684618314822,1.7366819677269967,-0.5788898726408979,-0.5650320466312655
-1.6725628037614586,1.0302476710030728,1.1932005145246851,0.6401101032188468,1.0090408669826858,-0.4250147577130797,-0.736220107210202,1.497161008675925,-0.5078007830046403,-0.6298000037255774,-0.5039032598602688,-0.5896684618314822,-0.5758106657310548,1.7274442813069022,-0.5650320466312655
0.9983560995843845,-0.1623618617951501,0.01298239926782539,0.6401101032188468,-0.9910401379383962,-0.4250147577130797,1.3582894438856787,-0.6679308332270758,1.9692762072618977,-0.6298000037255774,-0.5039032598602688,-0.5896684618314822,-0.5758106657310548,-0.5788898726408979,1.769811121266526
-0.6041952424231214,-0.06695309917129227,-1.4032793390404064,1.3454655888594491,1.0090408669826858,-0.4250147577130797,-0.736220107210202,-0.6679308332270758,-0.5078007830046403,1.5878056431954701,-0.5039032598602688,1.6958682119339528,-0.5758106657310548,-0.5788898726408979,-0.5650320466312655
1.332220962502615,-1.5457889198410886,-1.4032793390404064,-1.4759563537029603,-0.9910401379383962,2.352859475705742,-0.736220107210202,-0.6679308332270758,-0.5078007830046403,1.5878056431954701,-0.5039032598602688,-0.5896684618314822,1.7366819677269967,-0.5788898726408979,-0.5650320466312655
0.2638534011642777,-1.307267013281444,0.9571568914733132,-0.770600868062358,1.0090408669826858,-0.4250147577130797,-0.736220107210202,-0.6679308332270758,-0.5078007830046403,-0.6298000037255774,1.9845078999435277,-0.5896684618314822,1.7366819677269967,-0.5788898726408979,-0.5650320466312655
1.0651290721680307,1.4595871028104328,0.01298239926782539,1.3454655888594491,1.0090408669826858,-0.4250147577130797,-0.736220107210202,-0.6679308332270758,-0.5078007830046403,-0.6298000037255774,1.9845078999435277,1.6958682119339528,-0.5758106657310548,-0.5788898726408979,-0.5650320466312655
-0.33710335208853703,0.5054994765718547,0.7211132684219412,-1.4759563537029603,-0.9910401379383962,2.352859475705742,-0.736220107210202,1.497161008675925,-0.5078007830046403,-0.6298000037255774,-0.5039032598602688,1.6958682119339528,-0.5758106657310548,-0.5788898726408979,-0.5650320466312655
-1.7393357763451047,-1.6411976824649464,0.01298239926782539,1.3454655888594491,1.0090408669826858,-0.4250147577130797,-0.736220107210202,-0.6679308332270758,-0.5078007830046403,-0.6298000037255774,1.9845078999435277,-0.5896684618314822,-0.5758106657310548,-0.5788898726408979,1.769811121266526
-1.4054709134268744,-0.44858814966672356,-0.6951484698862904,0.6401101032188468,1.0090408669826858,-0.4250147577130797,-0.736220107210202,-0.6679308332270758,-0.5078007830046403,1.5878056431954701,-0.5039032598602688,-0.5896684618314822,-0.5758106657310548,-0.5788898726408979,1.769811121266526
1.0651290721680307,0.17156880738835228,1.665287760627429,0.6401101032188468,1.0090408669826858,-0.4250147577130797,-0.736220107210202,-0.6679308332270758,-0.5078007830046403,-0.6298000037255774,1.9845078999435277,1.6958682119339528,-0.5758106657310548,-0.5788898726408979,-0.5650320466312655
-1.5390168585941664,0.45779509525992573,-0.45910484683491853,-1.4759563537029603,1.0090408669826858,-0.4250147577130797,-0.736220107210202,-0.6679308332270758,1.9692762072618977,-0.6298000037255774,-0.5039032598602688,1.6958682119339528,-0.5758106657310548,-0.5788898726408979,-0.5650320466312655
0.6644912366661542,-1.6889020637768752,0.4850696453705693,1.3454655888594491,1.0090408669826858,-0.4250147577130797,-0.736220107210202,1.497161008675925,-0.5078007830046403,-0.6298000037255774,-0.5039032598602688,-0.5896684618314822,1.7366819677269967,-0.5788898726408979,-0.5650320466312655
0.33062637374792375,0.5054994765718547,-0.45910484683491853,-0.06524538242175558,-0.9910401379383962,-0.4250147577130797,1.3582894438856787,-0.6679308332270758,-0.5078007830046403,1.5878056431954701,-0.5039032598602688,-0.5896684618314822,1.7366819677269967,-0.5788898726408979,-0.5650320466312655
-0.4038763246721831,-0.8779275814740838,0.01298239926782539,-0.770600868062358,-0.9910401379383962,-0.4250147577130797,1.3582894438856787,1.497161008675925,-0.5078007830046403,-0.6298000037255774,-0.5039032598602688,-0.5896684618314822,-0.5758106657310548,1.7274442813069022,-0.5650320466312655
-1.6725628037614586,0.2669775700122101,0.01298239926782539,1.3454655888594491,1.0090408669826858,-0.4250147577130797,-0.736220107210202,-0.6679308332270758,-0.5078007830046403,1.5878056431954701,-0.5039032598602688,-0.5896684618314822,1.7366819677269967,-0.5788898726408979,-0.5650320466312655
-1.4722438860105203,-0.21006624310707903,-0.9311920929376625,-0.770600868062358,-0.9910401379383962,-0.4250147577130797,1.3582894438856787,1.497161008675925,-0.5078007830046403,-0.6298000037255774,-0.5039032598602688,-0.5896684618314822,-0.5758106657310548,1.7274442813069022,-0.5650320466312655
-0.4038763246721831,-0.1623618617951501,0.24902602231919735,1.3454655888594491,-0.9910401379383962,2.352859475705742,-0.736220107210202,-0.6679308332270758,-0.5078007830046403,-0.6298000037255774,1.9845078999435277,1.6958682119339528,-0.5758106657310548,-0.5788898726408979,-0.5650320466312655
0.3973993463315698,1.6981090093700775,-0.6951484698862904,1.3454655888594491,-0.9910401379383962,-0.4250147577130797,1.3582894438856787,-0.6679308332270758,-0.5078007830046403,-0.6298000037255774,1.9845078999435277,-0.5896684618314822,-0.5758106657310548,-0.5788898726408979,1.769811121266526
0.3973993463315698,-0.30547500573093683,-0.6951484698862904,-0.770600868062358,-0.9910401379383962,-0.4250147577130797,1.3582894438856787,1.497161008675925,-0.5078007830046403,-0.6298000037255774,-0.5039032598602688,1.6958682119339528,-0.5758106657310548,-0.5788898726408979,-0.5650320466312655
-0.9380601053413518,-0.782518818850226,1.665287760627429,0.6401101032188468,1.0090408669826858,-0.4250147577130797,-0.736220107210202,-0.6679308332270758,-0.5078007830046403,1.5878056431954701,-0.5039032598602688,-0.5896684618314822,-0.5758106657310548,1.7274442813069022,-0.5650320466312655
1.6660858254208453,-1.0687451067217995,0.01298239926782539,0.6401101032188468,1.0090408669826858,-0.4250147577130797,-0.736220107210202,-0.6679308332270758,-0.5078007830046403,-0.6298000037255774,1.9845078999435277,-0.5896684618314822,1.7366819677269967,-0.5788898726408979,-0.5650320466312655
1.4657669076699071,-1.3549713945933728,-0.9311920929376625,1.3454655888594491,-0.9910401379383962,-0.4250147577130797,1.3582894438856787,-0.6679308332270758,-0.5078007830046403,1.5878056431954701,-0.5039032598602688,-0.5896684618314822,1.7366819677269967,-0.5788898726408979,-0.5650320466312655
0.46417231891521593,0.6963170018195703,-1.1672357159890343,-1.4759563537029603,1.0090408669826858,-0.4250147577130797,-0.736220107210202,1.497161008675925,-0.5078007830046403,-0.6298000037255774,-0.5039032598602688,-0.5896684618314822,1.7366819677269967,-0.5788898726408979,-0.5650320466312655
-0.8712871327577056,-0.8302232001621549,1.665287760627429,-1.4759563537029603,-0.9910401379383962,-0.4250147577130797,1.3582894438856787,-0.6679308332270758,1.9692762072618977,-0.6298000037255774,-0.5039032598602688,1.6958682119339528,-0.5758106657310548,-0.5788898726408979,-0.5650320466312655
1.1319020447516768,-0.21006624310707903,-1.4032793390404064,1.3454655888594491,1.0090408669826858,-0.4250147577130797,-0.736220107210202,-0.6679308332270758,-0.5078007830046403,-0.6298000037255774,1.9845078999435277,-0.5896684618314822,-0.5758106657310548,-0.5788898726408979,1.769811121266526
0.46417231891521593,1.1256564336269306,-1.6393229620917782,0.6401101032188468,-0.9910401379383962,2.352859475705742,-0.736220107210202,1.497161008675925,-0.5078007830046403,-0.6298000037255774,-0.5039032598602688,1.6958682119339528,-0.5758106657310548,-0.5788898726408979,-0.5650320466312655
0.9983560995843845,1.364178340186575,0.9571568914733132,0.6401101032188468,1.0090408669826858,-0.4250147577130797,-0.736220107210202,-0.6679308332270758,-0.5078007830046403,1.5878056431954701,-0.5039032598602688,1.6958682119339528,-0.5758106657310548,-0.5788898726408979,-0.5650320466312655
-1.5390168585941664,-1.5934933011530175,0.24902602231919735,-0.770600868062358,-0.9910401379383962,-0.4250147577130797,1.3582894438856787,-0.6679308332270758,-0.5078007830046403,-0.6298000037255774,1.9845078999435277,1.6958682119339528,-0.5758106657310548,-0.5788898726408979,-0.5650320466312655
1.0651290721680307,-0.5917012936025103,0.9571568914733132,0.6401101032188468,1.0090408669826858,-0.4250147577130797,-0.736220107210202,1.497161008675925,-0.5078007830046403,-0.6298000037255774,-0.5039032598602688,1.6958682119339528,-0.5758106657310548,-0.5788898726408979,-0.5650320466312655
-1.5390168585941664,-0.21006624310707903,-1.1672357159890343,0.6401101032188468,-0.9910401379383962,-0.4250147577130797,1.3582894438856787,-0.6679308332270758,-0.5078007830046403,1.5878056431954701,-0.5039032598602688,-0.5896684618314822,-0.5758106657310548,1.7274442813069022,-0.5650320466312655
0.1970804285806316,-1.259562631969515,-0.9311920929376625,1.3454655888594491,1.0090408669826858,-0.4250147577130797,-0.736220107210202,-0.6679308332270758,1.9692762072618977,-0.6298000037255774,-0.5039032598602688,-0.5896684618314822,-0.5758106657310548,-0.5788898726408979,1.769811121266526
0.1303074559969855,-0.6394056749144392,-0.9311920929376625,-0.06524538242175558,-0.9910401379383962,-0.4250147577130797,1.3582894438856787,-0.6679308332270758,1.9692762072618977,-0.6298000037255774,-0.5039032598602688,-0.5896684618314822,1.7366819677269967,-0.5788898726408979,-0.5650320466312655
-1.4722438860105203,-0.5439969122905814,1.665287760627429,-1.4759563537029603,-0.9910401379383962,-0.4250147577130797,1.3582894438856787,1.497161008675925,-0.5078007830046403,-0.6298000037255774,-0.5039032598602688,1.6958682119339528,-0.5758106657310548,-0.5788898726408979,-0.5650320466312655
0.9315831270007384,0.6009082391957125,-1.4032793390404064,-0.06524538242175558,-0.9910401379383962,-0.4250147577130797,1.3582894438856787,1.497161008675925,-0.5078007830046403,-0.6298000037255774,-0.5039032598602688,-0.5896684618314822,-0.5758106657310548,1.7274442813069022,-0.5650320466312655
0.9315831270007384,-0.1623618617951501,1.665287760627429,-0.770600868062358,-0.9910401379383962,2.352859475705742,-0.736220107210202,-0.6679308332270758,-0.5078007830046403,-0.6298000037255774,1.9845078999435277,-0.5896684618314822,-0.5758106657310548,1.7274442813069022,-0.5650320466312655
0.8648101544170924,1.411882721498504,0.7211132684219412,-0.06524538242175558,1.0090408669826858,-0.4250147577130797,-0.736220107210202,1.497161008675925,-0.5078007830046403,-0.6298000037255774,-0.5039032598602688,1.6958682119339528,-0.5758106657310548,-0.5788898726408979,-0.5650320466312655
-1.5390168585941664,-1.3549713945933728,0.9571568914733132,1.3454655888594491,1.0090408669826858,-0.4250147577130797,-0.736220107210202,-0.6679308332270758,1.9692762072618977,-0.6298000037255774,-0.5039032598602688,-0.5896684618314822,-0.5758106657310548,1.7274442813069022,-0.5650320466312655
-1.2719249682595821,-0.11465748048322119,-1.4032793390404064,-0.06524538242175558,-0.9910401379383962,-0.4250147577130797,1.3582894438856787,-0.6679308332270758,-0.5078007830046403,1.5878056431954701,-0.5039032598602688,-0.5896684618314822,-0.5758106657310548,1.7274442813069022,-0.5650320466312655
0.06353448341333943,0.7440213831314992,1.1932005145246851,1.3454655888594491,-0.9910401379383962,2.352859475705742,-0.736220107210202,-0.6679308332270758,-0.5078007830046403,-0.6298000037255774,1.9845078999435277,-0.5896684618314822,-0.5758106657310548,1.7274442813069022,-0.5650320466312655
-1.6725628037614586,1.5072914841223617,0.4850696453705693,1.3454655888594491,1.0090408669826858,-0.4250147577130797,-0.736220107210202,1.497161008675925,-0.5078007830046403,-0.6298000037255774,-0.5039032598602688,1.6958682119339528,-0.5758106657310548,-0.5788898726408979,-0.5650320466312655
1.4657669076699071,1.1256564336269306,0.24902602231919735,0.6401101032188468,-0.9910401379383962,2.352859475705742,-0.736220107210202,1.497161008675925,-0.5078007830046403,-0.6298000037255774,-0.5039032598602688,-0.5896684618314822,-0.5758106657310548,1.7274442813069022,-0.5650320466312655
-1.3386979408432282,-1.4980845385291597,0.01298239926782539,1.3454655888594491,-0.9910401379383962,-0.4250147577130797,1.3582894438856787,1.497161008675925,-0.5078007830046403,-0.6298000037255774,-0.5039032598602688,1.6958682119339528,-0.5758106657310548,-0.5788898726408979,-0.5650320466312655
-1.1383790230922899,-1.5457889198410886,0.7211132684219412,-0.770600868062358,1.0090408669826858,-0.4250147577130797,-0.736220107210202,-0.6679308332270758,-0.5078007830046403,-0.6298000037255774,1.9845078999435277,-0.5896684618314822,1.7366819677269967,-0.5788898726408979,-0.5650320466312655
-0.33710335208853703,1.4595871028104328,-0.9311920929376625,0.6401101032188468,-0.9910401379383962,2.352859475705742,-0.736220107210202,-0.6679308332270758,-0.5078007830046403,1.5878056431954701,-0.5039032598602688,-0.5896684618314822,-0.5758106657310548,-0.5788898726408979,1.769811121266526
-1.7393357763451047,-1.1641538693456572,-1.6393229620917782,-1.4759563537029603,1.0090408669826858,-0.4250147577130797,-0.736220107210202,-0.6679308332270758,1.9692762072618977,-0.6298000037255774,-0.5039032598602688,-0.5896684618314822,1.7366819677269967,-0.5788898726408979,-0.5650320466312655
0.597718264082508,1.6981090093700775,-0.6951484698862904,-1.4759563537029603,1.0090408669826858,-0.4250147577130797,-0.736220107210202,-0.6679308332270758,-0.5078007830046403,-0.6298000037255774,1.9845078999435277,-0.5896684618314822,-0.5758106657310548,1.7274442813069022,-0.5650320466312655
0.9315831270007384,1.0779520523150017,1.1932005145246851,-1.4759563537029603,1.0090408669826858,-0.4250147577130797,-0.736220107210202,-0.6679308332270758,-0.5078007830046403,-0.6298000037255774,1.9845078999435277,-0.5896684618314822,-0.5758106657310548,-0.5788898726408979,1.769811121266526
-0.8045141601740596,-0.5439969122905814,0.4850696453705693,-0.06524538242175558,1.0090408669826858,-0.4250147577130797,-0.736220107210202,-0.6679308332270758,1.9692762072618977,-0.6298000037255774,-0.5039032598602688,-0.5896684618314822,-0.5758106657310548,1.7274442813069022,-0.5650320466312655
0.6644912366661542,-0.5917012936025103,-1.6393229620917782,-0.06524538242175558,-0.9910401379383962,-0.4250147577130797,1.3582894438856787,1.497161008675925,-0.5078007830046403,-0.6298000037255774,-0.5039032598602688,1.6958682119339528,-0.5758106657310548,-0.5788898726408979,-0.5650320466312655
-0.6041952424231214,-1.402675775905302,0.4850696453705693,1.3454655888594491,-0.9910401379383962,2.352859475705742,-0.736220107210202,-0.6679308332270758,-0.5078007830046403,1.5878056431954701,-0.5039032598602688,-0.5896684618314822,1.7366819677269967,-0.5788898726408979,-0.5650320466312655
1.4657669076699071,-1.4980845385291597,0.01298239926782539,-1.4759563537029603,1.0090408669826858,-0.4250147577130797,-0.736220107210202,-0.6679308332270758,1.9692762072618977,-0.6298000037255774,-0.5039032598602688,1.6958682119339528,-0.5758106657310548,-0.5788898726408979,-0.5650320466312655
-1.6725628037614586,-0.3531793870428657,0.9571568914733132,-0.770600868062358,1.0090408669826858,-0.4250147577130797,-0.736220107210202,1.497161008675925,-0.5078007830046403,-0.6298000037255774,-0.5039032598602688,-0.5896684618314822,-0.5758106657310548,1.7274442813069022,-0.5650320466312655
-0.33710335208853703,-0.782518818850226,-0.22306122378354656,1.3454655888594491,1.0090408669826858,-0.4250147577130797,-0.736220107210202,1.497161008675925,-0.5078007830046403,-0.6298000037255774,-0.5039032598602688,-0.5896684618314822,-0.5758106657310548,1.7274442813069022,-0.5650320466312655
-0.4038763246721831,-1.3549713945933728,-0.22306122378354656,-0.06524538242175558,-0.9910401379383962,-0.4250147577130797,1.3582894438856787,-0.6679308332270758,-0.5078007830046403,1.5878056431954701,-0.5039032598602688,1.6958682119339528,-0.5758106657310548,-0.5788898726408979,-0.5650320466312655
-1.6725628037614586,-0.5917012936025103,-0.6951484698862904,0.6401101032188468,1.0090408669826858,-0.4250147577130797,-0.736220107210202,-0.6679308332270758,-0.5078007830046403,-0.6298000037255774,1.9845078999435277,-0.5896684618314822,-0.5758106657310548,-0.5788898726408979,1.769811121266526
-0.9380601053413518,1.2687695775627172,0.01298239926782539,1.3454655888594491,-0.9910401379383962,-0.4250147577130797,1.3582894438856787,1.497161008675925,-0.5078007830046403,-0.6298000037255774,-0.5039032598602688,-0.5896684618314822,-0.5758106657310548,1.7274442813069022,-0.5650320466312655
-0.5374222698394753,0.6963170018195703,-1.6393229620917782,-0.770600868062358,-0.9910401379383962,-0.4250147577130797,1.3582894438856787,-0.6679308332270758,1.9692762072618977,-0.6298000037255774,-0.5039032598602688,-0.5896684618314822,1.7366819677269967,-0.5788898726408979,-0.5650320466312655
1.1319020447516768,-0.1623618617951501,-1.6393229620917782,-0.06524538242175558,1.0090408669826858,-0.4250147577130797,-0.736220107210202,1.497161008675925,-0.5078007830046403,-0.6298000037255774,-0.5039032598602688,-0.5896684618314822,1.7366819677269967,-0.5788898726408979,-0.5650320466312655
1.0651290721680307,-0.6871100562263681,-0.45910484683491853,-1.4759563537029603,1.0090408669826858,-0.4250147577130797,-0.736220107210202,-0.6679308332270758,-0.5078007830046403,1.5878056431954701,-0.5039032598602688,-0.5896684618314822,-0.5758106657310548,-0.5788898726408979,1.769811121266526
-1.071606050508644,0.5532038578837836,-0.45910484683491853,0.6401101032188468,1.0090408669826858,-0.4250147577130797,-0.736220107210202,-0.6679308332270758,-0.5078007830046403,1.5878056431954701,-0.5039032598602688,1.6958682119339528,-0.5758106657310548,-0.5788898726408979,-0.5650320466312655
1.1319020447516768,0.7440213831314992,1.665287760627429,-1.4759563537029603,-0.9910401379383962,-0.4250147577130797,1.3582894438856787,1.497161008675925,-0.5078007830046403,-0.6298000037255774,-0.5039032598602688,-0.5896684618314822,-0.5758106657310548,1.7274442813069022,-0.5650320466312655
1.0651290721680307,-1.4980845385291597,0.01298239926782539,-0.06524538242175558,-0.9910401379383962,-0.4250147577130797,1.3582894438856787,-0.6679308332270758,1.9692762072618977,-0.6298000037255774,-0.5039032598602688,-0.5896684618314822,-0.5758106657310548,-0.5788898726408979,1.769811121266526
0.6644912366661542,0.2192731887002812,-0.45910484683491853,0.6401101032188468,1.0090408669826858,-0.4250147577130797,-0.736220107210202,-0.6679308332270758,-0.5078007830046403,-0.6298000037255774,1.9845078999435277,-0.5896684618314822,1.7366819677269967,-0.5788898726408979,-0.5650320466312655
1.0651290721680307,0.7440213831314992,-0.22306122378354656,0.6401101032188468,-0.9910401379383962,-0.4250147577130797,1.3582894438856787,-0.6679308332270758,-0.5078007830046403,-0.6298000037255774,1.9845078999435277,-0.5896684618314822,1.7366819677269967,-0.5788898726408979,-0.5650320466312655
1.2654479899189688,-1.4980845385291597,-0.6951484698862904,-0.770600868062358,-0.9910401379383962,2.352859475705742,-0.736220107210202,-0.6679308332270758,-0.5078007830046403,-0.6298000037255774,1.9845078999435277,-0.5896684618314822,-0.5758106657310548,1.7274442813069022,-0.5650320466312655
-1.205151995675936,1.364178340186575,1.665287760627429,0.6401101032188468,-0.9910401379383962,2.352859475705742,-0.736220107210202,-0.6679308332270758,-0.5078007830046403,1.5878056431954701,-0.5039032598602688,-0.5896684618314822,-0.5758106657310548,-0.5788898726408979,1.769811121266526
0.5309452914988619,-0.1623618617951501,1.665287760627429,0.6401101032188468,1.0090408669826858,-0.4250147577130797,-0.736220107210202,-0.6679308332270758,-0.5078007830046403,-0.6298000037255774,1.9845078999435277,1.6958682119339528,-0.5758106657310548,-0.5788898726408979,-0.5650320466312655
-0.0032384891703066414,-0.40088376835479467,-0.6951484698862904,-1.4759563537029603,1.0090408669826858,-0.4250147577130797,-0.736220107210202,1.497161008675925,-0.5078007830046403,-0.6298000037255774,-0.5039032598602688,-0.5896684618314822,1.7366819677269967,-0.5788898726408979,-0.5650320466312655
-1.7393357763451047,-0.4962925309786525,-1.6393229620917782,0.6401101032188468,-0.9910401379383962,-0.4250147577130797,1.3582894438856787,-0.6679308332270758,-0.5078007830046403,1.5878056431954701,-0.5039032598602688,-0.5896684618314822,-0.5758106657310548,-0.5788898726408979,1.769811121266526
0.46417231891521593,0.8871345270672859,1.4292441375760572,-0.770600868062358,-0.9910401379383962,-0.4250147577130797,1.3582894438856787,-0.6679308332270758,-0.5078007830046403,1.5878056431954701,-0.5039032598602688,1.6958682119339528,-0.5758106657310548,-0.5788898726408979,-0.5650320466312655
1.2654479899189688,-1.1641538693456572,-1.6393229620917782,-0.770600868062358,-0.9910401379383962,2.352859475705742,-0.736220107210202,-0.6679308332270758,-0.5078007830046403,-0.6298000037255774,1.9845078999435277,-0.5896684618314822,1.7366819677269967,-0.5788898726408979,-0.5650320466312655
-0.1367844343375988,-1.6411976824649464,0.01298239926782539,0.6401101032188468,1.0090408669826858,-0.4250147577130797,-0.736220107210202,-0.6679308332270758,-0.5078007830046403,-0.6298000037255774,1.9845078999435277,-0.5896684618314822,1.7366819677269967,-0.5788898726408979,-0.5650320466312655
-1.6725628037614586,-0.44858814966672356,1.1932005145246851,0.6401101032188468,1.0090408669826858,-0.4250147577130797,-0.736220107210202,-0.6679308332270758,1.9692762072618977,-0.6298000037255774,-0.5039032598602688,-0.5896684618314822,1.7366819677269967,-0.5788898726408979,-0.5650320466312655
1.398993935086261,-0.1623618617951501,-0.9311920929376625,0.6401101032188468,-0.9910401379383962,-0.4250147577130797,1.3582894438856787,-0.6679308332270758,-0.5078007830046403,1.5878056431954701,-0.5039032598602688,1.6958682119339528,-0.5758106657310548,-0.5788898726408979,-0.5650320466312655
-0.7377411875904135,-1.1164494880337283,-0.22306122378354656,1.3454655888594491,1.0090408669826858,-0.4250147577130797,-0.736220107210202,-0.6679308332270758,-0.5078007830046403,1.5878056431954701,-0.5039032598602688,-0.5896684618314822,-0.5758106657310548,1.7274442813069022,-0.5650320466312655
-1.0048330779249979,-0.5439969122905814,0.4850696453705693,-0.06524538242175558,1.0090408669826858,-0.4250147577130797,-0.736220107210202,1.497161008675925,-0.5078007830046403,-0.6298000037255774,-0.5039032598602688,1.6958682119339528,-0.5758106657310548,-0.5788898726408979,-0.5650320466312655
-0.5374222698394753,-0.40088376835479467,-0.22306122378354656,-1.4759563537029603,-0.9910401379383962,-0.4250147577130797,1.3582894438856787,-0.6679308332270758,-0.5078007830046403,1.5878056431954701,-0.5039032598602688,1.6958682119339528,-0.5758106657310548,-0.5788898726408979,-0.5650320466312655
0.9315831270007384,-0.30547500573093683,0.9571568914733132,-0.06524538242175558,1.0090408669826858,-0.4250147577130797,-0.736220107210202,1.497161008675925,-0.5078007830046403,-0.6298000037255774,-0.5039032598602688,-0.5896684618314822,-0.5758106657310548,1.7274442813069022,-0.5650320466312655
-1.6725628037614586,-1.307267013281444,-1.6393229620917782,-0.06524538242175558,-0.9910401379383962,-0.4250147577130797,1.3582894438856787,-0.6679308332270758,1.9692762072618977,-0.6298000037255774,-0.5039032598602688,-0.5896684618314822,1.7366819677269967,-0.5788898726408979,-0.5650320466312655
1.0651290721680307,-0.4962925309786525,0.9571568914733132,0.6401101032188468,-0.9910401379383962,2.352859475705742,-0.736220107210202,-0.6679308332270758,1.9692762072618977,-0.6298000037255774,-0.5039032598602688,-0.5896684618314822,-0.5758106657310548,1.7274442813069022,-0.5650320466312655
-0.1367844343375988,-0.782518818850226,-1.1672357159890343,0.6401101032188468,1.0090408669826858,-0.4250147577130797,-0.736220107210202,1.497161008675925,-0.5078007830046403,-0.6298000037255774,-0.5039032598602688,-0.5896684618314822,-0.5758106657310548,-0.5788898726408979,1.769811121266526
1.0651290721680307,-0.8779275814740838,1.1932005145246851,0.6401101032188468,1.0090408669826858,-0.4250147577130797,-0.736220107210202,-0.6679308332270758,-0.5078007830046403,-0.6298000037255774,1.9845078999435277,-0.5896684618314822,-0.5758106657310548,1.7274442813069022,-0.5650320466312655
-0.9380601053413518,1.2687695775627172,-0.22306122378354656,0.6401101032188468,-0.9910401379383962,-0.4250147577130797,1.3582894438856787,-0.6679308332270758,-0.5078007830046403,-0.6298000037255774,1.9845078999435277,-0.5896684618314822,1.7366819677269967,-0.5788898726408979,-0.5650320466312655
0.7312642092498002,0.6486126205076413,-1.6393229620917782,-0.06524538242175558,-0.9910401379383962,2.352859475705742,-0.736220107210202,-0.6679308332270758,-0.5078007830046403,1.5878056431954701,-0.5039032598602688,-0.5896684618314822,-0.5758106657310548,-0.5788898726408979,1.769811121266526
-0.6709682150067674,-0.30547500573093683,1.665287760627429,0.6401101032188468,1.0090408669826858,-0.4250147577130797,-0.736220107210202,-0.6679308332270758,-0.5078007830046403,-0.6298000037255774,1.9845078999435277,-0.5896684618314822,1.7366819677269967,-0.5788898726408979,-0.5650320466312655
-0.0032384891703066414,0.41009071394799684,-1.4032793390404064,1.3454655888594491,1.0090408669826858,-0.4250147577130797,-0.736220107210202,1.497161008675925,-0.5078007830046403,-0.6298000037255774,-0.5039032598602688,-0.5896684618314822,-0.5758106657310548,1.7274442813069022,-0.5650320466312655
1.398993935086261,0.028455663452565543,-0.6951484698862904,-1.4759563537029603,-0.9910401379383962,2.352859475705742,-0.736220107210202,-0.6679308332270758,-0.5078007830046403,1.5878056431954701,-0.5039032598602688,-0.5896684618314822,-0.5758106657310548,1.7274442813069022,-0.5650320466312655
-0.07001146175395272,-0.25777062441900794,-0.6951484698862904,1.3454655888594491,-0.9910401379383962,-0.4250147577130797,1.3582894438856787,1.497161008675925,-0.5078007830046403,-0.6298000037255774,-0.5039032598602688,-0.5896684618314822,-0.5758106657310548,1.7274442813069022,-0.5650320466312655
0.33062637374792375,-0.44858814966672356,-0.22306122378354656,0.6401101032188468,1.0090408669826858,-0.4250147577130797,-0.736220107210202,-0.6679308332270758,-0.5078007830046403,-0.6298000037255774,1.9845078999435277,-0.5896684618314822,-0.5758106657310548,-0.5788898726408979,1.769811121266526
-1.4722438860105203,-1.6411976824649464,-0.22306122378354656,-0.06524538242175558,1.0090408669826858,-0.4250147577130797,-0.736220107210202,-0.6679308332270758,-0.5078007830046403,1.5878056431954701,-0.5039032598602688,-0.5896684618314822,-0.5758106657310548,1.7274442813069022,-0.5650320466312655
-1.071606050508644,0.2669775700122101,0.24902602231919735,-1.4759563537029603,-0.9910401379383962,-0.4250147577130797,1.3582894438856787,1.497161008675925,-0.5078007830046403,-0.6298000037255774,-0.5039032598602688,-0.5896684618314822,1.7366819677269967,-0.5788898726408979,-0.5650320466312655
-1.6725628037614586,-0.019248717859363367,-0.9311920929376625,0.6401101032188468,1.0090408669826858,-0.4250147577130797,-0.736220107210202,-0.6679308332270758,1.9692762072618977,-0.6298000037255774,-0.5039032598602688,-0.5896684618314822,1.7366819677269967,-0.5788898726408979,-0.5650320466312655
0.7980371818334463,-0.734814437538297,1.665287760627429,-1.4759563537029603,-0.9910401379383962,2.352859475705742,-0.736220107210202,-0.6679308332270758,1.9692762072618977,-0.6298000037255774,-0.5039032598602688,1.6958682119339528,-0.5758106657310548,-0.5788898726408979,-0.5650320466312655
-0.9380601053413518,-0.6871100562263681,0.01298239926782539,-0.06524538242175558,1.0090408669826858,-0.4250147577130797,-0.736220107210202,-0.6679308332270758,-0.5078007830046403,1.5878056431954701,-0.5039032598602688,-0.5896684618314822,1.7366819677269967,-0.5788898726408979,-0.5650320466312655
0.06353448341333943,-0.8302232001621549,-0.6951484698862904,0.6401101032188468,1.0090408669826858,-0.4250147577130797,-0.736220107210202,1.497161008675925,-0.5078007830046403,-0.6298000037255774,-0.5039032598602688,-0.5896684618314822,1.7366819677269967,-0.5788898726408979,-0.5650320466312655
0.5309452914988619,0.7917257644434281,-0.6951484698862904,-0.770600868062358,1.0090408669826858,-0.4250147577130797,-0.736220107210202,-0.6679308332270758,1.9692762072618977,-0.6298000037255774,-0.5039032598602688,1.6958682119339528,-0.5758106657310548,-0.5788898726408979,-0.5650320466312655
-1.071606050508644,-0.019248717859363367,1.1932005145246851,-0.06524538242175558,-0.9910401379383962,2.352859475705742,-0.736220107210202,1.497161008675925,-0.5078007830046403,-0.6298000037255774,-0.5039032598602688,-0.5896684618314822,1.7366819677269967,-0.5788898726408979,-0.5650320466312655
0.9983560995843845,-0.5439969122905814,0.01298239926782539,-0.770600868062358,1.0090408669826858,-0.4250147577130797,-0.736220107210202,-0.6679308332270758,-0.5078007830046403,1.5878056431954701,-0.5039032598602688,-0.5896684618314822,-0.5758106657310548,-0.5788898726408979,1.769811121266526
0.597718264082508,-1.6889020637768752,-0.45910484683491853,1.3454655888594491,-0.9910401379383962,-0.4250147577130797,1.3582894438856787,-0.6679308332270758,1.9692762072618977,-0.6298000037255774,-0.5039032598602688,-0.5896684618314822,-0.5758106657310548,-0.5788898726408979,1.769811121266526
0.46417231891521593,0.2192731887002812,-0.22306122378354656,1.3454655888594491,1.0090408669826858,-0.4250147577130797,-0.736220107210202,-0.6679308332270758,-0.5078007830046403,1.5878056431954701,-0.5039032598602688,-0.5896684618314822,1.7366819677269967,-0.5788898726408979,-0.5650320466312655
0.1303074559969855,-0.30547500573093683,-0.45910484683491853,0.6401101032188468,1.0090408669826858,-0.4250147577130797,-0.736220107210202,-0.6679308332270758,-0.5078007830046403,1.5878056431954701,-0.5039032598602688,1.6958682119339528,-0.5758106657310548,-0.5788898726408979,-0.5650320466312655
0.9983560995843845,-0.6394056749144392,1.1932005145246851,1.3454655888594491,1.0090408669826858,-0.4250147577130797,-0.736220107210202,-0.6679308332270758,1.9692762072618977,-0.6298000037255774,-0.5039032598602688,-0.5896684618314822,-0.5758106657310548,-0.5788898726408979,1.769811121266526
0.2638534011642777,1.5072914841223617,0.7211132684219412,1.3454655888594491,1.0090408669826858,-0.4250147577130797,-0.736220107210202,1.497161008675925,-0.5078007830046403,-0.6298000037255774,-0.5039032598602688,1.6958682119339528,-0.5758106657310548,-0.5788898726408979,-0.5650320466312655
0.46417231891521593,1.2210651962507884,-1.4032793390404064,1.3454655888594491,1.0090408669826858,-0.4250147577130797,-0.736220107210202,-0.6679308332270758,1.9692762072618977,-0.6298000037255774,-0.5039032598602688,-0.5896684618314822,-0.5758106657310548,1.7274442813069022,-0.5650320466312655
-1.205151995675936,-1.1164494880337283,0.24902602231919735,-0.06524538242175558,1.0090408669826858,-0.4250147577130797,-0.736220107210202,-0.6679308332270758,1.9692762072618977,-0.6298000037255774,-0.5039032598602688,1.6958682119339528,-0.5758106657310548,-0.5788898726408979,-0.5650320466312655
-0.0032384891703066414,1.5549958654342908,0.24902602231919735,0.6401101032188468,1.0090408669826858,-0.4250147577130797,-0.736220107210202,-0.6679308332270758,-0.5078007830046403,-0.6298000037255774,1.9845078999435277,-0.5896684618314822,-0.5758106657310548,1.7274442813069022,-0.5650320466312655
0.06353448341333943,1.2210651962507884,-0.9311920929376625,0.6401101032188468,-0.9910401379383962,-0.4250147577130797,1.3582894438856787,1.497161008675925,-0.5078007830046403,-0.6298000037255774,-0.5039032598602688,-0.5896684618314822,-0.5758106657310548,1.7274442813069022,-0.5650320466312655
0.5309452914988619,-0.9256319627860127,-0.6951484698862904,-0.06524538242175558,1.0090408669826858,-0.4250147577130797,-0.736220107210202,-0.6679308332270758,-0.5078007830046403,1.5878056431954701,-0.5039032598602688,1.6958682119339528,-0.5758106657310548,-0.5788898726408979,-0.5650320466312655
0.06353448341333943,-1.1164494880337283,0.7211132684219412,0.6401101032188468,-0.9910401379383962,-0.4250147577130797,1.3582894438856787,-0.6679308332270758,-0.5078007830046403,-0.6298000037255774,1.9845078999435277,-0.5896684618314822,-0.5758106657310548,1.7274442813069022,-0.5650320466312655
1.332220962502615,1.6981090093700775,0.01298239926782539,0.6401101032188468,-0.9910401379383962,-0.4250147577130797,1.3582894438856787,-0.6679308332270758,1.9692762072618977,-0.6298000037255774,-0.5039032598602688,1.6958682119339528,-0.5758106657310548,-0.5788898726408979,-0.5650320466312655
0.46417231891521593,0.839430145755357,-0.6951484698862904,-0.770600868062358,-0.9910401379383962,2.352859475705742,-0.736220107210202,-0.6679308332270758,-0.5078007830046403,1.5878056431954701,-0.5039032598602688,-0.5896684618314822,1.7366819677269967,-0.5788898726408979,-0.5650320466312655
0.1970804285806316,1.3164739588746461,-0.6951484698862904,1.3454655888594491,1.0090408669826858,-0.4250147577130797,-0.736220107210202,-0.6679308332270758,-0.5078007830046403,1.5878056431954701,-0.5039032598602688,-0.5896684618314822,-0.5758106657310548,-0.5788898726408979,1.769811121266526
-0.8045141601740596,0.45779509525992573,-1.6393229620917782,1.3454655888594491,1.0090408669826858,-0.4250147577130797,-0.736220107210202,-0.6679308332270758,-0.5078007830046403,1.5878056431954701,-0.5039032598602688,1.6958682119339528,-0.5758106657310548,-0.5788898726408979,-0.5650320466312655
-0.7377411875904135,1.364178340186575,0.9571568914733132,0.6401101032188468,-0.9910401379383962,-0.4250147577130797,1.3582894438856787,1.497161008675925,-0.5078007830046403,-0.6298000037255774,-0.5039032598602688,1.6958682119339528,-0.5758106657310548,-0.5788898726408979,-0.5650320466312655
1.5993128528371992,1.6504046280581486,-1.4032793390404064,1.3454655888594491,1.0090408669826858,-0.4250147577130797,-0.736220107210202,-0.6679308332270758,1.9692762072618977,-0.6298000037255774,-0.5039032598602688,-0.5896684618314822,-0.5758106657310548,1.7274442813069022,-0.5650320466312655
-0.8045141601740596,-0.40088376835479467,1.4292441375760572,0.6401101032188468,1.0090408669826858,-0.4250147577130797,-0.736220107210202,1.497161008675925,-0.5078007830046403,-0.6298000037255774,-0.5039032598602688,-0.5896684618314822,-0.5758106657310548,-0.5788898726408979,1.769811121266526
-1.0048330779249979,0.7440213831314992,1.665287760627429,-1.4759563537029603,-0.9910401379383962,-0.4250147577130797,1.3582894438856787,1.497161008675925,-0.5078007830046403,-0.6298000037255774,-0.5039032598602688,-0.5896684618314822,1.7366819677269967,-0.5788898726408979,-0.5650320466312655
1.6660858254208453,1.1733608149388595,-0.6951484698862904,1.3454655888594491,-0.9910401379383962,-0.4250147577130797,1.3582894438856787,-0.6679308332270758,-0.5078007830046403,-0.6298000037255774,1.9845078999435277,-0.5896684618314822,-0.5758106657310548,1.7274442813069022,-0.5650320466312655
1.5325398802535533,1.2687695775627172,0.24902602231919735,0.6401101032188468,1.0090408669826858,-0.4250147577130797,-0.736220107210202,-0.6679308332270758,-0.5078007830046403,1.5878056431954701,-0.5039032598602688,-0.5896684618314822,1.7366819677269967,-0.5788898726408979,-0.5650320466312655
0.8648101544170924,0.7917257644434281,-1.6393229620917782,-0.06524538242175558,-0.9910401379383962,-0.4250147577130797,1.3582894438856787,-0.6679308332270758,-0.5078007830046403,-0.6298000037255774,1.9845078999435277,-0.5896684618314822,1.7366819677269967,-0.5788898726408979,-0.5650320466312655
0.597718264082508,-1.307267013281444,-0.45910484683491853,-0.770600868062358,-0.9910401379383962,-0.4250147577130797,1.3582894438856787,-0.6679308332270758,-0.5078007830046403,-0.6298000037255774,1.9845078999435277,1.6958682119339528,-0.5758106657310548,-0.5788898726408979,-0.5650320466312655
0.5309452914988619,-0.6871100562263681,0.7211132684219412,1.3454655888594491,1.0090408669826858,-0.4250147577130797,-0.736220107210202,-0.6679308332270758,-0.5078007830046403,-0.6298000037255774,1.9845078999435277,-0.5896684618314822,-0.5758106657310548,-0.5788898726408979,1.769811121266526
1.2654479899189688,0.5532038578837836,0.01298239926782539,-0.06524538242175558,1.0090408669826858,-0.4250147577130797,-0.736220107210202,-0.6679308332270758,-0.5078007830046403,1.5878056431954701,-0.5039032598602688,-0.5896684618314822,-0.5758106657310548,-0.5788898726408979,1.769811121266526
-1.6057898311778125,0.45779509525992573,-0.45910484683491853,-0.06524538242175558,-0.9910401379383962,-0.4250147577130797,1.3582894438856787,-0.6679308332270758,1.9692762072618977,-0.6298000037255774,-0.5039032598602688,-0.5896684618314822,1.7366819677269967,-0.5788898726408979,-0.5650320466312655
-0.7377411875904135,-1.0210407254098706,-0.9311920929376625,-0.770600868062358,1.0090408669826858,-0.4250147577130797,-0.736220107210202,1.497161008675925,-0.5078007830046403,-0.6298000037255774,-0.5039032598602688,1.6958682119339528,-0.5758106657310548,-0.5788898726408979,-0.5650320466312655
1.5993128528371992,-1.2118582506575861,1.4292441375760572,0.6401101032188468,-0.9910401379383962,2.352859475705742,-0.736220107210202,-0.6679308332270758,-0.5078007830046403,-0.6298000037255774,1.9845078999435277,-0.5896684618314822,-0.5758106657310548,1.7274442813069022,-0.5650320466312655
0.8648101544170924,-1.2118582506575861,1.665287760627429,-0.06524538242175558,-0.9910401379383962,2.352859475705742,-0.736220107210202,-0.6679308332270758,-0.5078007830046403,1.5878056431954701,-0.5039032598602688,-0.5896684618314822,-0.5758106657310548,-0.5788898726408979,1.769811121266526
1.4657669076699071,0.5532038578837836,-1.4032793390404064,-0.770600868062358,-0.9910401379383962,2.352859475705742,-0.736220107210202,-0.6679308332270758,-0.5078007830046403,1.5878056431954701,-0.5039032598602688,-0.5896684618314822,1.7366819677269967,-0.5788898726408979,-0.5650320466312655
1.398993935086261,0.41009071394799684,-0.9311920929376625,1.3454655888594491,-0.9910401379383962,-0.4250147577130797,1.3582894438856787,-0.6679308332270758,-0.5078007830046403,1.5878056431954701,-0.5039032598602688,-0.5896684618314822,-0.5758106657310548,-0.5788898726408979,1.769811121266526
0.1970804285806316,0.3623863326360679,1.665287760627429,-0.06524538242175558,-0.9910401379383962,-0.4250147577130797,1.3582894438856787,-0.6679308332270758,-0.5078007830046403,1.5878056431954701,-0.5039032598602688,-0.5896684618314822,1.7366819677269967,-0.5788898726408979,-0.5650320466312655
1.4657669076699071,1.6504046280581486,-0.45910484683491853,-1.4759563537029603,1.0090408669826858,-0.4250147577130797,-0.736220107210202,-0.6679308332270758,-0.5078007830046403,1.5878056431954701,-0.5039032598602688,-0.5896684618314822,-0.5758106657310548,1.7274442813069022,-0.5650320466312655
0.597718264082508,0.45779509525992573,1.665287760627429,-0.06524538242175558,1.0090408669826858,-0.4250147577130797,-0.736220107210202,-0.6679308332270758,1.9692762072618977,-0.6298000037255774,-0.5039032598602688,-0.5896684618314822,-0.5758106657310548,1.7274442813069022,-0.5650320466312655
0.3973993463315698,1.364178340186575,0.9571568914733132,-0.770600868062358,1.0090408669826858,-0.4250147577130797,-0.736220107210202,1.497161008675925,-0.5078007830046403,-0.6298000037255774,-0.5039032598602688,-0.5896684618314822,1.7366819677269967,-0.5788898726408979,-0.5650320466312655
-1.205151995675936,-0.6394056749144392,0.7211132684219412,1.3454655888594491,-0.9910401379383962,2.352859475705742,-0.736220107210202,-0.6679308332270758,-0.5078007830046403,1.5878056431954701,-0.5039032598602688,-0.5896684618314822,1.7366819677269967,-0.5788898726408979,-0.5650320466312655
-0.6041952424231214,0.2669775700122101,-0.6951484698862904,-1.4759563537029603,1.0090408669826858,-0.4250147577130797,-0.736220107210202,1.497161008675925,-0.5078007830046403,-0.6298000037255774,-0.5039032598602688,-0.5896684618314822,1.7366819677269967,-0.5788898726408979,-0.5650320466312655
-1.4722438860105203,-0.44858814966672356,1.1932005145246851,1.3454655888594491,1.0090408669826858,-0.4250147577130797,-0.736220107210202,-0.6679308332270758,-0.5078007830046403,1.5878056431954701,-0.5039032598602688,-0.5896684618314822,-0.5758106657310548,-0.5788898726408979,1.769811121266526
-0.0032384891703066414,-0.8302232001621549,0.4850696453705693,0.6401101032188468,-0.9910401379383962,-0.4250147577130797,1.3582894438856787,-0.6679308332270758,-0.5078007830046403,1.5878056431954701,-0.5039032598602688,-0.5896684618314822,1.7366819677269967,-0.5788898726408979,-0.5650320466312655
-0.33710335208853703,1.5549958654342908,-1.1672357159890343,1.3454655888594491,-0.9910401379383962,-0.4250147577130797,1.3582894438856787,1.497161008675925,-0.5078007830046403,-0.6298000037255774,-0.5039032598602688,-0.5896684618314822,-0.5758106657310548,1.7274442813069022,-0.5650320466312655
0.2638534011642777,1.2687695775627172,0.01298239926782539,-0.770600868062358,-0.9910401379383962,-0.4250147577130797,1.3582894438856787,-0.6679308332270758,-0.5078007830046403,-0.6298000037255774,1.9845078999435277,-0.5896684618314822,1.7366819677269967,-0.5788898726408979,-0.5650320466312655
0.5309452914988619,-0.5917012936025103,-0.22306122378354656,0.6401101032188468,1.0090408669826858,-0.4250147577130797,-0.736220107210202,1.497161008675925,-0.5078007830046403,-0.6298000037255774,-0.5039032598602688,-0.5896684618314822,1.7366819677269967,-0.5788898726408979,-0.5650320466312655
-1.7393357763451047,1.4595871028104328,0.7211132684219412,-0.770600868062358,-0.9910401379383962,2.352859475705742,-0.736220107210202,-0.6679308332270758,1.9692762072618977,-0.6298000037255774,-0.5039032598602688,-0.5896684618314822,-0.5758106657310548,-0.5788898726408979,1.769811121266526
1.1319020447516768,1.5072914841223617,0.24902602231919735,0.6401101032188468,-0.9910401379383962,-0.4250147577130797,1.3582894438856787,1.497161008675925,-0.5078007830046403,-0.6298000037255774,-0.5039032598602688,1.6958682119339528,-0.5758106657310548,-0.5788898726408979,-0.5650320466312655
-1.6057898311778125,-1.3549713945933728,-0.9311920929376625,-0.770600868062358,1.0090408669826858,-0.4250147577130797,-0.736220107210202,1.497161008675925,-0.5078007830046403,-0.6298000037255774,-0.5039032598602688,1.6958682119339528,-0.5758106657310548,-0.5788898726408979,-0.5650320466312655
-1.071606050508644,-1.5457889198410886,0.4850696453705693,1.3454655888594491,1.0090408669826858,-0.4250147577130797,-0.736220107210202,-0.6679308332270758,-0.5078007830046403,1.5878056431954701,-0.5039032598602688,1.6958682119339528,-0.5758106657310548,-0.5788898726408979,-0.5650320466312655
0.7312642092498002,0.45779509525992573,1.4292441375760572,1.3454655888594491,1.0090408669826858,-0.4250147577130797,-0.736220107210202,1.497161008675925,-0.5078007830046403,-0.6298000037255774,-0.5039032598602688,-0.5896684618314822,-0.5758106657310548,1.7274442813069022,-0.5650320466312655
-1.6057898311778125,1.411882721498504,0.7211132684219412,-0.06524538242175558,-0.9910401379383962,2.352859475705742,-0.736220107210202,-0.6679308332270758,-0.5078007830046403,1.5878056431954701,-0.5039032598602688,-0.5896684618314822,1.7366819677269967,-0.5788898726408979,-0.5650320466312655
-1.0048330779249979,1.2687695775627172,0.01298239926782539,-0.06524538242175558,1.0090408669826858,-0.4250147577130797,-0.736220107210202,-0.6679308332270758,-0.5078007830046403,1.5878056431954701,-0.5039032598602688,1.6958682119339528,-0.5758106657310548,-0.5788898726408979,-0.5650320466312655
-0.07001146175395272,-1.4503801572172308,-0.6951484698862904,1.3454655888594491,1.0090408669826858,-0.4250147577130797,-0.736220107210202,-0.6679308332270758,-0.5078007830046403,1.5878056431954701,-0.5039032598602688,1.6958682119339528,-0.5758106657310548,-0.5788898726408979,-0.5650320466312655
0.8648101544170924,-1.259562631969515,0.7211132684219412,-0.770600868062358,-0.9910401379383962,-0.4250147577130797,1.3582894438856787,-0.6679308332270758,-0.5078007830046403,-0.6298000037255774,1.9845078999435277,-0.5896684618314822,1.7366819677269967,-0.5788898726408979,-0.5650320466312655
-1.4054709134268744,-1.4980845385291597,0.01298239926782539,1.3454655888594491,-0.9910401379383962,-0.4250147577130797,1.3582894438856787,-0.6679308332270758,-0.5078007830046403,-0.6298000037255774,1.9845078999435277,-0.5896684618314822,-0.5758106657310548,1.7274442813069022,-0.5650320466312655
-1.6057898311778125,0.7440213831314992,0.01298239926782539,1.3454655888594491,-0.9910401379383962,-0.4250147577130797,1.3582894438856787,-0.6679308332270758,-0.5078007830046403,1.5878056431954701,-0.5039032598602688,1.6958682119339528,-0.5758106657310548,-0.5788898726408979,-0.5650320466312655
-1.1383790230922899,1.1256564336269306,1.1932005145246851,1.3454655888594491,-0.9910401379383962,-0.4250147577130797,1.3582894438856787,-0.6679308332270758,-0.5078007830046403,1.5878056431954701,-0.5039032598602688,1.6958682119339528,-0.5758106657310548,-0.5788898726408979,-0.5650320466312655
0.6644912366661542,-1.5934933011530175,-1.4032793390404064,0.6401101032188468,-0.9910401379383962,-0.4250147577130797,1.3582894438856787,-0.6679308332270758,-0.5078007830046403,-0.6298000037255774,1.9845078999435277,-0.5896684618314822,-0.5758106657310548,1.7274442813069022,-0.5650320466312655
0.06353448341333943,0.9825432896911438,-0.22306122378354656,-0.770600868062358,1.0090408669826858,-0.4250147577130797,-0.736220107210202,1.497161008675925,-0.5078007830046403,-0.6298000037255774,-0.5039032598602688,1.6958682119339528,-0.5758106657310548,-0.5788898726408979,-0.5650320466312655
-1.205151995675936,-0.019248717859363367,1.4292441375760572,1.3454655888594491,1.0090408669826858,-0.4250147577130797,-0.736220107210202,-0.6679308332270758,-0.5078007830046403,-0.6298000037255774,1.9845078999435277,-0.5896684618314822,1.7366819677269967,-0.5788898726408979,-0.5650320466312655
1.1986750173353227,0.9825432896911438,0.7211132684219412,-0.06524538242175558,1.0090408669826858,-0.4250147577130797,-0.736220107210202,-0.6679308332270758,1.9692762072618977,-0.6298000037255774,-0.5039032598602688,-0.5896684618314822,1.7366819677269967,-0.5788898726408979,-0.5650320466312655
0.597718264082508,1.5549958654342908,0.9571568914733132,-1.4759563537029603,1.0090408669826858,-0.4250147577130797,-0.736220107210202,-0.6679308332270758,-0.5078007830046403,1.5878056431954701,-0.5039032598602688,1.6958682119339528,-0.5758106657310548,-0.5788898726408979,-0.5650320466312655
-1.6725628037614586,-1.402675775905302,-0.9311920929376625,0.6401101032188468,1.0090408669826858,-0.4250147577130797,-0.736220107210202,1.497161008675925,-0.5078007830046403,-0.6298000037255774,-0.5039032598602688,-0.5896684618314822,-0.5758106657310548,1.7274442813069022,-0.5650320466312655
1.0651290721680307,-0.4962925309786525,-1.6393229620917782,-1.4759563537029603,1.0090408669826858,-0.4250147577130797,-0.736220107210202,-0.6679308332270758,1.9692762072618977,-0.6298000037255774,-0.5039032598602688,1.6958682119339528,-0.5758106657310548,-0.5788898726408979,-0.5650320466312655
-0.4038763246721831,-1.3549713945933728,0.9571568914733132,-0.770600868062358,1.0090408669826858,-0.4250147577130797,-0.736220107210202,1.497161008675925,-0.5078007830046403,-0.6298000037255774,-0.5039032598602688,-0.5896684618314822,1.7366819677269967,-0.5788898726408979,-0.5650320466312655
-0.8045141601740596,-0.9256319627860127,-0.9311920929376625,0.6401101032188468,-0.9910401379383962,-0.4250147577130797,1.3582894438856787,-0.6679308332270758,1.9692762072618977,-0.6298000037255774,-0.5039032598602688,-0.5896684618314822,-0.5758106657310548,-0.5788898726408979,1.769811121266526
0.06353448341333943,1.0302476710030728,0.7211132684219412,-0.06524538242175558,1.0090408669826858,-0.4250147577130797,-0.736220107210202,-0.6679308332270758,1.9692762072618977,-0.6298000037255774,-0.5039032598602688,-0.5896684618314822,-0.5758106657310548,-0.5788898726408979,1.769811121266526
-1.0048330779249979,-1.259562631969515,0.01298239926782539,1.3454655888594491,1.0090408669826858,-0.4250147577130797,-0.736220107210202,-0.6679308332270758,1.9692762072618977,-0.6298000037255774,-0.5039032598602688,-0.5896684618314822,1.7366819677269967,-0.5788898726408979,-0.5650320466312655
-0.33710335208853703,-1.1641538693456572,0.01298239926782539,-1.4759563537029603,1.0090408669826858,-0.4250147577130797,-0.736220107210202,1.497161008675925,-0.5078007830046403,-0.6298000037255774,-0.5039032598602688,-0.5896684618314822,1.7366819677269967,-0.5788898726408979,-0.5650320466312655
0.7980371818334463,1.5072914841223617,-1.1672357159890343,-0.770600868062358,-0.9910401379383962,-0.4250147577130797,1.3582894438856787,-0.6679308332270758,-0.5078007830046403,1.5878056431954701,-0.5039032598602688,-0.5896684618314822,1.7366819677269967,-0.5788898726408979,-0.5650320466312655
1.0651290721680307,0.8871345270672859,0.9571568914733132,-1.4759563537029603,1.0090408669826858,-0.4250147577130797,-0.736220107210202,-0.6679308332270758,1.9692762072618977,-0.6298000037255774,-0.5039032598602688,1.6958682119339528,-0.5758106657310548,-0.5788898726408979,-0.5650320466312655
1.5993128528371992,1.0779520523150017,1.665287760627429,-1.4759563537029603,-0.9910401379383962,-0.4250147577130797,1.3582894438856787,1.497161008675925,-0.5078007830046403,-0.6298000037255774,-0.5039032598602688,1.6958682119339528,-0.5758106657310548,-0.5788898726408979,-0.5650320466312655
1.1986750173353227,-0.019248717859363367,0.9571568914733132,1.3454655888594491,-0.9910401379383962,2.352859475705742,-0.736220107210202,1.497161008675925,-0.5078007830046403,-0.6298000037255774,-0.5039032598602688,-0.5896684618314822,-0.5758106657310548,1.7274442813069022,-0.5650320466312655
1.5993128528371992,-1.6411976824649464,0.01298239926782539,-0.770600868062358,-0.9910401379383962,-0.4250147577130797,1.3582894438856787,-0.6679308332270758,1.9692762072618977,-0.6298000037255774,-0.5039032598602688,1.6958682119339528,-0.5758106657310548,-0.5788898726408979,-0.5650320466312655
-1.4722438860105203,1.2210651962507884,1.665287760627429,1.3454655888594491,-0.9910401379383962,2.352859475705742,-0.736220107210202,1.497161008675925,-0.5078007830046403,-0.6298000037255774,-0.5039032598602688,-0.5896684618314822,1.7366819677269967,-0.5788898726408979,-0.5650320466312655
-0.6709682150067674,-0.782518818850226,1.1932005145246851,-0.06524538242175558,-0.9910401379383962,2.352859475705742,-0.736220107210202,1.497161008675925,-0.5078007830046403,-0.6298000037255774,-0.5039032598602688,-0.5896684618314822,-0.5758106657310548,-0.5788898726408979,1.769811121266526
-1.1383790230922899,0.2192731887002812,-0.6951484698862904,0.6401101032188468,-0.9910401379383962,-0.4250147577130797,1.3582894438856787,1.497161008675925,-0.5078007830046403,-0.6298000037255774,-0.5039032598602688,-0.5896684618314822,-0.5758106657310548,-0.5788898726408979,1.769811121266526
0.1303074559969855,-1.259562631969515,-0.6951484698862904,0.6401101032188468,1.0090408669826858,-0.4250147577130797,-0.736220107210202,-0.6679308332270758,-0.5078007830046403,1.5878056431954701,-0.5039032598602688,-0.5896684618314822,-0.5758106657310548,1.7274442813069022,-0.5650320466312655
0.6644912366661542,-1.3549713945933728,0.7211132684219412,1.3454655888594491,-0.9910401379383962,-0.4250147577130797,1.3582894438856787,1.497161008675925,-0.5078007830046403,-0.6298000037255774,-0.5039032598602688,1.6958682119339528,-0.5758106657310548,-0.5788898726408979,-0.5650320466312655
-0.1367844343375988,-0.5917012936025103,1.4292441375760572,-1.4759563537029603,-0.9910401379383962,2.352859475705742,-0.736220107210202,-0.6679308332270758,-0.5078007830046403,1.5878056431954701,-0.5039032598602688,-0.5896684618314822,-0.5758106657310548,1.7274442813069022,-0.5650320466312655
1.0651290721680307,0.314681951324139,1.665287760627429,-0.770600868062358,-0.9910401379383962,-0.4250147577130797,1.3582894438856787,1.497161008675925,-0.5078007830046403,-0.6298000037255774,-0.5039032598602688,-0.5896684618314822,-0.5758106657310548,1.7274442813069022,-0.5650320466312655
0.9315831270007384,-0.44858814966672356,-0.45910484683491853,1.3454655888594491,-0.9910401379383962,-0.4250147577130797,1.3582894438856787,1.497161008675925,-0.5078007830046403,-0.6298000037255774,-0.5039032598602688,1.6958682119339528,-0.5758106657310548,-0.5788898726408979,-0.5650320466312655
0.5309452914988619,0.7440213831314992,-0.6951484698862904,1.3454655888594491,-0.9910401379383962,-0.4250147577130797,1.3582894438856787,-0.6679308332270758,-0.5078007830046403,1.5878056431954701,-0.5039032598602688,-0.5896684618314822,-0.5758106657310548,-0.5788898726408979,1.769811121266526
-1.1383790230922899,-0.11465748048322119,1.4292441375760572,-1.4759563537029603,-0.9910401379383962,2.352859475705742,-0.736220107210202,-0.6679308332270758,-0.5078007830046403,-0.6298000037255774,1.9845078999435277,1.6958682119339528,-0.5758106657310548,-0.5788898726408979,-0.5650320466312655
